doc_id,doc_type,text
DOC-0001,intake_form,"VISITOR LOG
All visitors must sign in at reception and wear a badge at all times. Parking is available in Lot B."
DOC-0002,intake_form,"VISITOR LOG
All visitors must sign in at reception and wear a badge at all times. Parking is available in Lot B."
DOC-0003,intake_form,"PATIENT INTAKE FORM
Name: Mark Nguyen
SSN: 716-64-5574
Address: 3628 Pine Ln, Franklin, TN 54118
Phone: (304) 294-6224
Email: daniel.thompson@postbox.io
Emergency contact: Robert Robinson ((749) 327-6201)"
DOC-0004,intake_form,"PATIENT INTAKE FORM
Name: Lisa Thompson
DOB: 11/09/1966
SSN: 701-92-1169
Email: emily.anderson@postbox.io
Emergency contact: Patricia Anderson (232-523-6572)"
DOC-0005,intake_form,"NEW PATIENT REGISTRATION
Full name: Joseph Rodriguez
Date of birth: August 3, 2005
Social Security: 883-24-2504
Home address: 9872 Maple Rd, Madison, WI 18326
Preferred contact: matthew.harris@example-health.org, (457) 766-0188"
DOC-0006,email,"Hi team,


Thanks,"
DOC-0007,medical_record,"Patient: Donald Scott (DOB May 17, 1961)"
DOC-0008,intake_form,"PATIENT INTAKE FORM
Name: John Brown
DOB: February 2, 1969
SSN: 073-75-3899
Address: 3611 Pine Ln, Salem, OR 80678
Phone: 335-940-9355
Email: jessica.walker@gmail.com
Emergency contact: Michael Ramirez (562-633-6735)"
DOC-0009,email,"Reminder: your appointment is confirmed for next Tuesday. We have your contact as (763) 300-0828 and jennifer.thomas@hotmail.com.

- Donald Wilson, Front Desk"
DOC-0010,medical_record,"Lab results for Ashley Martinez (May 7, 1964):"
DOC-0011,invoice,"INVOICE INV-2024-265409
Date: 08/27/2024
Bill to: Michelle Garcia
9361 Washington Ave, Milton, FL 78522
Card charged: 5435 3462 4751 0791
Amount: $4,353.01"
DOC-0012,invoice,"INVOICE INV-2024-710805
Date: 09/05/2025
Bill to: Emily Martinez
3551 Pine Ln, Clinton, NY 54942
Card charged: 3487401640052428
Amount: $362.39"
DOC-0013,email,"Hi Daniel Scott,


Best,
David Lopez
Customer Support"
DOC-0014,email,"Subject: System maintenance

The portal will be down for maintenance on Sunday from 2am to 4am. No action required."
DOC-0015,medical_record,"DISCHARGE SUMMARY
Patient name: John Moore
Primary diagnosis: atrial fibrillation
Secondary: Type 2 diabetes mellitus"
DOC-0016,intake_form,"PATIENT INTAKE FORM
Name: Lisa Ramirez
DOB: 11/11/1948
SSN: 681-25-4920
Address: 6792 Hillcrest Blvd, Clinton, NY 52753
Phone: (612) 913-4844
Email: richard.clark@citymail.net
Emergency contact: Barbara Flores ((782) 508-6653)"
DOC-0017,medical_record,"Diagnosis: rheumatoid arthritis
Notes: Patient reports symptoms consistent with rheumatoid arthritis. Prescribed standard course of treatment. Follow-up in 30 days. Contact: 686-825-1193"
DOC-0018,invoice,"Receipt INV-2025-266889 (12/28/2025)
Customer: Joseph Lopez
Payment method: card ending 5798
Full card on file: 8708-3172-7889-5798
Total: $2,143.96
Account: ACCT-68991"
DOC-0019,intake_form,"NEW PATIENT REGISTRATION
Full name: Jessica Moore
Date of birth: 02/23/1996
Social Security: 279-52-5238
Home address: 2368 Hillcrest Blvd, Riverside, CA 29769
Preferred contact: joseph.harris@citymail.net, 419-265-6797"
DOC-0020,email,"Subject: System maintenance

The portal will be down for maintenance on Sunday from 2am to 4am. No action required."
DOC-0021,invoice,"Receipt INV-2025-290556 (01/09/2025)
Customer: Margaret Young
Payment method: card ending 9013
Full card on file: 0656 2729 8069 9013
Total: $1,753.58
Account: ACCT-52906"
DOC-0022,medical_record,"DISCHARGE SUMMARY
Patient name: Thomas Garcia
DOB: 01/24/2000
Primary diagnosis: osteoporosis
Secondary: rheumatoid arthritis
Patient advised to contact John Williams at (972) 231-4051 with concerns."
DOC-0023,invoice,"INVOICE INV-2025-841666
Date: 03/14/2023
Bill to: Karen Miller
5212 Park Ln, Springfield, IL 85470
Card charged: 6631 9314 9190 5865
Amount: $2,232.78
Questions? Contact billing at steven.perez@postbox.io or 701-308-7102."
DOC-0024,medical_record,"Patient: Jennifer Moore (DOB 04/25/1997)
Diagnosis: anxiety disorder"
DOC-0025,invoice,"INVOICE INV-2025-682144
Date: 04/23/2025
Total due: $4,040.57
Payment terms: net 30. Thank you for your business."
DOC-0026,medical_record,"STAFF MEMO
Hand hygiene audits will be conducted next week on all wards. Please ensure dispensers are stocked."
DOC-0027,email,"Hi team,


Thanks,
Paul Lopez"
DOC-0028,email,"Hi Paul Rodriguez,

Thanks for contacting support. I have updated the phone number on your account to 480-246-0893. Please confirm the change by replying to this email.

Best,
Customer Support"
DOC-0029,invoice,"INVOICE INV-2023-377501
Date: 11/03/2023
Bill to: Betty Young
Amount: $1,443.70
Questions? Contact billing at margaret.martin73@gmail.com or (824) 957-1625."
DOC-0030,email,"Hi team,

Please add Sandra Jones (joseph.taylor81@citymail.net) to the distribution list. Their direct line is (402) 635-1880.

Thanks,
Elizabeth Moore"
DOC-0031,intake_form,"NEW PATIENT REGISTRATION
Full name: Mark Garcia
Date of birth: 07/24/1945
Social Security: 257-13-1496"
DOC-0032,intake_form,"NEW PATIENT REGISTRATION
Full name: Emily Williams
Social Security: 119-61-8431
Home address: 7670 Main St, Ashland, KY 64165
Preferred contact: patricia.gonzalez@example-health.org, (974) 710-7242"
DOC-0033,email,"Subject: Password reset request

Hello Linda Robinson,

We received a reset request for the account linda.martinez64@outlook.com. If this was you, use the link below. Otherwise call us at 721-922-4479.

Security Team"
DOC-0034,invoice,"Receipt INV-2023-831380 (04/19/2025)
Customer: Nancy Allen
Payment method: card ending 5886
Full card on file: 4044-9972-7875-5886
Total: $3,385.05
Account: ACCT-40613"
DOC-0035,intake_form,"NEW PATIENT REGISTRATION
Full name: Matthew Martinez
Date of birth: 01/05/2003
Social Security: 605-52-1644
Home address: 8718 Lake Rd, Riverside, CA 69890
Preferred contact: james.martinez53@yahoo.com, 276-680-4342"
DOC-0036,intake_form,"NEW PATIENT REGISTRATION
Full name: Joseph Garcia
Date of birth: 02/25/1995
Home address: 575 Maple Rd, Clinton, NY 16028
Preferred contact: christopher.brown@outlook.com, 641-349-4000"
DOC-0037,email,"Hi team,

Please add Paul Hernandez (john.lewis45@outlook.com) to the distribution list. Their direct line is 854-634-4097.

Thanks,
Karen Gonzalez"
DOC-0038,invoice,"Receipt INV-2024-867934 (03/03/2024)
Customer: James Torres
Payment method: card ending 1040
Full card on file: 0974395339421040
Total: $3,423.22
Account: ACCT-52823"
DOC-0039,medical_record,"DISCHARGE SUMMARY
Patient name: Kimberly Allen
DOB: March 9, 1974
Primary diagnosis: psoriasis
Secondary: COPD
Patient advised to contact Nancy Davis at (679) 277-2306 with concerns."
DOC-0040,medical_record,Diagnosis: rheumatoid arthritis
DOC-0041,intake_form,"NEW PATIENT REGISTRATION
Full name: Donna Martinez
Date of birth: November 4, 1993
Social Security: 631-62-4583
Preferred contact: mark.thomas@citymail.net, (576) 757-5876"
DOC-0042,medical_record,"Lab results for Susan Nguyen (April 11, 1967):
Findings support a diagnosis of Type 2 diabetes mellitus. Ordering physician notified via sarah.martinez17@outlook.com."
DOC-0043,email,"Subject: System maintenance

The portal will be down for maintenance on Sunday from 2am to 4am. No action required."
DOC-0044,email,"Hi Kimberly Martin,

Thanks for contacting support. I have updated the phone number on your account to (669) 858-0510. Please confirm the change by replying to this email.

Best,
Customer Support"
DOC-0045,email,"Hi team,


Thanks,
Margaret Lewis"
DOC-0046,email,"Reminder: your appointment is confirmed for next Tuesday. We have your contact as (268) 293-1398 and margaret.miller96@outlook.com.

- William Scott, Front Desk"
DOC-0047,medical_record,"Lab results for Patricia Jackson (06/04/1979):
Findings support a diagnosis of chronic kidney disease. Ordering physician notified via elizabeth.walker@outlook.com."
DOC-0048,email,"Hi team,

Please add Mary Lopez (sarah.martin@gmail.com) to the distribution list. Their direct line is 385-346-9278.

Thanks,
John Martinez"
DOC-0049,medical_record,"Patient: Patricia Martinez (DOB 10/02/1960)
Diagnosis: migraine
Notes: Patient reports symptoms consistent with migraine. Prescribed standard course of treatment. Follow-up in 30 days. Contact: 653-877-6947"
DOC-0050,medical_record,"STAFF MEMO
Hand hygiene audits will be conducted next week on all wards. Please ensure dispensers are stocked."
DOC-0051,email,"Subject: System maintenance

The portal will be down for maintenance on Sunday from 2am to 4am. No action required."
DOC-0052,medical_record,"STAFF MEMO
Hand hygiene audits will be conducted next week on all wards. Please ensure dispensers are stocked."
DOC-0053,intake_form,"NEW PATIENT REGISTRATION
Full name: Linda Sanchez
Date of birth: June 6, 1942
Social Security: 633-68-5928
Home address: 1835 Oak Ave, Madison, WI 41891
Preferred contact: margaret.nguyen52@gmail.com, (605) 517-5562"
DOC-0054,email,"Hi team,

Reminder that the office will be closed next Monday for the public holiday. Please submit timesheets by Friday.

Thanks,
Facilities"
DOC-0055,medical_record,"DISCHARGE SUMMARY
Patient name: Andrew Flores
Primary diagnosis: asthma
Secondary: psoriasis
Patient advised to contact Mark Martin at 481-805-0920 with concerns."
DOC-0056,intake_form,"PATIENT INTAKE FORM
Name: Mark Torres
DOB: 06/20/1964
SSN: 155-17-7381
Address: 1482 Oak Ave, Fairview, OH 76132
Phone: (861) 376-0641
Email: mark.lewis68@example-health.org"
DOC-0057,email,"Hi team,

Please add Karen Sanchez (william.hill@outlook.com) to the distribution list. Their direct line is (772) 585-5381.

Thanks,
Kimberly Garcia"
DOC-0058,invoice,"Receipt INV-2023-565776 (10/10/2025)
Customer: Michael Allen
Payment method: card ending 2704
Full card on file: 8805929622292704
Total: $4,394.30
Account: ACCT-40671"
DOC-0059,medical_record,Patient: Lisa Torres (DOB 08/25/1996)
DOC-0060,invoice,"INVOICE INV-2025-745239
Date: 01/03/2022
Bill to: Sarah Lewis
7268 Hillcrest Blvd, Franklin, TN 22021
Card charged: 3750 6068 5361 5300
Amount: $1,786.19"
DOC-0061,email,"Hi Jessica Clark,


Best,
Linda Young
Customer Support"
DOC-0062,intake_form,"PATIENT INTAKE FORM
Name: Kimberly White
DOB: 09/18/1948
SSN: 520-80-0333
Phone: (596) 582-4155
Email: daniel.jones@citymail.net"
DOC-0063,medical_record,"DISCHARGE SUMMARY
Patient name: Karen Allen
DOB: 09/16/1990
Primary diagnosis: chronic kidney disease
Secondary: COPD
Patient advised to contact Daniel Brown at (871) 539-4476 with concerns."
DOC-0064,medical_record,"STAFF MEMO
Hand hygiene audits will be conducted next week on all wards. Please ensure dispensers are stocked."
DOC-0065,intake_form,"PATIENT INTAKE FORM
Name: Mark Thompson
DOB: January 24, 1997
SSN: 362-88-7126
Address: 1330 Pine Ln, Springfield, IL 97973
Phone: (852) 615-5952
Email: mary.martinez78@postbox.io
Emergency contact: Mark Williams (329-268-3866)"
DOC-0066,email,"Reminder: your appointment is confirmed for next Tuesday. We have your contact as (730) 596-9202 and thomas.taylor@yahoo.com.
"
DOC-0067,medical_record,"DISCHARGE SUMMARY
Patient name: Daniel Jones
DOB: 05/28/1977
Secondary: osteoporosis
Patient advised to contact Steven Anderson at (324) 405-2275 with concerns."
DOC-0068,intake_form,"PATIENT INTAKE FORM
Name: William Lee
DOB: 08/15/1949
SSN: 353-26-9032
Phone: (714) 256-2034
Emergency contact: Joseph Thompson (731-490-1292)"
DOC-0069,intake_form,"PATIENT INTAKE FORM
Name: Mary Garcia
DOB: 11/25/1945
SSN: 668-36-9373
Address: 597 Washington Ave, Milton, FL 75278
Phone: 842-758-4745
Email: donald.thomas@outlook.com
Emergency contact: Sandra Jones (905-261-2589)"
DOC-0070,email,"Hi Sarah Lewis,

Thanks for contacting support. I have updated the phone number on your account to (453) 344-1586. Please confirm the change by replying to this email.

Best,
Charles Harris
Customer Support"
DOC-0071,intake_form,"NEW PATIENT REGISTRATION
Full name: Ashley Johnson
Date of birth: 07/17/1951
Social Security: 247-37-9557
Home address: 929 Elm St, Springfield, IL 46877"
DOC-0072,intake_form,"NEW PATIENT REGISTRATION
Full name: Michelle Flores
Date of birth: 03/04/1955
Social Security: 815-53-9139
Home address: 3362 Elm St, Franklin, TN 88966
Preferred contact: steven.sanchez@gmail.com, 239-340-5456"
DOC-0073,intake_form,"NEW PATIENT REGISTRATION
Full name: Donald Johnson
Social Security: 427-84-5040
Preferred contact: donna.torres30@gmail.com, 797-691-2793"
DOC-0074,medical_record,"Lab results for Patricia Rodriguez (September 11, 1966):
Findings support a diagnosis of psoriasis. Ordering physician notified via kimberly.harris@hotmail.com."
DOC-0075,invoice,"Receipt INV-2022-463188 (08/21/2024)
Customer: Susan Young
Payment method: card ending 2401
Full card on file: 5758441986652401
Total: $1,772.25
Account: ACCT-72793"
DOC-0076,email,"Hi team,

Please add William Miller (michelle.nguyen@gmail.com) to the distribution list. Their direct line is (885) 743-3697.

Thanks,"
DOC-0077,medical_record,"DISCHARGE SUMMARY
Patient name: Donald Gonzalez
DOB: 06/10/1976
Secondary: rheumatoid arthritis
Patient advised to contact Paul Williams at (379) 627-2880 with concerns."
DOC-0078,intake_form,"PATIENT INTAKE FORM
Name: Steven Robinson
DOB: 04/26/1974
SSN: 167-68-4215
Address: 5624 Maple Rd, Springfield, IL 48669
Phone: (781) 890-3164
Emergency contact: Jennifer Sanchez ((885) 297-3027)"
DOC-0079,email,"Subject: System maintenance

The portal will be down for maintenance on Sunday from 2am to 4am. No action required."
DOC-0080,intake_form,"PATIENT INTAKE FORM
Name: Donald Martinez
DOB: 12/20/1998
Address: 4155 Hillcrest Blvd, Georgetown, TX 99173
Phone: 972-810-1341
Email: kimberly.white10@gmail.com
Emergency contact: Patricia Scott ((717) 407-9383)"
DOC-0081,email,"Hi team,


Thanks,
John Wright"
DOC-0082,invoice,"Receipt INV-2025-657772 (07/27/2023)
Customer: Mark Harris
Payment method: card ending 0047
Total: $3,793.44
Account: ACCT-42441"
DOC-0083,email,"Hi Robert Clark,

Thanks for contacting support. I have updated the phone number on your account to (829) 984-0256. Please confirm the change by replying to this email.

Best,
Susan Jones
Customer Support"
DOC-0084,medical_record,"Patient: Steven Jackson (DOB 12/19/1969)
Diagnosis: atrial fibrillation
Notes: Patient reports symptoms consistent with atrial fibrillation. Prescribed standard course of treatment. Follow-up in 30 days. Contact: (442) 509-2347"
DOC-0085,medical_record,"DISCHARGE SUMMARY
Patient name: Anthony Clark
DOB: 05/13/1959
Primary diagnosis: psoriasis
Secondary: rheumatoid arthritis"
DOC-0086,medical_record,"DISCHARGE SUMMARY
Patient name: Matthew Hill
DOB: February 7, 1945
Primary diagnosis: chronic kidney disease
Secondary: psoriasis
Patient advised to contact Susan Perez at (510) 215-3470 with concerns."
DOC-0087,email,"Reminder: your appointment is confirmed for next Tuesday. We have your contact as 300-939-7692 and susan.white@gmail.com.

- Andrew Anderson, Front Desk"
DOC-0088,medical_record,"Lab results for Nancy Taylor (12/21/2002):
Findings support a diagnosis of gastroesophageal reflux disease. Ordering physician notified via david.thompson@citymail.net."
DOC-0089,intake_form,"PATIENT INTAKE FORM
Name: John Martinez
SSN: 062-89-7916
Address: 209 Lake Rd, Springfield, IL 79758
Phone: (764) 621-0194
Email: kimberly.moore@gmail.com
Emergency contact: Steven Ramirez ((383) 309-1578)"
DOC-0090,email,"Hi Jennifer Sanchez,

Thanks for contacting support. I have updated the phone number on your account to 588-586-9055. Please confirm the change by replying to this email.

Best,
Patricia Smith
Customer Support"
DOC-0091,invoice,"INVOICE INV-2022-202430
Date: 07/08/2022
Bill to: Susan Torres
863 Lake Rd, Clinton, NY 19744
Card charged: 4890-2503-9261-4299
Amount: $4,977.98
Questions? Contact billing at paul.perez50@yahoo.com or 905-941-1284."
DOC-0092,intake_form,"NEW PATIENT REGISTRATION
Full name: Ashley Anderson
Date of birth: 09/13/1985
Preferred contact: john.garcia@hotmail.com, 928-849-2527"
DOC-0093,intake_form,"VISITOR LOG
All visitors must sign in at reception and wear a badge at all times. Parking is available in Lot B."
DOC-0094,intake_form,"PATIENT INTAKE FORM
Name: Andrew King
DOB: 11/13/1961
SSN: 276-48-4397
Address: 1137 Lake Rd, Franklin, TN 31916
Phone: 645-482-6899
Email: donald.jones@yahoo.com
Emergency contact: Ashley Hill ((831) 400-7501)"
DOC-0095,medical_record,"Patient: Betty Lee (DOB 12/23/1977)
Diagnosis: rheumatoid arthritis
Notes: Patient reports symptoms consistent with rheumatoid arthritis. Prescribed standard course of treatment. Follow-up in 30 days. Contact: 533-585-4592"
DOC-0096,intake_form,"PATIENT INTAKE FORM
Name: Anthony Young
DOB: 11/10/1957
SSN: 676-29-6932
Email: paul.williams47@postbox.io
Emergency contact: Paul Hill ((853) 287-1791)"
DOC-0097,medical_record,"DISCHARGE SUMMARY
Patient name: Betty Robinson
DOB: March 12, 2004
Primary diagnosis: psoriasis
Secondary: major depressive disorder
Patient advised to contact Charles Clark at 287-318-2321 with concerns."
DOC-0098,medical_record,"STAFF MEMO
Hand hygiene audits will be conducted next week on all wards. Please ensure dispensers are stocked."
DOC-0099,email,"Reminder: your appointment is confirmed for next Tuesday. We have your contact as (437) 614-3022 and margaret.sanchez4@example-health.org.

- Richard Lewis, Front Desk"
DOC-0100,intake_form,"PATIENT INTAKE FORM
Name: Lisa Lee
DOB: 08/04/1965
SSN: 885-72-8646
Address: 6468 Elm St, Milton, FL 90125
Phone: 601-801-1871
Email: daniel.robinson@postbox.io
Emergency contact: Karen Flores (804-286-2194)"
DOC-0101,invoice,"INVOICE INV-2023-918665
Date: 08/19/2025
Bill to: Ashley Jackson
5255 Maple Rd, Franklin, TN 69113
Card charged: 9050 7236 8876 7679
Amount: $4,204.14
Questions? Contact billing at andrew.johnson@outlook.com or 233-481-3683."
DOC-0102,intake_form,"NEW PATIENT REGISTRATION
Full name: Paul Wilson
Date of birth: February 24, 1994
Social Security: 771-41-4877
Home address: 4406 Main St, Salem, OR 55688
Preferred contact: jennifer.lewis@yahoo.com, 955-802-5744"
DOC-0103,email,"Hi William Clark,

Thanks for contacting support. I have updated the phone number on your account to (260) 483-2078. Please confirm the change by replying to this email.

Best,
Jessica Martinez
Customer Support"
DOC-0104,email,"Hi team,

Reminder that the office will be closed next Monday for the public holiday. Please submit timesheets by Friday.

Thanks,
Facilities"
DOC-0105,intake_form,"PATIENT INTAKE FORM
Name: Sandra Thompson
DOB: 09/13/1948
SSN: 440-37-8105
Phone: 760-791-2139
Emergency contact: Sandra Johnson (327-361-7230)"
DOC-0106,email,"Subject: Password reset request

Hello Margaret Garcia,


Security Team"
DOC-0107,medical_record,"STAFF MEMO
Hand hygiene audits will be conducted next week on all wards. Please ensure dispensers are stocked."
DOC-0108,intake_form,"VISITOR LOG
All visitors must sign in at reception and wear a badge at all times. Parking is available in Lot B."
DOC-0109,email,"Hi team,

Reminder that the office will be closed next Monday for the public holiday. Please submit timesheets by Friday.

Thanks,
Facilities"
DOC-0110,email,"Hi team,


Thanks,
Jessica Young"
DOC-0111,intake_form,"PATIENT INTAKE FORM
Name: Donald Jones
DOB: 10/03/1942
SSN: 221-15-0990
Address: 4794 Washington Ave, Ashland, KY 92388
Phone: 929-713-6806
Email: betty.garcia82@example-health.org
Emergency contact: Michelle Martinez ((484) 285-5077)"
DOC-0112,email,"Hi Sandra Flores,

Thanks for contacting support. I have updated the phone number on your account to (823) 256-5067. Please confirm the change by replying to this email.

Best,
Linda Smith
Customer Support"
DOC-0113,email,"Subject: System maintenance

The portal will be down for maintenance on Sunday from 2am to 4am. No action required."
DOC-0114,email,"Hi Ashley Robinson,

Thanks for contacting support. I have updated the phone number on your account to 723-568-0908. Please confirm the change by replying to this email.

Best,
Customer Support"
DOC-0115,invoice,"INVOICE INV-2025-481657
Date: 07/05/2023
Total due: $4,549.91
Payment terms: net 30. Thank you for your business."
DOC-0116,medical_record,"DISCHARGE SUMMARY
Patient name: Jessica Clark
DOB: 05/27/1980
Secondary: major depressive disorder
Patient advised to contact Steven Brown at (383) 428-8450 with concerns."
DOC-0117,intake_form,"NEW PATIENT REGISTRATION
Full name: Richard Wright
Date of birth: March 1, 1971
Social Security: 025-39-8872
Home address: 5589 Elm St, Springfield, IL 10191"
DOC-0118,email,"Hi Donna Torres,

Thanks for contacting support. I have updated the phone number on your account to (263) 645-2141. Please confirm the change by replying to this email.

Best,
Charles Taylor
Customer Support"
DOC-0119,email,"Hi Elizabeth Miller,


Best,
Anthony Davis
Customer Support"
DOC-0120,email,"Hi Susan Lee,

Thanks for contacting support. I have updated the phone number on your account to 351-293-4066. Please confirm the change by replying to this email.

Best,
Betty Allen
Customer Support"
DOC-0121,email,"Hi team,

Reminder that the office will be closed next Monday for the public holiday. Please submit timesheets by Friday.

Thanks,
Facilities"
DOC-0122,email,"Hi Donna Nguyen,

Thanks for contacting support. I have updated the phone number on your account to (465) 276-0357. Please confirm the change by replying to this email.

Best,
Richard Lewis
Customer Support"
DOC-0123,medical_record,"DISCHARGE SUMMARY
Patient name: Margaret Lopez
Primary diagnosis: gastroesophageal reflux disease
Secondary: hyperlipidemia
Patient advised to contact Robert Flores at 834-831-4026 with concerns."
DOC-0124,medical_record,"DISCHARGE SUMMARY
Patient name: Daniel Walker
Primary diagnosis: anxiety disorder
Secondary: migraine
Patient advised to contact Barbara Johnson at (526) 811-3588 with concerns."
DOC-0125,email,"Subject: Password reset request

Hello Andrew Harris,


Security Team"
DOC-0126,email,"Hi Kimberly Walker,

Thanks for contacting support. I have updated the phone number on your account to (200) 539-3300. Please confirm the change by replying to this email.

Best,
Nancy Lopez
Customer Support"
DOC-0127,invoice,"INVOICE INV-2025-247475
Date: 06/24/2022
Bill to: Nancy Martin
Card charged: 7528-9539-2644-2209
Amount: $2,861.40"
DOC-0128,intake_form,"NEW PATIENT REGISTRATION
Full name: James Taylor
Date of birth: 04/23/1966
Home address: 7280 Main St, Madison, WI 65004"
DOC-0129,email,"Hi Nancy Hill,

Thanks for contacting support. I have updated the phone number on your account to 828-694-0507. Please confirm the change by replying to this email.

Best,
David Hill
Customer Support"
DOC-0130,medical_record,"DISCHARGE SUMMARY
Patient name: Karen Thomas
DOB: 01/13/1952
Secondary: hyperlipidemia
Patient advised to contact Patricia White at 203-637-1435 with concerns."
DOC-0131,email,"Reminder: your appointment is confirmed for next Tuesday. We have your contact as 389-579-6249 and barbara.lewis@hotmail.com.

- Sandra Taylor, Front Desk"
DOC-0132,intake_form,"PATIENT INTAKE FORM
Name: Emily Brown
DOB: September 14, 1989
SSN: 705-70-9383
Address: 4997 Cedar Blvd, Salem, OR 20348
Phone: (604) 931-0568
Email: linda.lewis@yahoo.com
Emergency contact: Richard Rodriguez (243-633-1283)"
DOC-0133,intake_form,"NEW PATIENT REGISTRATION
Full name: Linda Clark
Date of birth: 03/19/1959
Social Security: 778-22-1730
Home address: 4788 Park Ln, Riverside, CA 80206"
DOC-0134,email,"Hi team,

Please add Karen Martin (sarah.young90@gmail.com) to the distribution list. Their direct line is 433-337-4923.

Thanks,
Christopher Moore"
DOC-0135,medical_record,"Patient: John Martin (DOB July 5, 2004)
Diagnosis: Type 2 diabetes mellitus
Notes: Patient reports symptoms consistent with Type 2 diabetes mellitus. Prescribed standard course of treatment. Follow-up in 30 days. Contact: (377) 397-3288"
DOC-0136,email,"Subject: System maintenance

The portal will be down for maintenance on Sunday from 2am to 4am. No action required."
DOC-0137,email,"Hi team,

Please add Jennifer Jackson (mary.harris@postbox.io) to the distribution list. Their direct line is (785) 998-3511.

Thanks,
Joseph Wilson"
DOC-0138,email,"Hi team,

Please add Sarah Ramirez (matthew.thompson@yahoo.com) to the distribution list. Their direct line is 677-509-8530.

Thanks,
Donna Miller"
DOC-0139,email,"Hi team,

Please add Sarah Taylor (karen.gonzalez20@postbox.io) to the distribution list. Their direct line is 446-258-9830.

Thanks,
Christopher Rodriguez"
DOC-0140,medical_record,Findings support a diagnosis of coronary artery disease. Ordering physician notified via emily.lopez@hotmail.com.
DOC-0141,email,"Hi team,


Thanks,
Donald Gonzalez"
DOC-0142,intake_form,"NEW PATIENT REGISTRATION
Full name: Elizabeth Lee
Social Security: 182-50-0950
Home address: 4582 Main St, Salem, OR 37444"
DOC-0143,medical_record,"Lab results for James Thomas (12/12/1968):
Findings support a diagnosis of major depressive disorder. Ordering physician notified via matthew.allen@yahoo.com."
DOC-0144,email,"Reminder: your appointment is confirmed for next Tuesday. We have your contact as (567) 968-3087 and betty.johnson@citymail.net.

- William Wilson, Front Desk"
DOC-0145,intake_form,"VISITOR LOG
All visitors must sign in at reception and wear a badge at all times. Parking is available in Lot B."
DOC-0146,email,"Subject: Password reset request

Hello Susan Smith,

We received a reset request for the account karen.clark@citymail.net. If this was you, use the link below. Otherwise call us at (732) 476-9922.

Security Team"
DOC-0147,medical_record,"Patient: Daniel Clark (DOB 03/02/1977)
Diagnosis: chronic kidney disease"
DOC-0148,medical_record,"Lab results for Joseph Robinson (05/15/1977):
Findings support a diagnosis of coronary artery disease. Ordering physician notified via robert.jackson47@outlook.com."
DOC-0149,invoice,"INVOICE INV-2025-218423
Date: 07/15/2022
Bill to: Lisa Perez
6667 Maple Rd, Riverside, CA 62461
Card charged: 7467 6212 0216 9797
Amount: $2,163.83
Questions? Contact billing at michelle.harris46@gmail.com or 900-944-2140."
DOC-0150,intake_form,"NEW PATIENT REGISTRATION
Full name: Kimberly King
Date of birth: 07/22/1952
Home address: 995 Maple Rd, Ashland, KY 11526"
DOC-0151,intake_form,"NEW PATIENT REGISTRATION
Full name: Mary Miller
Date of birth: 07/02/1991
Home address: 8429 Park Ln, Clinton, NY 83706
Preferred contact: susan.robinson@postbox.io, 255-428-7445"
DOC-0152,intake_form,"PATIENT INTAKE FORM
Name: Robert Hernandez
DOB: 03/27/2003
SSN: 740-62-1752
Address: 3310 Pine Ln, Milton, FL 34581
Email: richard.perez@gmail.com"
DOC-0153,email,"Hi team,

Please add Steven Harris (anthony.hill@outlook.com) to the distribution list. Their direct line is 607-551-4819.

Thanks,
William Rodriguez"
DOC-0154,email,"Hi team,


Thanks,"
DOC-0155,email,"Subject: Password reset request

Hello Charles Taylor,

We received a reset request for the account elizabeth.brown@yahoo.com. If this was you, use the link below. Otherwise call us at 971-754-0529.

Security Team"
DOC-0156,medical_record,"Lab results for Patricia Harris (July 26, 1989):
Findings support a diagnosis of atrial fibrillation. Ordering physician notified via emily.brown2@outlook.com."
DOC-0157,medical_record,"DISCHARGE SUMMARY
Patient name: Barbara Jones
DOB: 03/24/1963
Primary diagnosis: anxiety disorder
Secondary: hypertension
Patient advised to contact Margaret Moore at (769) 470-2131 with concerns."
DOC-0158,medical_record,"Patient: Christopher King (DOB 03/17/1968)
Diagnosis: coronary artery disease
Notes: Patient reports symptoms consistent with coronary artery disease. Prescribed standard course of treatment. Follow-up in 30 days. Contact: 625-756-8798"
DOC-0159,invoice,"INVOICE INV-2022-321020
Date: 11/21/2023
Bill to: Linda Thompson
4095 Lake Rd, Georgetown, TX 15226
Card charged: 5616484085887702
Amount: $3,495.13
Questions? Contact billing at richard.lee@gmail.com or (371) 991-8814."
DOC-0160,intake_form,"PATIENT INTAKE FORM
Name: Elizabeth Johnson
SSN: 076-16-2916
Address: 1255 Pine Ln, Ashland, KY 85361
Phone: 433-464-6678
Email: mark.sanchez@gmail.com
Emergency contact: Matthew Davis ((747) 206-1036)"
DOC-0161,email,"Hi team,


Thanks,
Paul Scott"
DOC-0162,intake_form,"PATIENT INTAKE FORM
Name: Barbara Torres
DOB: 09/15/1946
SSN: 075-47-1103
Address: 3335 Pine Ln, Riverside, CA 86099
Phone: (698) 538-5851
Email: jessica.miller37@gmail.com
Emergency contact: Richard Lee (697-661-5379)"
DOC-0163,email,"Reminder: your appointment is confirmed for next Tuesday. We have your contact as 567-993-5004 and emily.miller23@example-health.org.

- Jennifer Moore, Front Desk"
DOC-0164,intake_form,"PATIENT INTAKE FORM
Name: Robert Scott
DOB: 09/18/1973
SSN: 795-29-5993
Phone: (337) 675-8210
Emergency contact: Jessica Flores ((900) 369-8423)"
DOC-0165,email,"Reminder: your appointment is confirmed for next Tuesday. We have your contact as (247) 240-5309 and kimberly.moore@example-health.org.

- Paul Torres, Front Desk"
DOC-0166,email,"Hi team,

Please add Ashley Walker (joshua.smith@hotmail.com) to the distribution list. Their direct line is 369-435-1263.

Thanks,
Susan Martinez"
DOC-0167,intake_form,"PATIENT INTAKE FORM
Name: Anthony Johnson
DOB: 01/05/1971
SSN: 165-27-8399
Address: 2507 Main St, Milton, FL 17328
Phone: 370-464-2949
Email: joshua.torres@citymail.net
Emergency contact: Charles Garcia (421-659-9937)"
DOC-0168,intake_form,"NEW PATIENT REGISTRATION
Full name: William Miller
Date of birth: April 17, 1942
Social Security: 517-97-6877
Home address: 1678 Maple Rd, Milton, FL 33255
Preferred contact: donald.flores@postbox.io, (744) 715-1925"
DOC-0169,intake_form,"NEW PATIENT REGISTRATION
Full name: Donna Torres
Social Security: 786-39-1373
Home address: 9009 Pine Ln, Milton, FL 63562
Preferred contact: thomas.gonzalez1@citymail.net, (207) 791-8561"
DOC-0170,email,"Reminder: your appointment is confirmed for next Tuesday. We have your contact as 973-408-6770 and barbara.white72@hotmail.com.

- Thomas Martin, Front Desk"
DOC-0171,invoice,"INVOICE INV-2024-939756
Date: 09/20/2022
Total due: $3,207.81
Payment terms: net 30. Thank you for your business."
DOC-0172,email,"Hi team,

Reminder that the office will be closed next Monday for the public holiday. Please submit timesheets by Friday.

Thanks,
Facilities"
DOC-0173,email,"Subject: System maintenance

The portal will be down for maintenance on Sunday from 2am to 4am. No action required."
DOC-0174,medical_record,"DISCHARGE SUMMARY
Patient name: James Gonzalez
DOB: April 2, 1976
Primary diagnosis: rheumatoid arthritis"
DOC-0175,medical_record,"DISCHARGE SUMMARY
Patient name: Daniel Moore
DOB: 10/07/1968
Primary diagnosis: anxiety disorder
Secondary: Type 2 diabetes mellitus
Patient advised to contact Thomas Lopez at (616) 718-1744 with concerns."
DOC-0176,invoice,"Receipt INV-2024-179721 (09/06/2025)
Customer: Donna Johnson
Payment method: card ending 0435
Full card on file: 7141-6335-6588-0435
Total: $2,916.27
Account: ACCT-51139"
DOC-0177,email,"Subject: Password reset request

Hello Ashley Gonzalez,

We received a reset request for the account jessica.thomas@yahoo.com. If this was you, use the link below. Otherwise call us at (407) 455-5833.

Security Team"
DOC-0178,medical_record,"DISCHARGE SUMMARY
Patient name: Ashley Torres
DOB: August 6, 1975
Primary diagnosis: migraine
Secondary: anxiety disorder"
DOC-0179,email,"Hi team,

Please add Lisa Flores (thomas.lopez@yahoo.com) to the distribution list. Their direct line is 475-682-5621.

Thanks,
Barbara Young"
DOC-0180,medical_record,"Lab results for Sarah Thomas (07/07/1995):
Findings support a diagnosis of hyperlipidemia. Ordering physician notified via donald.smith@hotmail.com."
DOC-0181,medical_record,"STAFF MEMO
Hand hygiene audits will be conducted next week on all wards. Please ensure dispensers are stocked."
DOC-0182,email,"Hi team,

Please add Daniel Johnson (anthony.davis45@example-health.org) to the distribution list. Their direct line is (403) 790-9435.

Thanks,"
DOC-0183,email,"Hi team,

Please add Anthony Flores (andrew.sanchez@yahoo.com) to the distribution list. Their direct line is 551-433-5136.

Thanks,"
DOC-0184,medical_record,"Lab results for Jennifer Wilson (07/04/1961):
Findings support a diagnosis of psoriasis. Ordering physician notified via emily.brown@example-health.org."
DOC-0185,email,"Subject: Password reset request

Hello Mary Williams,

We received a reset request for the account daniel.lee@postbox.io. If this was you, use the link below. Otherwise call us at 753-478-8987.

Security Team"
DOC-0186,email,"Subject: Password reset request

Hello Jennifer Lewis,


Security Team"
DOC-0187,email,"Hi Emily White,


Best,
Betty Thomas
Customer Support"
DOC-0188,intake_form,"NEW PATIENT REGISTRATION
Full name: Charles Wright
Home address: 7519 Oak Ave, Salem, OR 45669
Preferred contact: michelle.young@gmail.com, (355) 250-8764"
DOC-0189,intake_form,"PATIENT INTAKE FORM
Name: Nancy Garcia
DOB: January 9, 1958
SSN: 074-79-7702
Address: 4198 Maple Rd, Georgetown, TX 60014
Phone: 212-324-4078
Email: mark.thomas@yahoo.com
Emergency contact: Sandra Miller (733-881-3415)"
DOC-0190,email,"Subject: System maintenance

The portal will be down for maintenance on Sunday from 2am to 4am. No action required."
DOC-0191,medical_record,"STAFF MEMO
Hand hygiene audits will be conducted next week on all wards. Please ensure dispensers are stocked."
DOC-0192,intake_form,"NEW PATIENT REGISTRATION
Full name: Patricia Brown
Date of birth: 11/05/1985
Social Security: 812-23-2061
Home address: 5290 Lake Rd, Georgetown, TX 83184
Preferred contact: daniel.lewis@gmail.com, (905) 586-5868"
DOC-0193,email,"Subject: Password reset request

Hello John King,

We received a reset request for the account elizabeth.lewis@example-health.org. If this was you, use the link below. Otherwise call us at 575-664-0011.

Security Team"
DOC-0194,intake_form,"NEW PATIENT REGISTRATION
Full name: Emily Martinez
Date of birth: 06/14/1976
Home address: 2227 Oak Ave, Springfield, IL 33414
Preferred contact: robert.gonzalez@yahoo.com, 301-232-9355"
DOC-0195,invoice,"INVOICE INV-2024-685126
Date: 12/14/2024
Total due: $2,197.67
Payment terms: net 30. Thank you for your business."
DOC-0196,email,"Subject: System maintenance

The portal will be down for maintenance on Sunday from 2am to 4am. No action required."
DOC-0197,email,"Subject: Password reset request

Hello Andrew Lopez,

We received a reset request for the account emily.scott54@gmail.com. If this was you, use the link below. Otherwise call us at 984-853-9446.

Security Team"
DOC-0198,email,"Reminder: your appointment is confirmed for next Tuesday. We have your contact as 560-522-9012 and lisa.clark98@hotmail.com.

- Christopher Hill, Front Desk"
DOC-0199,email,"Hi team,

Please add Joshua Johnson (kimberly.rodriguez@outlook.com) to the distribution list. Their direct line is (427) 419-5159.

Thanks,
Sarah Scott"
DOC-0200,medical_record,"STAFF MEMO
Hand hygiene audits will be conducted next week on all wards. Please ensure dispensers are stocked."
DOC-0201,medical_record,"Lab results for Michael Hill (January 24, 1978):"
DOC-0202,intake_form,"PATIENT INTAKE FORM
Name: Christopher Allen
DOB: 03/02/1968
SSN: 403-67-9750
Address: 1576 Park Ln, Ashland, KY 39109
Phone: (642) 496-6460
Email: william.perez@example-health.org"
DOC-0203,medical_record,Findings support a diagnosis of atrial fibrillation. Ordering physician notified via daniel.hill@postbox.io.
DOC-0204,email,"Hi Linda Brown,

Thanks for contacting support. I have updated the phone number on your account to 448-835-2419. Please confirm the change by replying to this email.

Best,
James Perez
Customer Support"
DOC-0205,intake_form,"NEW PATIENT REGISTRATION
Full name: Michelle Martinez
Date of birth: July 19, 1942
Home address: 4754 Maple Rd, Springfield, IL 36305
Preferred contact: michelle.moore@citymail.net, 208-268-6367"
DOC-0206,email,"Reminder: your appointment is confirmed for next Tuesday. We have your contact as (774) 929-0352 and jessica.king@hotmail.com.

- Betty Hernandez, Front Desk"
DOC-0207,email,"Subject: System maintenance

The portal will be down for maintenance on Sunday from 2am to 4am. No action required."
DOC-0208,invoice,"INVOICE INV-2022-293079
Date: 06/27/2023
Bill to: Matthew King
6938 Park Ln, Georgetown, TX 41504
Card charged: 9264957823298321
Amount: $2,630.52
Questions? Contact billing at kimberly.rodriguez@citymail.net or (778) 361-5201."
DOC-0209,intake_form,"PATIENT INTAKE FORM
Name: Richard Miller
DOB: March 1, 1956
SSN: 627-88-4372
Address: 3884 Park Ln, Milton, FL 88166
Phone: 437-436-0427
Email: jennifer.walker18@postbox.io
Emergency contact: Joshua Walker ((929) 865-6126)"
DOC-0210,email,"Reminder: your appointment is confirmed for next Tuesday. We have your contact as 831-701-5323 and jessica.ramirez@example-health.org.

- Matthew Lee, Front Desk"
DOC-0211,invoice,"Receipt INV-2025-970206 (11/15/2022)
Customer: Robert Scott
Payment method: card ending 4902
Full card on file: 6803 4764 4726 4902
Total: $947.23
Account: ACCT-75622"
DOC-0212,invoice,"INVOICE INV-2023-251631
Date: 03/25/2022
Bill to: Betty Clark
509 Elm St, Salem, OR 33445
Card charged: 7937145211175188
Amount: $2,543.39
Questions? Contact billing at david.harris@gmail.com or (986) 374-5491."
DOC-0213,invoice,"INVOICE INV-2022-785010
Date: 06/02/2023
Bill to: Michelle Taylor
8254 Main St, Salem, OR 75358
Card charged: 8097339776719907
Amount: $4,755.77"
DOC-0214,email,"Subject: Password reset request

Hello Sandra Nguyen,

We received a reset request for the account lisa.williams@outlook.com. If this was you, use the link below. Otherwise call us at 577-588-1108.

Security Team"
DOC-0215,email,"Hi team,

Reminder that the office will be closed next Monday for the public holiday. Please submit timesheets by Friday.

Thanks,
Facilities"
DOC-0216,intake_form,"NEW PATIENT REGISTRATION
Full name: William Flores
Date of birth: 09/24/2003
Social Security: 505-33-9984
Home address: 3272 Cedar Blvd, Clinton, NY 10207
Preferred contact: linda.johnson60@postbox.io, 320-955-3396"
DOC-0217,email,"Hi team,


Thanks,
Robert Rodriguez"
DOC-0218,medical_record,"Patient: Susan Torres (DOB June 3, 1982)
Diagnosis: migraine
Notes: Patient reports symptoms consistent with migraine. Prescribed standard course of treatment. Follow-up in 30 days. Contact: (231) 547-6147"
DOC-0219,intake_form,"PATIENT INTAKE FORM
Name: Kimberly Martin
DOB: February 12, 1962
SSN: 798-35-1517
Phone: 712-357-3116
Emergency contact: Michael King ((892) 335-3361)"
DOC-0220,email,"Hi team,

Please add Susan Lee (richard.gonzalez@example-health.org) to the distribution list. Their direct line is (526) 991-7227.

Thanks,
Sarah Martinez"
DOC-0221,medical_record,"Patient: John Martin (DOB 09/15/1983)
Diagnosis: Type 2 diabetes mellitus
Notes: Patient reports symptoms consistent with Type 2 diabetes mellitus. Prescribed standard course of treatment. Follow-up in 30 days. Contact: (682) 891-0826"
DOC-0222,email,"Subject: Password reset request

Hello Paul Garcia,


Security Team"
DOC-0223,email,"Subject: Password reset request

Hello Nancy Lee,

We received a reset request for the account sandra.young@hotmail.com. If this was you, use the link below. Otherwise call us at 315-559-7842.

Security Team"
DOC-0224,email,"Hi team,

Please add Paul Robinson (betty.nguyen@example-health.org) to the distribution list. Their direct line is 449-761-2605.

Thanks,
Matthew Jones"
DOC-0225,email,"Reminder: your appointment is confirmed for next Tuesday. We have your contact as 317-806-9766 and christopher.scott@yahoo.com.
"
DOC-0226,medical_record,Lab results for James Martinez (08/18/1959):
DOC-0227,email,"Hi James Scott,

Thanks for contacting support. I have updated the phone number on your account to (567) 312-4623. Please confirm the change by replying to this email.

Best,
Jessica Ramirez
Customer Support"
DOC-0228,intake_form,"NEW PATIENT REGISTRATION
Full name: Lisa Clark
Date of birth: 05/28/1959
Social Security: 138-11-1175
Home address: 8075 Main St, Franklin, TN 96235
Preferred contact: margaret.rodriguez@citymail.net, 625-666-9902"
DOC-0229,intake_form,"NEW PATIENT REGISTRATION
Full name: Robert Williams
Date of birth: 12/12/2001
Social Security: 494-98-1311
Home address: 4679 Maple Rd, Ashland, KY 70940
Preferred contact: kimberly.garcia67@gmail.com, 451-683-1279"
DOC-0230,email,"Hi team,

Please add Andrew Taylor (patricia.walker@example-health.org) to the distribution list. Their direct line is (252) 872-4780.

Thanks,"
DOC-0231,email,"Subject: Password reset request

Hello Mark White,

We received a reset request for the account barbara.taylor@hotmail.com. If this was you, use the link below. Otherwise call us at 385-740-0542.

Security Team"
DOC-0232,medical_record,"Lab results for Daniel Brown (02/02/1973):
Findings support a diagnosis of anxiety disorder. Ordering physician notified via donald.martin61@postbox.io."
DOC-0233,medical_record,"DISCHARGE SUMMARY
Patient name: Kimberly Williams
DOB: 09/21/1952
Primary diagnosis: hypothyroidism
Secondary: migraine"
DOC-0234,medical_record,Patient: Anthony Miller (DOB 11/15/1953)
DOC-0235,email,"Subject: Password reset request

Hello Linda Lopez,

We received a reset request for the account thomas.jackson60@gmail.com. If this was you, use the link below. Otherwise call us at 854-664-4528.

Security Team"
DOC-0236,email,"Subject: Password reset request

Hello Mark Jones,


Security Team"
DOC-0237,medical_record,"Patient: Ashley Martinez (DOB 01/22/1940)
Diagnosis: hyperlipidemia
Notes: Patient reports symptoms consistent with hyperlipidemia. Prescribed standard course of treatment. Follow-up in 30 days. Contact: (916) 537-6411"
DOC-0238,email,"Hi team,

Please add Nancy Martin (betty.brown81@gmail.com) to the distribution list. Their direct line is (574) 747-5571.

Thanks,
Sandra Jackson"
DOC-0239,email,"Subject: System maintenance

The portal will be down for maintenance on Sunday from 2am to 4am. No action required."
DOC-0240,email,"Hi team,


Thanks,
Linda Wilson"
DOC-0241,invoice,"INVOICE INV-2022-280616
Date: 11/02/2024
Total due: $3,757.78
Payment terms: net 30. Thank you for your business."
DOC-0242,email,"Hi Linda Young,

Thanks for contacting support. I have updated the phone number on your account to (809) 830-3613. Please confirm the change by replying to this email.

Best,
Customer Support"
DOC-0243,medical_record,Diagnosis: hypothyroidism
DOC-0244,email,"Hi team,

Please add Anthony Walker (william.wilson19@outlook.com) to the distribution list. Their direct line is (735) 661-6750.

Thanks,
Barbara Flores"
DOC-0245,intake_form,"PATIENT INTAKE FORM
Name: Michelle White
DOB: April 15, 2004
Address: 1947 Main St, Georgetown, TX 29558
Phone: (901) 685-8151
Email: david.williams7@outlook.com
Emergency contact: Charles Wilson (645-457-5477)"
DOC-0246,invoice,"INVOICE INV-2024-243132
Date: 02/28/2025
Bill to: Christopher Anderson
6860 Oak Ave, Georgetown, TX 36208
Card charged: 6317970623972659
Amount: $3,446.21"
DOC-0247,medical_record,"Patient: Andrew Scott (DOB February 14, 1969)
Diagnosis: psoriasis
Notes: Patient reports symptoms consistent with psoriasis. Prescribed standard course of treatment. Follow-up in 30 days. Contact: 421-805-7757"
DOC-0248,email,"Hi Anthony Williams,


Best,
Margaret King
Customer Support"
DOC-0249,medical_record,"Diagnosis: Type 2 diabetes mellitus
Notes: Patient reports symptoms consistent with Type 2 diabetes mellitus. Prescribed standard course of treatment. Follow-up in 30 days. Contact: (691) 885-4994"
DOC-0250,invoice,"INVOICE INV-2023-451199
Date: 04/18/2022
Bill to: John Harris
636 Elm St, Ashland, KY 48874
Card charged: 6498931950850166
Amount: $3,939.94
Questions? Contact billing at robert.white@citymail.net or (772) 921-1097."
DOC-0251,medical_record,"DISCHARGE SUMMARY
Patient name: Sarah Allen
Primary diagnosis: osteoporosis
Secondary: gastroesophageal reflux disease"
DOC-0252,email,"
- Donald Thompson, Front Desk"
DOC-0253,medical_record,"DISCHARGE SUMMARY
Patient name: Anthony Nguyen
DOB: November 21, 1983
Primary diagnosis: psoriasis
Secondary: gastroesophageal reflux disease"
DOC-0254,email,"Subject: Password reset request

Hello David Thomas,

We received a reset request for the account linda.williams41@yahoo.com. If this was you, use the link below. Otherwise call us at (651) 466-6056.

Security Team"
DOC-0255,intake_form,"VISITOR LOG
All visitors must sign in at reception and wear a badge at all times. Parking is available in Lot B."
DOC-0256,intake_form,"NEW PATIENT REGISTRATION
Full name: Donald Jackson
Date of birth: October 24, 1958
Social Security: 453-53-1840
Home address: 2385 Lake Rd, Springfield, IL 98867"
DOC-0257,medical_record,"Lab results for Betty Gonzalez (06/20/2002):
Findings support a diagnosis of hypertension. Ordering physician notified via lisa.sanchez19@postbox.io."
DOC-0258,email,"
- Elizabeth Wilson, Front Desk"
DOC-0259,email,"
- Robert Martin, Front Desk"
DOC-0260,intake_form,"PATIENT INTAKE FORM
Name: Charles Clark
DOB: 08/23/1962
SSN: 030-25-4541
Address: 6028 Lake Rd, Riverside, CA 86161
Phone: 692-779-7144
Email: donald.davis48@citymail.net
Emergency contact: Andrew Johnson ((465) 366-9529)"
DOC-0261,intake_form,"PATIENT INTAKE FORM
Name: Michael Hill
DOB: September 11, 1961
SSN: 848-97-4932
Address: 1671 Pine Ln, Fairview, OH 80047
Phone: (793) 560-2354
Email: william.king@postbox.io"
DOC-0262,email,"Hi team,

Please add William Lewis (joshua.king@yahoo.com) to the distribution list. Their direct line is (926) 511-0471.

Thanks,"
DOC-0263,email,"Reminder: your appointment is confirmed for next Tuesday. We have your contact as (243) 401-1766 and steven.nguyen@gmail.com.

- Thomas Williams, Front Desk"
DOC-0264,medical_record,"STAFF MEMO
Hand hygiene audits will be conducted next week on all wards. Please ensure dispensers are stocked."
DOC-0265,intake_form,"VISITOR LOG
All visitors must sign in at reception and wear a badge at all times. Parking is available in Lot B."
DOC-0266,email,"Reminder: your appointment is confirmed for next Tuesday. We have your contact as (575) 914-9656 and mark.miller@hotmail.com.

- Margaret Wilson, Front Desk"
DOC-0267,email,"Hi Jennifer Lee,

Thanks for contacting support. I have updated the phone number on your account to 705-318-6304. Please confirm the change by replying to this email.

Best,
Sandra Hill
Customer Support"
DOC-0268,medical_record,"DISCHARGE SUMMARY
Patient name: Barbara Smith
Primary diagnosis: asthma
Secondary: major depressive disorder
Patient advised to contact Elizabeth Sanchez at (610) 911-9675 with concerns."
DOC-0269,intake_form,"NEW PATIENT REGISTRATION
Full name: Daniel Walker
Date of birth: 08/17/1991
Social Security: 788-68-1770
Home address: 8118 Oak Ave, Clinton, NY 75178
Preferred contact: joseph.rodriguez@citymail.net, (254) 269-8161"
DOC-0270,intake_form,"NEW PATIENT REGISTRATION
Full name: Ashley Allen
Social Security: 554-79-0289
Home address: 2052 Main St, Madison, WI 60283
Preferred contact: mark.lee@hotmail.com, 236-233-2897"
DOC-0271,intake_form,"PATIENT INTAKE FORM
Name: Betty Taylor
DOB: 10/13/2003
Address: 9775 Main St, Springfield, IL 15913
Phone: (331) 575-5715
Email: nancy.harris@outlook.com
Emergency contact: Daniel Clark ((559) 257-4001)"
DOC-0272,email,"Hi Christopher Harris,

Thanks for contacting support. I have updated the phone number on your account to (784) 599-5282. Please confirm the change by replying to this email.

Best,
Ashley Miller
Customer Support"
DOC-0273,intake_form,"PATIENT INTAKE FORM
Name: Paul Wilson
DOB: 05/02/1976
SSN: 588-61-3700
Address: 9574 Park Ln, Riverside, CA 22416
Phone: (806) 544-4478
Emergency contact: Daniel Jones (867-509-8268)"
DOC-0274,intake_form,"NEW PATIENT REGISTRATION
Full name: Sarah Wright
Date of birth: 10/24/1995
Home address: 4039 Lake Rd, Franklin, TN 29722
Preferred contact: karen.ramirez@postbox.io, 265-849-3335"
DOC-0275,intake_form,"NEW PATIENT REGISTRATION
Full name: Margaret Williams
Date of birth: 03/09/1965
Social Security: 265-45-9022
Home address: 8061 Maple Rd, Springfield, IL 12609
Preferred contact: patricia.garcia41@outlook.com, (265) 616-5954"
DOC-0276,invoice,"INVOICE INV-2024-598306
Date: 12/12/2024
Bill to: Jessica Hill
5496 Oak Ave, Fairview, OH 86588
Card charged: 6363212347649070
Amount: $4,982.04
Questions? Contact billing at linda.lee@hotmail.com or (899) 452-4550."
DOC-0277,medical_record,"Lab results for Matthew Martin (11/04/1986):
Findings support a diagnosis of rheumatoid arthritis. Ordering physician notified via mark.harris@outlook.com."
DOC-0278,medical_record,"Diagnosis: major depressive disorder
Notes: Patient reports symptoms consistent with major depressive disorder. Prescribed standard course of treatment. Follow-up in 30 days. Contact: (364) 915-4275"
DOC-0279,medical_record,"STAFF MEMO
Hand hygiene audits will be conducted next week on all wards. Please ensure dispensers are stocked."
DOC-0280,intake_form,"PATIENT INTAKE FORM
Name: Joshua Clark
DOB: August 16, 1980
SSN: 137-43-2842
Phone: (286) 624-6022
Email: betty.harris@gmail.com"
DOC-0281,intake_form,"NEW PATIENT REGISTRATION
Full name: Ashley Davis
Date of birth: 12/07/1968
Social Security: 884-44-4717
Home address: 2234 Lake Rd, Madison, WI 66532"
DOC-0282,intake_form,"NEW PATIENT REGISTRATION
Full name: Susan Harris
Date of birth: 12/20/1994
Social Security: 098-81-0962
Home address: 3948 Main St, Fairview, OH 71726
Preferred contact: daniel.hill86@citymail.net, 966-246-0087"
DOC-0283,email,"Reminder: your appointment is confirmed for next Tuesday. We have your contact as 345-466-1914 and robert.rodriguez@citymail.net.

- Lisa Ramirez, Front Desk"
DOC-0284,invoice,"INVOICE INV-2023-711893
Date: 01/17/2023
Bill to: Emily Lewis
2536 Main St, Georgetown, TX 17152
Card charged: 3207 4276 1707 5874
Amount: $649.31"
DOC-0285,medical_record,"DISCHARGE SUMMARY
Patient name: Lisa Nguyen
DOB: 06/05/1953
Primary diagnosis: gastroesophageal reflux disease
Secondary: psoriasis
Patient advised to contact Sandra Moore at 808-873-0095 with concerns."
DOC-0286,intake_form,"PATIENT INTAKE FORM
Name: Betty Taylor
DOB: April 25, 1962
SSN: 092-12-3411
Address: 6693 Maple Rd, Madison, WI 47347
Phone: (862) 970-2525
Email: karen.young56@postbox.io"
DOC-0287,email,"Subject: Password reset request

Hello Elizabeth Young,

We received a reset request for the account kimberly.king@hotmail.com. If this was you, use the link below. Otherwise call us at 647-281-7825.

Security Team"
DOC-0288,invoice,"Receipt INV-2024-429196 (10/24/2025)
Customer: Anthony Miller
Payment method: card ending 2608
Full card on file: 7945491801722608
Total: $3,705.79
Account: ACCT-97852"
DOC-0289,email,"Subject: Password reset request

Hello Susan Lopez,

We received a reset request for the account jennifer.hill34@gmail.com. If this was you, use the link below. Otherwise call us at (644) 747-0293.

Security Team"
DOC-0290,intake_form,"NEW PATIENT REGISTRATION
Full name: Betty Martin
Date of birth: 03/05/1951
Social Security: 115-12-3083
Home address: 7983 Main St, Georgetown, TX 95016"
DOC-0291,email,"Reminder: your appointment is confirmed for next Tuesday. We have your contact as (252) 541-0129 and margaret.clark64@example-health.org.

- Joshua Scott, Front Desk"
DOC-0292,medical_record,"Lab results for Patricia King (07/19/1942):
Findings support a diagnosis of asthma. Ordering physician notified via sarah.clark@hotmail.com."
DOC-0293,email,"Hi team,


Thanks,
David Flores"
DOC-0294,medical_record,"DISCHARGE SUMMARY
Patient name: Karen Thomas
DOB: September 2, 1966
Primary diagnosis: osteoporosis
Secondary: migraine
Patient advised to contact Daniel Hernandez at (378) 715-0523 with concerns."
DOC-0295,intake_form,"PATIENT INTAKE FORM
Name: Patricia Lewis
DOB: February 4, 1998
SSN: 625-23-9215
Address: 1828 Main St, Ashland, KY 31895
Phone: 845-320-3365
Email: david.jackson@postbox.io"
DOC-0296,medical_record,"Lab results for Jessica Martinez (April 5, 1993):
Findings support a diagnosis of hypothyroidism. Ordering physician notified via anthony.robinson67@outlook.com."
DOC-0297,intake_form,"PATIENT INTAKE FORM
Name: Elizabeth Torres
DOB: November 23, 1947
SSN: 898-76-4845
Address: 9171 Washington Ave, Madison, WI 49888
Phone: 938-960-5139
Email: james.moore68@yahoo.com
Emergency contact: Betty Lewis (859-410-8919)"
DOC-0298,intake_form,"NEW PATIENT REGISTRATION
Full name: David Johnson
Date of birth: 09/19/1943
Social Security: 854-48-6926
Home address: 1083 Hillcrest Blvd, Riverside, CA 58887
Preferred contact: thomas.allen@gmail.com, 974-866-2043"
DOC-0299,intake_form,"NEW PATIENT REGISTRATION
Full name: Andrew Rodriguez
Date of birth: 09/24/1988
Social Security: 336-76-9541
Home address: 7544 Cedar Blvd, Fairview, OH 22843
Preferred contact: elizabeth.ramirez@gmail.com, 263-635-2130"
DOC-0300,medical_record,Lab results for Anthony Hernandez (09/05/1958):
DOC-0301,intake_form,"VISITOR LOG
All visitors must sign in at reception and wear a badge at all times. Parking is available in Lot B."
DOC-0302,medical_record,"STAFF MEMO
Hand hygiene audits will be conducted next week on all wards. Please ensure dispensers are stocked."
DOC-0303,intake_form,"VISITOR LOG
All visitors must sign in at reception and wear a badge at all times. Parking is available in Lot B."
DOC-0304,medical_record,Patient: William Allen (DOB 08/22/1998)
DOC-0305,email,"Hi team,

Please add Emily Davis (emily.garcia25@example-health.org) to the distribution list. Their direct line is (790) 975-0866.

Thanks,
Donald Allen"
DOC-0306,intake_form,"NEW PATIENT REGISTRATION
Full name: Betty Nguyen
Date of birth: August 28, 1945
Social Security: 349-65-2957"
DOC-0307,email,"Hi team,


Thanks,
Steven Allen"
DOC-0308,invoice,"INVOICE INV-2023-900040
Date: 09/21/2023
Total due: $4,675.52
Payment terms: net 30. Thank you for your business."
DOC-0309,intake_form,"PATIENT INTAKE FORM
Name: Elizabeth White
DOB: April 18, 1961
SSN: 569-67-0684
Address: 4840 Main St, Salem, OR 95597
Phone: 371-200-0985
Email: sarah.hill33@hotmail.com
Emergency contact: Daniel Wilson ((799) 722-4609)"
DOC-0310,medical_record,"DISCHARGE SUMMARY
Patient name: Thomas Lewis
DOB: April 22, 1974
Primary diagnosis: atrial fibrillation
Secondary: chronic kidney disease
Patient advised to contact Sandra Hill at (536) 216-2190 with concerns."
DOC-0311,email,"Subject: System maintenance

The portal will be down for maintenance on Sunday from 2am to 4am. No action required."
DOC-0312,medical_record,Patient: Sandra White (DOB 08/01/1964)
DOC-0313,medical_record,"Patient: Richard Sanchez (DOB 05/19/1954)
Diagnosis: coronary artery disease
Notes: Patient reports symptoms consistent with coronary artery disease. Prescribed standard course of treatment. Follow-up in 30 days. Contact: (765) 398-9268"
DOC-0314,email,"Hi Paul Flores,

Thanks for contacting support. I have updated the phone number on your account to 458-897-9176. Please confirm the change by replying to this email.

Best,
James Ramirez
Customer Support"
DOC-0315,intake_form,"VISITOR LOG
All visitors must sign in at reception and wear a badge at all times. Parking is available in Lot B."
DOC-0316,email,"Hi team,

Reminder that the office will be closed next Monday for the public holiday. Please submit timesheets by Friday.

Thanks,
Facilities"
DOC-0317,email,"Hi Mary Walker,

Thanks for contacting support. I have updated the phone number on your account to 642-224-9708. Please confirm the change by replying to this email.

Best,
Thomas Thomas
Customer Support"
DOC-0318,intake_form,"NEW PATIENT REGISTRATION
Full name: Donna Davis
Date of birth: 01/02/1950
Social Security: 870-98-1065
Home address: 7341 Maple Rd, Springfield, IL 17181
Preferred contact: karen.flores@gmail.com, (304) 893-0914"
DOC-0319,intake_form,"PATIENT INTAKE FORM
Name: Nancy Johnson
DOB: 09/11/1998
Address: 9814 Park Ln, Riverside, CA 35377
Phone: 786-329-8337
Email: daniel.clark62@example-health.org"
DOC-0320,medical_record,"STAFF MEMO
Hand hygiene audits will be conducted next week on all wards. Please ensure dispensers are stocked."
DOC-0321,medical_record,"DISCHARGE SUMMARY
Patient name: Joshua Perez
DOB: 10/10/1982
Primary diagnosis: coronary artery disease
Secondary: major depressive disorder"
DOC-0322,email,"Subject: Password reset request

Hello Charles Lewis,


Security Team"
DOC-0323,medical_record,"Patient: William Harris (DOB 06/07/1954)
Diagnosis: rheumatoid arthritis
Notes: Patient reports symptoms consistent with rheumatoid arthritis. Prescribed standard course of treatment. Follow-up in 30 days. Contact: 578-581-2807"
DOC-0324,intake_form,"PATIENT INTAKE FORM
Name: Paul Jackson
DOB: 06/08/1959
SSN: 816-45-2071
Address: 8112 Hillcrest Blvd, Milton, FL 37425
Phone: (944) 283-7711
Email: david.allen50@postbox.io
Emergency contact: Steven White ((710) 731-7606)"
DOC-0325,email,"Reminder: your appointment is confirmed for next Tuesday. We have your contact as 586-785-2575 and thomas.scott@postbox.io.

- Jennifer Jackson, Front Desk"
DOC-0326,intake_form,"NEW PATIENT REGISTRATION
Full name: Christopher Moore
Date of birth: 01/06/1988
Social Security: 272-92-1243
Home address: 4926 Elm St, Riverside, CA 75767
Preferred contact: steven.wright@postbox.io, (483) 433-1612"
DOC-0327,medical_record,"Lab results for Paul Taylor (May 10, 1941):
Findings support a diagnosis of anxiety disorder. Ordering physician notified via betty.nguyen97@gmail.com."
DOC-0328,intake_form,"NEW PATIENT REGISTRATION
Full name: Sandra Perez
Date of birth: 06/28/1950
Social Security: 790-99-6843
Home address: 7473 Cedar Blvd, Salem, OR 83196"
DOC-0329,invoice,"Receipt INV-2022-279750 (02/22/2023)
Customer: Andrew Hill
Payment method: card ending 5974
Total: $4,962.62
Account: ACCT-14202"
DOC-0330,email,"Reminder: your appointment is confirmed for next Tuesday. We have your contact as 490-410-3818 and kimberly.jones@outlook.com.

- Kimberly Smith, Front Desk"
DOC-0331,email,"Subject: Password reset request

Hello William Wilson,

We received a reset request for the account karen.ramirez91@hotmail.com. If this was you, use the link below. Otherwise call us at 362-818-9422.

Security Team"
DOC-0332,medical_record,"Patient: Kimberly Perez (DOB 08/15/2002)
Diagnosis: asthma
Notes: Patient reports symptoms consistent with asthma. Prescribed standard course of treatment. Follow-up in 30 days. Contact: 494-861-7476"
DOC-0333,invoice,"INVOICE INV-2024-882193
Date: 07/28/2023
Bill to: Betty Williams
4586 Cedar Blvd, Franklin, TN 92324
Card charged: 8413 7681 5118 5671
Amount: $329.01"
DOC-0334,intake_form,"PATIENT INTAKE FORM
Name: Emily Thomas
DOB: March 16, 1996
SSN: 863-30-2794
Phone: 501-327-8759
Email: david.jones@citymail.net"
DOC-0335,email,"Subject: Password reset request

Hello Lisa Thomas,


Security Team"
DOC-0336,intake_form,"PATIENT INTAKE FORM
Name: Paul Sanchez
DOB: 02/08/1994
SSN: 366-51-2844
Address: 5282 Main St, Madison, WI 11570
Phone: (598) 417-7516
Email: john.moore84@outlook.com"
DOC-0337,medical_record,"Lab results for Donald Jones (January 20, 1982):"
DOC-0338,email,"Subject: Password reset request

Hello Elizabeth Harris,

We received a reset request for the account susan.williams31@example-health.org. If this was you, use the link below. Otherwise call us at (654) 956-5385.

Security Team"
DOC-0339,email,"Hi team,


Thanks,
Kimberly Lee"
DOC-0340,email,"Subject: Password reset request

Hello Jessica Allen,

We received a reset request for the account jennifer.ramirez@outlook.com. If this was you, use the link below. Otherwise call us at (368) 938-3236.

Security Team"
DOC-0341,invoice,"Receipt INV-2023-369789 (07/15/2024)
Customer: Betty Harris
Payment method: card ending 1498
Full card on file: 2776896270661498
Total: $2,340.48
Account: ACCT-69454"
DOC-0342,intake_form,"NEW PATIENT REGISTRATION
Full name: Richard Martinez
Date of birth: January 1, 1964
Social Security: 749-57-8051
Home address: 6566 Washington Ave, Madison, WI 58908"
DOC-0343,intake_form,"NEW PATIENT REGISTRATION
Full name: Robert White
Date of birth: 12/22/1943
Social Security: 268-87-7462
Home address: 4154 Maple Rd, Clinton, NY 88924
Preferred contact: donna.hernandez@postbox.io, 294-859-6297"
DOC-0344,intake_form,"PATIENT INTAKE FORM
Name: Michael Torres
DOB: 03/09/1984
SSN: 768-60-5047
Address: 8157 Main St, Franklin, TN 10206
Phone: 299-271-6845
Email: charles.ramirez@outlook.com"
DOC-0345,email,"Hi team,

Reminder that the office will be closed next Monday for the public holiday. Please submit timesheets by Friday.

Thanks,
Facilities"
DOC-0346,medical_record,"STAFF MEMO
Hand hygiene audits will be conducted next week on all wards. Please ensure dispensers are stocked."
DOC-0347,medical_record,"Lab results for Sarah Young (06/20/2000):
Findings support a diagnosis of osteoporosis. Ordering physician notified via nancy.lee@citymail.net."
DOC-0348,invoice,"INVOICE INV-2024-833232
Date: 04/12/2025
Total due: $3,912.65
Payment terms: net 30. Thank you for your business."
DOC-0349,intake_form,"NEW PATIENT REGISTRATION
Full name: Mary White
Date of birth: 12/11/1945
Social Security: 240-87-7938
Home address: 1434 Washington Ave, Milton, FL 55656"
DOC-0350,intake_form,"VISITOR LOG
All visitors must sign in at reception and wear a badge at all times. Parking is available in Lot B."
DOC-0351,email,"Hi team,

Please add Matthew Moore (joseph.taylor@citymail.net) to the distribution list. Their direct line is 326-881-2224.

Thanks,
Jennifer Perez"
DOC-0352,medical_record,"Patient: Charles Garcia (DOB 02/11/1954)
Diagnosis: chronic kidney disease
Notes: Patient reports symptoms consistent with chronic kidney disease. Prescribed standard course of treatment. Follow-up in 30 days. Contact: 962-318-9385"
DOC-0353,email,"Subject: Password reset request

Hello Kimberly Hill,


Security Team"
DOC-0354,medical_record,Findings support a diagnosis of psoriasis. Ordering physician notified via susan.young38@hotmail.com.
DOC-0355,invoice,"INVOICE INV-2023-319955
Date: 04/26/2023
Bill to: Mary Scott
7022 Washington Ave, Fairview, OH 98853
Card charged: 7566184438612590
Amount: $94.46
Questions? Contact billing at karen.robinson@example-health.org or 340-652-7904."
DOC-0356,email,"Reminder: your appointment is confirmed for next Tuesday. We have your contact as (895) 372-0922 and daniel.walker@gmail.com.

- Steven Perez, Front Desk"
DOC-0357,medical_record,"Lab results for Matthew Garcia (11/13/1999):
Findings support a diagnosis of gastroesophageal reflux disease. Ordering physician notified via lisa.smith@gmail.com."
DOC-0358,email,"Reminder: your appointment is confirmed for next Tuesday. We have your contact as 695-860-7105 and andrew.rodriguez@gmail.com.

- Paul Lopez, Front Desk"
DOC-0359,intake_form,"PATIENT INTAKE FORM
Name: Susan Davis
DOB: 10/23/1963
SSN: 569-67-5149
Address: 2211 Oak Ave, Springfield, IL 85377
Phone: (411) 868-2641
Email: emily.taylor@gmail.com
Emergency contact: Linda Allen ((505) 572-8919)"
DOC-0360,intake_form,"PATIENT INTAKE FORM
Name: Robert Thomas
DOB: 04/05/1944
SSN: 854-37-2198
Address: 3640 Park Ln, Ashland, KY 87566
Phone: 567-484-2105
Email: john.scott@hotmail.com"
DOC-0361,intake_form,"VISITOR LOG
All visitors must sign in at reception and wear a badge at all times. Parking is available in Lot B."
DOC-0362,email,"Hi team,


Thanks,"
DOC-0363,email,"Subject: Password reset request

Hello Daniel Wright,

We received a reset request for the account emily.hill@example-health.org. If this was you, use the link below. Otherwise call us at (330) 465-0155.

Security Team"
DOC-0364,intake_form,"NEW PATIENT REGISTRATION
Full name: Daniel Robinson
Date of birth: May 9, 2004
Social Security: 534-39-5000
Home address: 6761 Oak Ave, Clinton, NY 50991
Preferred contact: jennifer.garcia10@yahoo.com, (295) 369-9425"
DOC-0365,invoice,"Receipt INV-2024-153379 (07/16/2025)
Customer: James Flores
Payment method: card ending 8323
Full card on file: 3068 5389 0972 8323
Total: $3,077.14
Account: ACCT-32345"
DOC-0366,medical_record,Patient: Charles Martin (DOB 05/09/2001)
DOC-0367,medical_record,"Patient: Michael Ramirez (DOB 04/03/2002)
Diagnosis: hyperlipidemia
Notes: Patient reports symptoms consistent with hyperlipidemia. Prescribed standard course of treatment. Follow-up in 30 days. Contact: (620) 326-7985"
DOC-0368,medical_record,"STAFF MEMO
Hand hygiene audits will be conducted next week on all wards. Please ensure dispensers are stocked."
DOC-0369,email,"Hi William Sanchez,

Thanks for contacting support. I have updated the phone number on your account to (631) 961-5426. Please confirm the change by replying to this email.

Best,
David Gonzalez
Customer Support"
DOC-0370,email,"Reminder: your appointment is confirmed for next Tuesday. We have your contact as (713) 943-6370 and linda.miller@yahoo.com.

- Daniel Allen, Front Desk"
DOC-0371,intake_form,"NEW PATIENT REGISTRATION
Full name: Jennifer Ramirez
Date of birth: 10/05/1971
Social Security: 192-41-4606
Home address: 4153 Oak Ave, Clinton, NY 97337"
DOC-0372,email,"Reminder: your appointment is confirmed for next Tuesday. We have your contact as (617) 737-5020 and joseph.perez@gmail.com.

- Steven Ramirez, Front Desk"
DOC-0373,email,"Hi team,

Reminder that the office will be closed next Monday for the public holiday. Please submit timesheets by Friday.

Thanks,
Facilities"
DOC-0374,email,"Hi team,


Thanks,
Lisa White"
DOC-0375,email,"Subject: Password reset request

Hello Richard Lewis,

We received a reset request for the account michael.jones70@outlook.com. If this was you, use the link below. Otherwise call us at (508) 942-7769.

Security Team"
DOC-0376,invoice,"Receipt INV-2022-273558 (08/25/2025)
Customer: Linda Ramirez
Payment method: card ending 9036
Full card on file: 1768-8029-4240-9036
Total: $3,216.51
Account: ACCT-83727"
DOC-0377,email,"Hi team,

Reminder that the office will be closed next Monday for the public holiday. Please submit timesheets by Friday.

Thanks,
Facilities"
DOC-0378,medical_record,"Patient: Joseph Williams (DOB 05/02/1970)
Diagnosis: migraine
Notes: Patient reports symptoms consistent with migraine. Prescribed standard course of treatment. Follow-up in 30 days. Contact: (336) 476-0844"
DOC-0379,email,"Subject: System maintenance

The portal will be down for maintenance on Sunday from 2am to 4am. No action required."
DOC-0380,invoice,"INVOICE INV-2023-779020
Date: 05/01/2024
Bill to: Paul Nguyen
4317 Oak Ave, Madison, WI 92081
Card charged: 9837-3543-9627-3659
Amount: $1,475.50"
DOC-0381,intake_form,"NEW PATIENT REGISTRATION
Full name: Michael King
Date of birth: December 25, 1957
Social Security: 618-22-6191
Home address: 1903 Washington Ave, Springfield, IL 11776"
DOC-0382,email,"Subject: System maintenance

The portal will be down for maintenance on Sunday from 2am to 4am. No action required."
DOC-0383,email,"Hi Joseph Ramirez,


Best,
Joseph Harris
Customer Support"
DOC-0384,email,"Hi Robert Hill,

Thanks for contacting support. I have updated the phone number on your account to 354-382-7022. Please confirm the change by replying to this email.

Best,
Joshua Lopez
Customer Support"
DOC-0385,intake_form,"NEW PATIENT REGISTRATION
Full name: John Smith
Date of birth: 11/05/1959
Social Security: 400-67-7838
Home address: 9568 Oak Ave, Riverside, CA 66027
Preferred contact: sarah.martinez@yahoo.com, 386-985-6308"
DOC-0386,intake_form,"PATIENT INTAKE FORM
Name: Matthew Garcia
DOB: September 19, 1993
SSN: 832-38-1429
Address: 147 Cedar Blvd, Fairview, OH 36644
Emergency contact: William Jackson (671-347-9035)"
DOC-0387,intake_form,"PATIENT INTAKE FORM
Name: Lisa Martinez
DOB: 04/03/1950
SSN: 853-63-2452
Address: 2396 Maple Rd, Salem, OR 79133
Phone: 915-506-7703
Email: nancy.lewis83@gmail.com
Emergency contact: Charles Davis ((359) 261-0526)"
DOC-0388,email,"Subject: Password reset request

Hello Susan Sanchez,

We received a reset request for the account michelle.brown@yahoo.com. If this was you, use the link below. Otherwise call us at (963) 772-9913.

Security Team"
DOC-0389,email,"Hi team,

Reminder that the office will be closed next Monday for the public holiday. Please submit timesheets by Friday.

Thanks,
Facilities"
DOC-0390,email,"Hi Karen Gonzalez,


Best,
Sarah Garcia
Customer Support"
DOC-0391,email,"Subject: Password reset request

Hello Christopher Sanchez,


Security Team"
DOC-0392,intake_form,"PATIENT INTAKE FORM
Name: Joseph Wilson
DOB: December 6, 1958
SSN: 514-76-9973
Phone: 547-497-5903
Email: robert.harris@example-health.org"
DOC-0393,medical_record,"DISCHARGE SUMMARY
Patient name: Thomas Lewis
DOB: 02/19/1957
Primary diagnosis: osteoporosis
Secondary: COPD"
DOC-0394,email,"Hi Elizabeth Miller,

Thanks for contacting support. I have updated the phone number on your account to 497-584-2592. Please confirm the change by replying to this email.

Best,
John Anderson
Customer Support"
DOC-0395,email,"Hi Betty Ramirez,


Best,
Customer Support"
DOC-0396,intake_form,"NEW PATIENT REGISTRATION
Full name: Andrew Williams
Date of birth: 01/26/1988
Social Security: 441-70-3496
Home address: 476 Main St, Georgetown, TX 99610"
DOC-0397,email,"Subject: Password reset request

Hello Richard Thompson,


Security Team"
DOC-0398,medical_record,Findings support a diagnosis of atrial fibrillation. Ordering physician notified via linda.clark34@citymail.net.
DOC-0399,medical_record,"Lab results for Matthew Wilson (April 7, 1984):
Findings support a diagnosis of Type 2 diabetes mellitus. Ordering physician notified via lisa.white@outlook.com."
DOC-0400,medical_record,"STAFF MEMO
Hand hygiene audits will be conducted next week on all wards. Please ensure dispensers are stocked."
DOC-0401,email,"Reminder: your appointment is confirmed for next Tuesday. We have your contact as (849) 490-1625 and michael.garcia@example-health.org.
"
DOC-0402,email,"Subject: Password reset request

Hello Sandra Scott,

We received a reset request for the account matthew.davis@gmail.com. If this was you, use the link below. Otherwise call us at 559-675-6765.

Security Team"
DOC-0403,intake_form,"NEW PATIENT REGISTRATION
Full name: Robert Smith
Social Security: 838-76-9829
Home address: 2893 Elm St, Fairview, OH 84997"
DOC-0404,intake_form,"NEW PATIENT REGISTRATION
Full name: Emily Hernandez
Date of birth: 04/03/1981
Social Security: 448-11-9720
Home address: 9008 Maple Rd, Springfield, IL 20324
Preferred contact: andrew.harris4@citymail.net, (333) 664-5867"
DOC-0405,invoice,"INVOICE INV-2023-791710
Date: 10/21/2022
Bill to: Linda Robinson
1855 Park Ln, Riverside, CA 28590
Card charged: 4421 1753 6170 6171
Amount: $2,828.44"
DOC-0406,medical_record,"Patient: Joshua Johnson (DOB September 17, 1942)"
DOC-0407,medical_record,"DISCHARGE SUMMARY
Patient name: Margaret Allen
DOB: 04/09/1991
Primary diagnosis: migraine
Patient advised to contact Michael Nguyen at (984) 801-5105 with concerns."
DOC-0408,email,"Hi Mark Hernandez,

Thanks for contacting support. I have updated the phone number on your account to 234-723-4146. Please confirm the change by replying to this email.

Best,
Customer Support"
DOC-0409,medical_record,"DISCHARGE SUMMARY
Patient name: Linda Smith
DOB: 12/01/1980
Primary diagnosis: chronic kidney disease
Secondary: gastroesophageal reflux disease
Patient advised to contact Andrew Lee at 438-775-1085 with concerns."
DOC-0410,intake_form,"NEW PATIENT REGISTRATION
Full name: Christopher Lee
Social Security: 511-15-4496
Home address: 2134 Washington Ave, Riverside, CA 69347"
DOC-0411,intake_form,"NEW PATIENT REGISTRATION
Full name: Karen Moore
Social Security: 795-50-8090
Home address: 6545 Park Ln, Springfield, IL 49117
Preferred contact: sandra.young@postbox.io, (582) 832-1683"
DOC-0412,invoice,"INVOICE INV-2024-910175
Date: 12/16/2023
Bill to: Thomas Williams
5086 Oak Ave, Springfield, IL 19835
Amount: $2,181.98
Questions? Contact billing at linda.king@example-health.org or 689-877-8029."
DOC-0413,medical_record,"Diagnosis: chronic kidney disease
Notes: Patient reports symptoms consistent with chronic kidney disease. Prescribed standard course of treatment. Follow-up in 30 days. Contact: 679-594-3078"
DOC-0414,email,"Reminder: your appointment is confirmed for next Tuesday. We have your contact as 835-725-3326 and richard.jones@yahoo.com.
"
DOC-0415,medical_record,"DISCHARGE SUMMARY
Patient name: Linda Scott
DOB: 06/14/1950
Primary diagnosis: anxiety disorder
Secondary: hypothyroidism
Patient advised to contact Steven Perez at 254-651-4466 with concerns."
DOC-0416,medical_record,"Diagnosis: asthma
Notes: Patient reports symptoms consistent with asthma. Prescribed standard course of treatment. Follow-up in 30 days. Contact: (744) 303-4513"
DOC-0417,medical_record,"Patient: Michael Lopez (DOB 12/20/2004)
Diagnosis: COPD"
DOC-0418,email,"Hi team,

Reminder that the office will be closed next Monday for the public holiday. Please submit timesheets by Friday.

Thanks,
Facilities"
DOC-0419,email,"Subject: System maintenance

The portal will be down for maintenance on Sunday from 2am to 4am. No action required."
DOC-0420,medical_record,"DISCHARGE SUMMARY
Patient name: Daniel Wright
DOB: 11/16/1972
Secondary: Type 2 diabetes mellitus
Patient advised to contact Daniel Martin at 927-541-8484 with concerns."
DOC-0421,invoice,"INVOICE INV-2023-648600
Date: 05/20/2023
Bill to: Richard Harris
Card charged: 8245-5696-4430-9851
Amount: $4,008.36
Questions? Contact billing at sandra.torres@gmail.com or 208-710-2410."
DOC-0422,medical_record,"STAFF MEMO
Hand hygiene audits will be conducted next week on all wards. Please ensure dispensers are stocked."
DOC-0423,email,"Subject: Password reset request

Hello Jennifer Moore,

We received a reset request for the account elizabeth.gonzalez56@gmail.com. If this was you, use the link below. Otherwise call us at 497-424-0526.

Security Team"
DOC-0424,intake_form,"NEW PATIENT REGISTRATION
Full name: Christopher Nguyen
Date of birth: 11/25/1957
Social Security: 139-63-9081
Home address: 5098 Cedar Blvd, Clinton, NY 21219
Preferred contact: karen.torres@example-health.org, (387) 584-7158"
DOC-0425,email,"Hi William Flores,

Thanks for contacting support. I have updated the phone number on your account to 509-448-9508. Please confirm the change by replying to this email.

Best,
William Flores
Customer Support"
DOC-0426,intake_form,"VISITOR LOG
All visitors must sign in at reception and wear a badge at all times. Parking is available in Lot B."
DOC-0427,intake_form,"PATIENT INTAKE FORM
Name: Linda Nguyen
DOB: 12/23/2005
SSN: 210-76-2361
Address: 2335 Hillcrest Blvd, Salem, OR 39300
Phone: 891-855-2535
Email: karen.smith63@citymail.net
Emergency contact: Richard Davis ((268) 200-2507)"
DOC-0428,email,"Reminder: your appointment is confirmed for next Tuesday. We have your contact as 873-831-2018 and elizabeth.johnson@postbox.io.

- Jessica Hernandez, Front Desk"
DOC-0429,email,"Hi Sandra Clark,

Thanks for contacting support. I have updated the phone number on your account to 635-351-0458. Please confirm the change by replying to this email.

Best,
Sandra Davis
Customer Support"
DOC-0430,email,"Reminder: your appointment is confirmed for next Tuesday. We have your contact as 483-209-2593 and steven.allen@citymail.net.

- Kimberly Harris, Front Desk"
DOC-0431,email,"Hi team,


Thanks,"
DOC-0432,email,"Reminder: your appointment is confirmed for next Tuesday. We have your contact as (531) 978-3793 and michael.lopez@postbox.io.

- Anthony Jones, Front Desk"
DOC-0433,email,"Hi Mark Harris,

Thanks for contacting support. I have updated the phone number on your account to (336) 852-9400. Please confirm the change by replying to this email.

Best,
Richard Taylor
Customer Support"
DOC-0434,email,"Hi Susan Williams,

Thanks for contacting support. I have updated the phone number on your account to 343-205-5891. Please confirm the change by replying to this email.

Best,
Andrew Wright
Customer Support"
DOC-0435,email,"Subject: Password reset request

Hello John Lewis,

We received a reset request for the account margaret.harris10@gmail.com. If this was you, use the link below. Otherwise call us at (330) 729-4886.

Security Team"
DOC-0436,medical_record,"STAFF MEMO
Hand hygiene audits will be conducted next week on all wards. Please ensure dispensers are stocked."
DOC-0437,email,"Hi team,

Reminder that the office will be closed next Monday for the public holiday. Please submit timesheets by Friday.

Thanks,
Facilities"
DOC-0438,email,"Hi William Wilson,

Thanks for contacting support. I have updated the phone number on your account to (760) 951-5400. Please confirm the change by replying to this email.

Best,
Jessica Young
Customer Support"
DOC-0439,email,"Subject: Password reset request

Hello Sarah Williams,

We received a reset request for the account michael.williams64@yahoo.com. If this was you, use the link below. Otherwise call us at 865-558-7069.

Security Team"
DOC-0440,medical_record,"STAFF MEMO
Hand hygiene audits will be conducted next week on all wards. Please ensure dispensers are stocked."
DOC-0441,email,"Hi team,


Thanks,"
DOC-0442,email,"Subject: Password reset request

Hello Charles Rodriguez,

We received a reset request for the account joshua.sanchez62@gmail.com. If this was you, use the link below. Otherwise call us at 872-278-1251.

Security Team"
DOC-0443,intake_form,"PATIENT INTAKE FORM
Name: Kimberly Moore
DOB: 12/18/1980
SSN: 056-54-6731
Phone: (408) 340-8535
Email: karen.scott@outlook.com
Emergency contact: Elizabeth Williams (440-915-7213)"
DOC-0444,email,"Hi team,

Reminder that the office will be closed next Monday for the public holiday. Please submit timesheets by Friday.

Thanks,
Facilities"
DOC-0445,intake_form,"PATIENT INTAKE FORM
Name: Joshua Perez
DOB: October 7, 1973
SSN: 350-89-7111
Address: 1890 Washington Ave, Springfield, IL 82521
Phone: 597-938-4709
Email: margaret.torres93@postbox.io
Emergency contact: Kimberly Taylor ((366) 590-7656)"
DOC-0446,medical_record,"Patient: Karen Torres (DOB 05/28/1981)
Diagnosis: gastroesophageal reflux disease
Notes: Patient reports symptoms consistent with gastroesophageal reflux disease. Prescribed standard course of treatment. Follow-up in 30 days. Contact: 217-650-0145"
DOC-0447,email,"Hi team,

Reminder that the office will be closed next Monday for the public holiday. Please submit timesheets by Friday.

Thanks,
Facilities"
DOC-0448,email,"Hi Joseph Davis,

Thanks for contacting support. I have updated the phone number on your account to 870-239-3018. Please confirm the change by replying to this email.

Best,
Donna Lee
Customer Support"
DOC-0449,email,"Subject: Password reset request

Hello Daniel Miller,


Security Team"
DOC-0450,medical_record,"DISCHARGE SUMMARY
Patient name: Lisa Walker
Primary diagnosis: hypertension
Secondary: COPD"
DOC-0451,email,"Subject: Password reset request

Hello Andrew Allen,

We received a reset request for the account andrew.scott@example-health.org. If this was you, use the link below. Otherwise call us at (950) 324-8646.

Security Team"
DOC-0452,email,"Hi team,

Please add Joseph Robinson (christopher.davis@hotmail.com) to the distribution list. Their direct line is (950) 619-5929.

Thanks,"
DOC-0453,intake_form,"NEW PATIENT REGISTRATION
Full name: Donna Rodriguez
Social Security: 084-62-6898
Home address: 9538 Hillcrest Blvd, Franklin, TN 74775
Preferred contact: richard.lopez@yahoo.com, 323-628-4315"
DOC-0454,intake_form,"NEW PATIENT REGISTRATION
Full name: Linda Perez
Date of birth: 10/20/1983
Home address: 6800 Elm St, Salem, OR 92684
Preferred contact: mark.ramirez@citymail.net, (337) 951-3005"
DOC-0455,email,"Hi Andrew King,

Thanks for contacting support. I have updated the phone number on your account to 737-793-8326. Please confirm the change by replying to this email.

Best,
Charles Lee
Customer Support"
DOC-0456,email,"Subject: Password reset request

Hello Linda Jackson,


Security Team"
DOC-0457,invoice,"INVOICE INV-2025-761257
Date: 12/17/2022
Bill to: James Young
Card charged: 9678-2741-1767-4121
Amount: $334.55
Questions? Contact billing at jennifer.anderson@outlook.com or 360-719-5494."
DOC-0458,intake_form,"PATIENT INTAKE FORM
Name: James Thomas
DOB: October 13, 1957
SSN: 226-96-3205
Address: 2582 Pine Ln, Salem, OR 73505
Phone: 391-951-8138
Email: william.gonzalez@example-health.org
Emergency contact: Susan Smith ((644) 268-8039)"
DOC-0459,email,"Reminder: your appointment is confirmed for next Tuesday. We have your contact as 812-565-8903 and charles.miller@postbox.io.

- Charles Clark, Front Desk"
DOC-0460,email,"Subject: Password reset request

Hello Donald Young,

We received a reset request for the account joshua.clark@gmail.com. If this was you, use the link below. Otherwise call us at (497) 474-8314.

Security Team"
DOC-0461,email,"Hi team,

Please add Ashley Anderson (nancy.williams@hotmail.com) to the distribution list. Their direct line is (426) 786-2728.

Thanks,
Linda Flores"
DOC-0462,medical_record,"STAFF MEMO
Hand hygiene audits will be conducted next week on all wards. Please ensure dispensers are stocked."
DOC-0463,email,"Hi team,

Please add Nancy Clark (susan.scott@gmail.com) to the distribution list. Their direct line is (236) 220-8627.

Thanks,
Steven Sanchez"
DOC-0464,email,"Reminder: your appointment is confirmed for next Tuesday. We have your contact as (334) 958-4423 and john.jones65@citymail.net.

- Anthony Johnson, Front Desk"
DOC-0465,email,"Hi Karen Moore,

Thanks for contacting support. I have updated the phone number on your account to 669-407-1633. Please confirm the change by replying to this email.

Best,
Andrew Walker
Customer Support"
DOC-0466,intake_form,"PATIENT INTAKE FORM
Name: Ashley Sanchez
DOB: 09/23/1987
SSN: 230-83-0407
Address: 7426 Washington Ave, Georgetown, TX 58473
Phone: 688-776-1785
Email: nancy.martinez@gmail.com"
DOC-0467,intake_form,"PATIENT INTAKE FORM
Name: Sarah Wilson
DOB: 09/16/2002
SSN: 669-40-5272
Address: 8529 Lake Rd, Salem, OR 82719
Phone: (957) 950-1334
Email: margaret.jones@postbox.io
Emergency contact: James Hernandez ((732) 966-1990)"
DOC-0468,email,"Hi team,

Please add Kimberly Lee (michelle.white73@yahoo.com) to the distribution list. Their direct line is (344) 497-8572.

Thanks,
Michelle White"
DOC-0469,email,"Hi Karen Gonzalez,

Thanks for contacting support. I have updated the phone number on your account to 404-910-1537. Please confirm the change by replying to this email.

Best,
Nancy Miller
Customer Support"
DOC-0470,intake_form,"NEW PATIENT REGISTRATION
Full name: Charles Ramirez
Social Security: 261-81-8864
Home address: 9810 Cedar Blvd, Riverside, CA 29978"
DOC-0471,email,"Hi Christopher Jones,

Thanks for contacting support. I have updated the phone number on your account to 253-340-8383. Please confirm the change by replying to this email.

Best,
Margaret Walker
Customer Support"
DOC-0472,intake_form,"NEW PATIENT REGISTRATION
Full name: Kimberly Garcia
Date of birth: March 21, 1967
Social Security: 730-28-7163
Home address: 8130 Hillcrest Blvd, Salem, OR 42838
Preferred contact: linda.scott56@outlook.com, 382-225-5991"
DOC-0473,intake_form,"NEW PATIENT REGISTRATION
Full name: Thomas Allen
Date of birth: 10/09/1941
Social Security: 282-92-7843
Home address: 4246 Washington Ave, Springfield, IL 45936"
DOC-0474,email,"Hi Patricia Lewis,


Best,
Michael Wright
Customer Support"
DOC-0475,medical_record,"Patient: Betty Clark (DOB February 7, 1947)
Diagnosis: hyperlipidemia
Notes: Patient reports symptoms consistent with hyperlipidemia. Prescribed standard course of treatment. Follow-up in 30 days. Contact: (946) 473-1375"
DOC-0476,email,"Hi Nancy Robinson,

Thanks for contacting support. I have updated the phone number on your account to 781-913-1410. Please confirm the change by replying to this email.

Best,
Jennifer Davis
Customer Support"
DOC-0477,medical_record,"DISCHARGE SUMMARY
Patient name: Sandra Garcia
DOB: 05/27/1971
Secondary: hyperlipidemia
Patient advised to contact Karen Brown at (588) 922-4703 with concerns."
DOC-0478,intake_form,"NEW PATIENT REGISTRATION
Full name: Kimberly Lewis
Date of birth: 01/27/1961
Social Security: 160-78-9317
Preferred contact: charles.wilson44@example-health.org, (764) 960-4406"
DOC-0479,email,"Hi Christopher Miller,

Thanks for contacting support. I have updated the phone number on your account to (844) 567-0129. Please confirm the change by replying to this email.

Best,
Anthony Walker
Customer Support"
DOC-0480,email,"Reminder: your appointment is confirmed for next Tuesday. We have your contact as 807-789-7126 and donald.thomas33@outlook.com.

- Joshua Perez, Front Desk"
DOC-0481,invoice,"INVOICE INV-2023-261625
Date: 11/18/2024
Bill to: David Allen
9879 Maple Rd, Clinton, NY 78692
Card charged: 3922 5014 2576 2701
Amount: $3,930.20
Questions? Contact billing at barbara.martin@yahoo.com or (441) 408-7152."
DOC-0482,invoice,"Receipt INV-2023-905142 (04/12/2024)
Customer: Jessica Miller
Payment method: card ending 5790
Full card on file: 6252654696815790
Total: $4,127.00
Account: ACCT-54544"
DOC-0483,medical_record,Lab results for Joseph Rodriguez (04/02/2003):
DOC-0484,email,"Hi Sandra Garcia,

Thanks for contacting support. I have updated the phone number on your account to 554-902-1661. Please confirm the change by replying to this email.

Best,
James Hernandez
Customer Support"
DOC-0485,intake_form,"NEW PATIENT REGISTRATION
Full name: Margaret Taylor
Date of birth: October 26, 1954
Social Security: 462-74-6108"
DOC-0486,intake_form,"NEW PATIENT REGISTRATION
Full name: Thomas Ramirez
Social Security: 025-79-4378
Home address: 5948 Maple Rd, Clinton, NY 64664
Preferred contact: mary.lewis@citymail.net, 236-810-1829"
DOC-0487,invoice,"INVOICE INV-2022-492415
Date: 10/16/2023
Bill to: Kimberly Torres
1354 Lake Rd, Springfield, IL 52806
Card charged: 5029-1681-5466-0241
Amount: $2,271.95"
DOC-0488,email,"Hi team,

Please add Sarah Smith (anthony.wilson@citymail.net) to the distribution list. Their direct line is 332-481-4375.

Thanks,
Joshua Lee"
DOC-0489,intake_form,"NEW PATIENT REGISTRATION
Full name: Paul Harris
Date of birth: 09/01/2000
Social Security: 328-54-7280
Home address: 8276 Maple Rd, Salem, OR 37608"
DOC-0490,email,"
- William Harris, Front Desk"
DOC-0491,medical_record,"DISCHARGE SUMMARY
Patient name: Emily Clark
DOB: April 14, 1985
Secondary: atrial fibrillation
Patient advised to contact Lisa Miller at 880-903-5206 with concerns."
DOC-0492,intake_form,"PATIENT INTAKE FORM
Name: Matthew Nguyen
DOB: 07/14/1993
SSN: 030-89-3673
Address: 8348 Maple Rd, Milton, FL 20552
Phone: (813) 784-6697
Email: christopher.flores@example-health.org
Emergency contact: Donald Garcia (579-223-9852)"
DOC-0493,email,"Subject: Password reset request

Hello Barbara Robinson,


Security Team"
DOC-0494,email,"Hi Joshua Wright,

Thanks for contacting support. I have updated the phone number on your account to 931-224-7184. Please confirm the change by replying to this email.

Best,
Patricia Jackson
Customer Support"
DOC-0495,intake_form,"PATIENT INTAKE FORM
Name: Elizabeth Taylor
DOB: 12/06/1954
SSN: 674-53-2325
Address: 3543 Cedar Blvd, Salem, OR 44669
Phone: 299-537-1213
Email: ashley.thomas@outlook.com
Emergency contact: Charles Lewis (538-661-4225)"
DOC-0496,medical_record,"Lab results for William Martinez (07/09/1977):
Findings support a diagnosis of Type 2 diabetes mellitus. Ordering physician notified via susan.nguyen@example-health.org."
DOC-0497,intake_form,"NEW PATIENT REGISTRATION
Full name: David King
Date of birth: March 16, 2001
Social Security: 015-95-1060
Home address: 5168 Elm St, Georgetown, TX 37057"
DOC-0498,email,"Hi Patricia Lewis,

Thanks for contacting support. I have updated the phone number on your account to (780) 735-4062. Please confirm the change by replying to this email.

Best,
Thomas Lopez
Customer Support"
DOC-0499,medical_record,"Diagnosis: psoriasis
Notes: Patient reports symptoms consistent with psoriasis. Prescribed standard course of treatment. Follow-up in 30 days. Contact: (675) 300-8797"
DOC-0500,email,"Hi Donna Ramirez,

Thanks for contacting support. I have updated the phone number on your account to (314) 937-7252. Please confirm the change by replying to this email.

Best,
Donna Flores
Customer Support"
DOC-0501,intake_form,"NEW PATIENT REGISTRATION
Full name: Thomas Wright
Date of birth: 06/09/1971
Social Security: 516-49-7209
Home address: 8089 Oak Ave, Franklin, TN 10854
Preferred contact: christopher.allen@yahoo.com, 383-267-7078"
DOC-0502,medical_record,"Patient: Andrew Martinez (DOB March 7, 1981)
Diagnosis: coronary artery disease
Notes: Patient reports symptoms consistent with coronary artery disease. Prescribed standard course of treatment. Follow-up in 30 days. Contact: 361-824-2574"
DOC-0503,email,"Hi team,


Thanks,
Anthony Thompson"
DOC-0504,email,"Subject: Password reset request

Hello Susan Flores,


Security Team"
DOC-0505,email,"Hi team,

Please add Mark Jackson (linda.walker18@gmail.com) to the distribution list. Their direct line is (532) 993-6779.

Thanks,
Elizabeth Nguyen"
DOC-0506,intake_form,"PATIENT INTAKE FORM
Name: William Jones
DOB: 06/25/1980
SSN: 220-33-5263
Address: 7650 Lake Rd, Georgetown, TX 57474
Phone: 541-403-4243
Email: joshua.johnson@citymail.net
Emergency contact: Anthony Ramirez ((605) 698-0786)"
DOC-0507,intake_form,"PATIENT INTAKE FORM
Name: Andrew Robinson
DOB: 02/25/1964
SSN: 839-45-7630
Address: 5514 Lake Rd, Franklin, TN 19571
Phone: 386-863-9424
Email: sandra.king89@postbox.io
Emergency contact: Margaret Johnson ((611) 788-4813)"
DOC-0508,invoice,"INVOICE INV-2022-565517
Date: 12/28/2023
Bill to: Richard Martinez
3076 Cedar Blvd, Clinton, NY 23224
Card charged: 0890-2851-5533-3420
Amount: $423.57
Questions? Contact billing at joseph.wilson@gmail.com or 340-650-2017."
DOC-0509,email,"Hi David Wilson,


Best,
Christopher Clark
Customer Support"
DOC-0510,email,"
- Jennifer Harris, Front Desk"
DOC-0511,intake_form,"VISITOR LOG
All visitors must sign in at reception and wear a badge at all times. Parking is available in Lot B."
DOC-0512,intake_form,"NEW PATIENT REGISTRATION
Full name: Barbara Lopez
Date of birth: December 26, 1959
Social Security: 186-56-1792
Home address: 8252 Maple Rd, Springfield, IL 36748"
DOC-0513,email,"Reminder: your appointment is confirmed for next Tuesday. We have your contact as 267-315-7793 and anthony.wright@postbox.io.

- Joshua Smith, Front Desk"
DOC-0514,email,"Subject: Password reset request

Hello William Anderson,

We received a reset request for the account steven.rodriguez@citymail.net. If this was you, use the link below. Otherwise call us at 284-961-1553.

Security Team"
DOC-0515,invoice,"Receipt INV-2025-607348 (06/07/2025)
Customer: William Lee
Payment method: card ending 3261
Full card on file: 6529060320203261
Total: $1,779.58
Account: ACCT-69258"
DOC-0516,intake_form,"VISITOR LOG
All visitors must sign in at reception and wear a badge at all times. Parking is available in Lot B."
DOC-0517,medical_record,"DISCHARGE SUMMARY
Patient name: Kimberly Taylor
DOB: 06/14/1948
Primary diagnosis: hyperlipidemia
Secondary: major depressive disorder"
DOC-0518,medical_record,"Patient: Daniel King (DOB 10/28/1959)
Diagnosis: hypertension
Notes: Patient reports symptoms consistent with hypertension. Prescribed standard course of treatment. Follow-up in 30 days. Contact: (745) 571-8838"
DOC-0519,intake_form,"PATIENT INTAKE FORM
Name: Betty Jackson
DOB: September 14, 1989
SSN: 480-51-2230
Address: 1327 Pine Ln, Springfield, IL 42942
Phone: (925) 769-5105
Emergency contact: Anthony Rodriguez ((347) 692-2625)"
DOC-0520,intake_form,"PATIENT INTAKE FORM
Name: Mark Martinez
SSN: 534-49-8589
Address: 7819 Oak Ave, Milton, FL 40432
Phone: (876) 648-4895
Email: paul.flores@gmail.com
Emergency contact: Nancy Moore ((241) 590-4185)"
DOC-0521,medical_record,"DISCHARGE SUMMARY
Patient name: Patricia Miller
DOB: 12/24/1975
Primary diagnosis: migraine
Secondary: atrial fibrillation
Patient advised to contact Anthony Taylor at (565) 285-0211 with concerns."
DOC-0522,intake_form,"NEW PATIENT REGISTRATION
Full name: Robert Hill
Date of birth: October 27, 1953
Home address: 6010 Oak Ave, Georgetown, TX 86037"
DOC-0523,medical_record,"DISCHARGE SUMMARY
Patient name: Daniel Thompson
DOB: 04/09/1985
Primary diagnosis: hypertension
Secondary: atrial fibrillation
Patient advised to contact Sandra Taylor at 987-364-3430 with concerns."
DOC-0524,email,"Hi Betty Lee,

Thanks for contacting support. I have updated the phone number on your account to 836-709-3050. Please confirm the change by replying to this email.

Best,
Customer Support"
DOC-0525,intake_form,"NEW PATIENT REGISTRATION
Full name: Emily Wright
Date of birth: 07/20/1962
Social Security: 204-21-1483
Home address: 4416 Park Ln, Madison, WI 29105
Preferred contact: nancy.wright@yahoo.com, (594) 306-4815"
DOC-0526,email,"Subject: Password reset request

Hello Elizabeth Smith,

We received a reset request for the account charles.thomas3@hotmail.com. If this was you, use the link below. Otherwise call us at (649) 624-9114.

Security Team"
DOC-0527,invoice,"Receipt INV-2023-855086 (06/23/2023)
Customer: Margaret White
Payment method: card ending 1876
Full card on file: 5358 5125 3892 1876
Total: $2,224.73
Account: ACCT-70986"
DOC-0528,intake_form,"NEW PATIENT REGISTRATION
Full name: John Hernandez
Date of birth: 09/15/1942
Social Security: 059-54-7809
Home address: 5907 Maple Rd, Riverside, CA 18573
Preferred contact: sarah.torres33@gmail.com, 930-812-8041"
DOC-0529,email,"Hi team,


Thanks,
David Gonzalez"
DOC-0530,intake_form,"NEW PATIENT REGISTRATION
Full name: Anthony Harris
Date of birth: 03/28/2000
Home address: 4229 Maple Rd, Madison, WI 75494"
DOC-0531,intake_form,"VISITOR LOG
All visitors must sign in at reception and wear a badge at all times. Parking is available in Lot B."
DOC-0532,intake_form,"PATIENT INTAKE FORM
Name: Daniel Miller
DOB: 10/12/1959
SSN: 452-32-8312
Address: 598 Maple Rd, Salem, OR 91537
Phone: 239-750-1970
Email: charles.miller45@yahoo.com
Emergency contact: Donna King ((371) 302-8153)"
DOC-0533,email,"Reminder: your appointment is confirmed for next Tuesday. We have your contact as (875) 924-9685 and kimberly.garcia85@outlook.com.

- Kimberly Torres, Front Desk"
DOC-0534,invoice,"Receipt INV-2024-716006 (12/19/2023)
Customer: Matthew Garcia
Payment method: card ending 0802
Total: $2,589.94
Account: ACCT-94008"
DOC-0535,email,"Reminder: your appointment is confirmed for next Tuesday. We have your contact as (392) 560-8810 and margaret.allen@example-health.org.

- Lisa Williams, Front Desk"
DOC-0536,intake_form,"VISITOR LOG
All visitors must sign in at reception and wear a badge at all times. Parking is available in Lot B."
DOC-0537,invoice,"Receipt INV-2025-365735 (10/01/2025)
Customer: Betty Williams
Payment method: card ending 0663
Full card on file: 2293 9469 4346 0663
Total: $3,699.16
Account: ACCT-15478"
DOC-0538,email,"Hi David Young,

Thanks for contacting support. I have updated the phone number on your account to 268-387-8797. Please confirm the change by replying to this email.

Best,
David Taylor
Customer Support"
DOC-0539,invoice,"INVOICE INV-2022-260128
Date: 06/28/2024
Bill to: Emily Young
8591 Cedar Blvd, Franklin, TN 14678
Card charged: 7711306211369577
Amount: $2,888.59"
DOC-0540,email,"Hi team,

Reminder that the office will be closed next Monday for the public holiday. Please submit timesheets by Friday.

Thanks,
Facilities"
DOC-0541,medical_record,"DISCHARGE SUMMARY
Patient name: Emily Hernandez
DOB: 09/11/1958
Primary diagnosis: asthma
Secondary: hypothyroidism"
DOC-0542,intake_form,"PATIENT INTAKE FORM
Name: Mary Walker
DOB: 05/22/1989
SSN: 461-40-8037
Address: 5755 Park Ln, Clinton, NY 93453
Email: paul.white@outlook.com
Emergency contact: Barbara Harris ((463) 364-6030)"
DOC-0543,invoice,"Receipt INV-2024-775282 (05/07/2025)
Customer: Mark Harris
Payment method: card ending 3958
Full card on file: 7555-6283-3339-3958
Total: $3,872.13
Account: ACCT-28524"
DOC-0544,intake_form,"NEW PATIENT REGISTRATION
Full name: Patricia Gonzalez
Date of birth: June 18, 1967
Home address: 7358 Washington Ave, Franklin, TN 13124
Preferred contact: susan.harris73@yahoo.com, (479) 963-9230"
DOC-0545,intake_form,"PATIENT INTAKE FORM
Name: Michael Jones
DOB: January 1, 1950
SSN: 892-16-5431
Phone: 961-354-3489
Email: john.white@example-health.org
Emergency contact: Mark Walker (546-920-2870)"
DOC-0546,invoice,"INVOICE INV-2023-765030
Date: 06/10/2022
Bill to: Mark Miller
Card charged: 6720-9579-9270-7951
Amount: $4,958.63"
DOC-0547,invoice,"Receipt INV-2022-870327 (10/01/2024)
Customer: Kimberly Johnson
Payment method: card ending 7152
Full card on file: 7520 3447 6504 7152
Total: $1,655.60
Account: ACCT-59895"
DOC-0548,email,"Reminder: your appointment is confirmed for next Tuesday. We have your contact as 543-575-8398 and anthony.perez@citymail.net.

- Thomas Scott, Front Desk"
DOC-0549,invoice,"INVOICE INV-2022-354763
Date: 02/06/2024
Total due: $1,281.73
Payment terms: net 30. Thank you for your business."
DOC-0550,medical_record,Patient: James Smith (DOB 10/03/1983)
DOC-0551,email,"Hi team,

Reminder that the office will be closed next Monday for the public holiday. Please submit timesheets by Friday.

Thanks,
Facilities"
DOC-0552,invoice,"INVOICE INV-2025-363139
Date: 06/24/2023
Bill to: Donald Jackson
7351 Park Ln, Springfield, IL 34238
Card charged: 8012 3428 9311 3253
Amount: $77.83"
DOC-0553,email,"Hi Michelle Ramirez,

Thanks for contacting support. I have updated the phone number on your account to (281) 890-7306. Please confirm the change by replying to this email.

Best,
Jennifer Lee
Customer Support"
DOC-0554,medical_record,"DISCHARGE SUMMARY
Patient name: Karen Young
DOB: 09/24/1980
Primary diagnosis: coronary artery disease
Secondary: hypertension"
DOC-0555,email,"Subject: Password reset request

Hello Elizabeth Nguyen,

We received a reset request for the account barbara.wilson@hotmail.com. If this was you, use the link below. Otherwise call us at 683-353-4438.

Security Team"
DOC-0556,medical_record,"Diagnosis: psoriasis
Notes: Patient reports symptoms consistent with psoriasis. Prescribed standard course of treatment. Follow-up in 30 days. Contact: (822) 496-2317"
DOC-0557,intake_form,"VISITOR LOG
All visitors must sign in at reception and wear a badge at all times. Parking is available in Lot B."
DOC-0558,email,"Reminder: your appointment is confirmed for next Tuesday. We have your contact as (452) 414-5344 and christopher.walker36@outlook.com.

- Andrew Perez, Front Desk"
DOC-0559,email,"Hi Matthew Martinez,

Thanks for contacting support. I have updated the phone number on your account to 838-529-1332. Please confirm the change by replying to this email.

Best,
Customer Support"
DOC-0560,email,"Hi team,

Please add Daniel Flores (donald.scott@outlook.com) to the distribution list. Their direct line is (696) 521-9908.

Thanks,
Richard Hill"
DOC-0561,invoice,"INVOICE INV-2024-248638
Date: 06/27/2025
Bill to: Elizabeth Jackson
7005 Main St, Springfield, IL 20316
Card charged: 5727-6829-7514-7437
Amount: $228.80"
DOC-0562,medical_record,"DISCHARGE SUMMARY
Patient name: Andrew Torres
DOB: 09/02/1945
Primary diagnosis: hyperlipidemia
Secondary: psoriasis
Patient advised to contact John Jones at (343) 355-1675 with concerns."
DOC-0563,email,"Hi Susan Lewis,

Thanks for contacting support. I have updated the phone number on your account to (362) 318-4272. Please confirm the change by replying to this email.

Best,
Jessica Brown
Customer Support"
DOC-0564,email,"Hi team,


Thanks,
Robert Gonzalez"
DOC-0565,medical_record,"Diagnosis: anxiety disorder
Notes: Patient reports symptoms consistent with anxiety disorder. Prescribed standard course of treatment. Follow-up in 30 days. Contact: 363-406-9955"
DOC-0566,intake_form,"PATIENT INTAKE FORM
Name: Linda Williams
DOB: February 24, 1989
SSN: 211-35-9342
Address: 9820 Pine Ln, Georgetown, TX 49763
Phone: (569) 674-0890
Email: andrew.taylor28@gmail.com
Emergency contact: Karen Smith ((421) 385-5471)"
DOC-0567,email,"Hi team,

Reminder that the office will be closed next Monday for the public holiday. Please submit timesheets by Friday.

Thanks,
Facilities"
DOC-0568,intake_form,"PATIENT INTAKE FORM
Name: Michael Brown
DOB: 04/21/1987
Address: 467 Pine Ln, Madison, WI 48989
Phone: 988-235-1967
Email: elizabeth.taylor@gmail.com"
DOC-0569,intake_form,"PATIENT INTAKE FORM
Name: James Torres
SSN: 899-45-4613
Address: 4480 Lake Rd, Georgetown, TX 13199
Phone: (887) 478-3081
Emergency contact: Andrew Ramirez ((772) 919-8004)"
DOC-0570,email,"
- Jennifer Hill, Front Desk"
DOC-0571,intake_form,"PATIENT INTAKE FORM
Name: Joshua Perez
DOB: October 5, 1960
SSN: 813-36-6493
Address: 1934 Oak Ave, Madison, WI 75717
Phone: (757) 242-8512
Email: andrew.smith33@citymail.net
Emergency contact: David Anderson (900-926-5486)"
DOC-0572,intake_form,"PATIENT INTAKE FORM
Name: James Allen
DOB: August 5, 1953
SSN: 713-49-3962
Address: 3529 Washington Ave, Clinton, NY 81036
Phone: (853) 298-3129
Email: mary.johnson@yahoo.com"
DOC-0573,intake_form,"VISITOR LOG
All visitors must sign in at reception and wear a badge at all times. Parking is available in Lot B."
DOC-0574,email,"Hi team,

Please add Ashley Johnson (matthew.williams@hotmail.com) to the distribution list. Their direct line is (458) 756-1508.

Thanks,
Jessica Miller"
DOC-0575,intake_form,"PATIENT INTAKE FORM
Name: James Rodriguez
DOB: 09/15/1943
SSN: 186-69-4501
Address: 8877 Park Ln, Madison, WI 95682
Phone: (941) 249-4148
Emergency contact: David Williams (497-815-5429)"
DOC-0576,email,"Reminder: your appointment is confirmed for next Tuesday. We have your contact as (434) 930-7285 and michael.hernandez@citymail.net.

- Joshua Torres, Front Desk"
DOC-0577,intake_form,"VISITOR LOG
All visitors must sign in at reception and wear a badge at all times. Parking is available in Lot B."
DOC-0578,intake_form,"PATIENT INTAKE FORM
Name: Linda Johnson
DOB: 02/19/1960
SSN: 202-67-8944
Address: 4410 Elm St, Ashland, KY 72636
Phone: 268-872-3039
Email: linda.scott@yahoo.com
Emergency contact: Elizabeth Martin ((336) 964-6401)"
DOC-0579,email,"Reminder: your appointment is confirmed for next Tuesday. We have your contact as (690) 419-1622 and matthew.scott82@example-health.org.

- John Martinez, Front Desk"
DOC-0580,medical_record,"DISCHARGE SUMMARY
Patient name: Joseph Taylor
DOB: 01/25/1992
Primary diagnosis: atrial fibrillation
Patient advised to contact Mary Gonzalez at 887-943-6122 with concerns."
DOC-0581,medical_record,"Patient: Anthony Jones (DOB 12/25/1950)
Diagnosis: hypertension
Notes: Patient reports symptoms consistent with hypertension. Prescribed standard course of treatment. Follow-up in 30 days. Contact: 578-484-6443"
DOC-0582,intake_form,"PATIENT INTAKE FORM
Name: Donald Perez
DOB: December 16, 1951
SSN: 546-76-1031
Address: 4545 Pine Ln, Clinton, NY 47872
Phone: 808-725-3732
Email: christopher.thomas@outlook.com
Emergency contact: Karen Gonzalez (543-730-6742)"
DOC-0583,intake_form,"VISITOR LOG
All visitors must sign in at reception and wear a badge at all times. Parking is available in Lot B."
DOC-0584,email,"Hi team,

Please add Andrew Robinson (paul.perez@example-health.org) to the distribution list. Their direct line is 273-458-2038.

Thanks,
Emily Sanchez"
DOC-0585,email,"Subject: System maintenance

The portal will be down for maintenance on Sunday from 2am to 4am. No action required."
DOC-0586,email,"Hi team,

Reminder that the office will be closed next Monday for the public holiday. Please submit timesheets by Friday.

Thanks,
Facilities"
DOC-0587,email,"Subject: System maintenance

The portal will be down for maintenance on Sunday from 2am to 4am. No action required."
DOC-0588,invoice,"Receipt INV-2023-668025 (10/01/2023)
Customer: Margaret Thomas
Payment method: card ending 9532
Full card on file: 3399-9485-3208-9532
Total: $4,699.94
Account: ACCT-21950"
DOC-0589,invoice,"INVOICE INV-2024-315093
Date: 11/16/2025
Bill to: Michael Thomas
Card charged: 9223 4103 4699 6732
Amount: $2,824.41
Questions? Contact billing at anthony.lewis@citymail.net or (593) 829-6228."
DOC-0590,email,"Hi team,

Reminder that the office will be closed next Monday for the public holiday. Please submit timesheets by Friday.

Thanks,
Facilities"
DOC-0591,email,"Subject: Password reset request

Hello Matthew Hill,

We received a reset request for the account donald.johnson88@yahoo.com. If this was you, use the link below. Otherwise call us at 860-914-1059.

Security Team"
DOC-0592,intake_form,"NEW PATIENT REGISTRATION
Full name: Joseph Moore
Date of birth: 05/16/1986
Social Security: 225-84-8473
Home address: 3307 Park Ln, Ashland, KY 14757
Preferred contact: matthew.white@gmail.com, (924) 362-1513"
DOC-0593,intake_form,"PATIENT INTAKE FORM
Name: Michelle Brown
DOB: 05/18/1962"
DOC-0594,medical_record,"DISCHARGE SUMMARY
Patient name: Sandra Thomas
DOB: 03/23/1998
Primary diagnosis: rheumatoid arthritis
Secondary: coronary artery disease
Patient advised to contact Joshua Williams at (268) 586-2226 with concerns."
DOC-0595,email,"Reminder: your appointment is confirmed for next Tuesday. We have your contact as 969-457-8576 and david.allen@postbox.io.

- Robert Wilson, Front Desk"
DOC-0596,email,"Hi Susan Ramirez,

Thanks for contacting support. I have updated the phone number on your account to 853-968-2411. Please confirm the change by replying to this email.

Best,
Donna Rodriguez
Customer Support"
DOC-0597,intake_form,"NEW PATIENT REGISTRATION
Full name: William Clark
Home address: 7721 Main St, Fairview, OH 60666"
DOC-0598,intake_form,"NEW PATIENT REGISTRATION
Full name: Mary Lewis
Social Security: 356-89-5350
Preferred contact: donna.davis@hotmail.com, (981) 726-0592"
DOC-0599,email,"Subject: Password reset request

Hello Richard Clark,

We received a reset request for the account andrew.gonzalez@hotmail.com. If this was you, use the link below. Otherwise call us at (760) 781-4180.

Security Team"
DOC-0600,email,"Hi Jennifer Robinson,

Thanks for contacting support. I have updated the phone number on your account to 550-831-6096. Please confirm the change by replying to this email.

Best,
Thomas Torres
Customer Support"
DOC-0601,medical_record,"Patient: Margaret Walker (DOB 06/17/1974)
Diagnosis: anxiety disorder
Notes: Patient reports symptoms consistent with anxiety disorder. Prescribed standard course of treatment. Follow-up in 30 days. Contact: 252-805-4920"
DOC-0602,intake_form,"NEW PATIENT REGISTRATION
Full name: Anthony Torres
Date of birth: 05/03/1982
Social Security: 639-71-1086"
DOC-0603,email,"Hi team,

Reminder that the office will be closed next Monday for the public holiday. Please submit timesheets by Friday.

Thanks,
Facilities"
DOC-0604,invoice,"INVOICE INV-2024-245349
Date: 02/15/2024
Bill to: Patricia Smith
636 Lake Rd, Franklin, TN 27495
Card charged: 4559 1024 5109 1095
Amount: $4,237.12
Questions? Contact billing at david.sanchez@outlook.com or (807) 498-8619."
DOC-0605,email,"Reminder: your appointment is confirmed for next Tuesday. We have your contact as 663-567-8337 and charles.sanchez@postbox.io.
"
DOC-0606,email,"Subject: Password reset request

Hello John Jackson,


Security Team"
DOC-0607,email,"Hi team,

Please add Matthew Lopez (ashley.robinson@postbox.io) to the distribution list. Their direct line is (926) 531-7366.

Thanks,
Christopher Ramirez"
DOC-0608,email,"Subject: Password reset request

Hello Steven Hill,

We received a reset request for the account ashley.moore26@yahoo.com. If this was you, use the link below. Otherwise call us at 627-239-0151.

Security Team"
DOC-0609,email,"Subject: System maintenance

The portal will be down for maintenance on Sunday from 2am to 4am. No action required."
DOC-0610,invoice,"Receipt INV-2024-783728 (01/27/2023)
Customer: Paul Robinson
Payment method: card ending 3596
Full card on file: 0450-6917-6799-3596
Total: $4,767.32
Account: ACCT-97612"
DOC-0611,email,"Subject: Password reset request

Hello Mark Thomas,

We received a reset request for the account betty.smith@gmail.com. If this was you, use the link below. Otherwise call us at 480-748-8954.

Security Team"
DOC-0612,medical_record,"Patient: Jessica Harris (DOB 03/18/1982)
Diagnosis: Type 2 diabetes mellitus"
DOC-0613,intake_form,"NEW PATIENT REGISTRATION
Full name: Michael Jackson
Date of birth: 09/23/1979
Social Security: 071-19-2548
Home address: 4025 Oak Ave, Springfield, IL 18648
Preferred contact: sarah.lopez@outlook.com, 324-712-8758"
DOC-0614,invoice,"INVOICE INV-2024-308785
Date: 01/02/2025
Bill to: John Hernandez
2728 Maple Rd, Fairview, OH 78430
Card charged: 8375056618632394
Amount: $50.73
Questions? Contact billing at john.anderson@example-health.org or 989-668-6345."
DOC-0615,intake_form,"NEW PATIENT REGISTRATION
Full name: Sandra Garcia
Date of birth: 02/20/1957
Social Security: 786-24-9713
Home address: 8200 Maple Rd, Salem, OR 82559
Preferred contact: emily.perez16@postbox.io, (233) 853-5194"
DOC-0616,email,"Hi Kimberly White,

Thanks for contacting support. I have updated the phone number on your account to 276-710-5052. Please confirm the change by replying to this email.

Best,
Customer Support"
DOC-0617,email,"Hi team,

Please add Christopher Davis (barbara.torres28@postbox.io) to the distribution list. Their direct line is 280-437-0804.

Thanks,"
DOC-0618,invoice,"Receipt INV-2023-185992 (06/06/2023)
Customer: Sarah Brown
Payment method: card ending 1427
Full card on file: 2119017075681427
Total: $4,681.89
Account: ACCT-94998"
DOC-0619,intake_form,"VISITOR LOG
All visitors must sign in at reception and wear a badge at all times. Parking is available in Lot B."
DOC-0620,intake_form,"PATIENT INTAKE FORM
Name: Ashley Scott
DOB: 01/14/1970
SSN: 684-59-3153
Address: 5741 Hillcrest Blvd, Clinton, NY 27853
Phone: 614-804-6742
Email: sarah.thomas@citymail.net
Emergency contact: Anthony Taylor ((863) 819-8153)"
DOC-0621,email,"Subject: System maintenance

The portal will be down for maintenance on Sunday from 2am to 4am. No action required."
DOC-0622,email,"
- Linda White, Front Desk"
DOC-0623,email,"Subject: Password reset request

Hello Ashley Young,


Security Team"
DOC-0624,email,"Hi Donald King,


Best,
Karen Anderson
Customer Support"
DOC-0625,invoice,"INVOICE INV-2025-503263
Date: 04/18/2023
Total due: $2,212.92
Payment terms: net 30. Thank you for your business."
DOC-0626,email,"Hi Sarah King,

Thanks for contacting support. I have updated the phone number on your account to (517) 964-6614. Please confirm the change by replying to this email.

Best,
John Torres
Customer Support"
DOC-0627,invoice,"INVOICE INV-2025-895792
Date: 04/18/2024
Bill to: Elizabeth Johnson
6977 Elm St, Ashland, KY 84442
Amount: $1,884.55"
DOC-0628,email,"Hi Susan Robinson,

Thanks for contacting support. I have updated the phone number on your account to (622) 747-1189. Please confirm the change by replying to this email.

Best,
Emily Lewis
Customer Support"
DOC-0629,intake_form,"NEW PATIENT REGISTRATION
Full name: Susan Garcia
Date of birth: 04/20/1983
Social Security: 826-42-9802
Preferred contact: sarah.wright22@postbox.io, 912-946-0104"
DOC-0630,medical_record,"Patient: Mary Miller (DOB 11/09/1942)
Diagnosis: coronary artery disease"
DOC-0631,email,"Subject: Password reset request

Hello Lisa Martin,


Security Team"
DOC-0632,email,"Reminder: your appointment is confirmed for next Tuesday. We have your contact as 434-916-2722 and kimberly.scott87@example-health.org.

- Donna Perez, Front Desk"
DOC-0633,email,"Subject: Password reset request

Hello Mary Gonzalez,

We received a reset request for the account betty.jackson49@hotmail.com. If this was you, use the link below. Otherwise call us at (293) 795-1889.

Security Team"
DOC-0634,medical_record,"STAFF MEMO
Hand hygiene audits will be conducted next week on all wards. Please ensure dispensers are stocked."
DOC-0635,invoice,"INVOICE INV-2022-134714
Date: 01/25/2022
Bill to: Nancy King
Card charged: 5822067323182976
Amount: $218.92
Questions? Contact billing at paul.garcia@hotmail.com or 368-897-4527."
DOC-0636,intake_form,"VISITOR LOG
All visitors must sign in at reception and wear a badge at all times. Parking is available in Lot B."
DOC-0637,medical_record,"DISCHARGE SUMMARY
Patient name: Matthew Davis
DOB: November 10, 2004
Primary diagnosis: migraine"
DOC-0638,intake_form,"VISITOR LOG
All visitors must sign in at reception and wear a badge at all times. Parking is available in Lot B."
DOC-0639,email,"Subject: Password reset request

Hello Betty Harris,

We received a reset request for the account andrew.davis@yahoo.com. If this was you, use the link below. Otherwise call us at 475-723-3733.

Security Team"
DOC-0640,email,"Reminder: your appointment is confirmed for next Tuesday. We have your contact as 412-446-6720 and michelle.thompson3@postbox.io.
"
DOC-0641,intake_form,"PATIENT INTAKE FORM
Name: Thomas Taylor
DOB: 09/16/1962
SSN: 255-76-3176
Address: 8757 Washington Ave, Georgetown, TX 94900
Email: elizabeth.jones19@hotmail.com
Emergency contact: Michelle Jackson (943-374-8547)"
DOC-0642,email,"Reminder: your appointment is confirmed for next Tuesday. We have your contact as 360-563-6122 and robert.lopez@citymail.net.

- Lisa Perez, Front Desk"
DOC-0643,email,"Hi Joseph Miller,

Thanks for contacting support. I have updated the phone number on your account to (577) 447-9110. Please confirm the change by replying to this email.

Best,
Sarah Perez
Customer Support"
DOC-0644,invoice,"INVOICE INV-2025-775312
Date: 06/08/2022
Bill to: Susan Wilson
Amount: $304.92
Questions? Contact billing at jessica.nguyen12@citymail.net or (402) 704-3551."
DOC-0645,intake_form,"NEW PATIENT REGISTRATION
Full name: Michael Robinson
Date of birth: 07/25/2004
Social Security: 886-77-0137
Home address: 3520 Main St, Franklin, TN 13482
Preferred contact: mary.nguyen@postbox.io, (624) 314-9006"
DOC-0646,invoice,"INVOICE INV-2023-177071
Date: 04/15/2024
Bill to: Betty White
Card charged: 1491 1894 1843 3681
Amount: $2,786.53"
DOC-0647,medical_record,"STAFF MEMO
Hand hygiene audits will be conducted next week on all wards. Please ensure dispensers are stocked."
DOC-0648,invoice,"INVOICE INV-2023-557431
Date: 10/04/2025
Bill to: Kimberly Miller
7089 Oak Ave, Franklin, TN 12355
Card charged: 0308356691062710
Amount: $3,995.54"
DOC-0649,intake_form,"PATIENT INTAKE FORM
Name: Linda Thomas
DOB: September 1, 1978
SSN: 459-34-5613
Address: 7914 Pine Ln, Georgetown, TX 97439
Phone: (763) 954-8660
Email: anthony.williams@citymail.net"
DOC-0650,invoice,"INVOICE INV-2023-283630
Date: 04/04/2023
Bill to: Betty Hill
Card charged: 9648997184285969
Amount: $2,431.99
Questions? Contact billing at jessica.martinez43@gmail.com or 501-221-8199."
DOC-0651,invoice,"INVOICE INV-2025-457920
Date: 01/18/2023
Bill to: Emily Walker
2029 Maple Rd, Madison, WI 69923
Card charged: 6072 3483 8935 9538
Amount: $4,857.97
Questions? Contact billing at emily.johnson@outlook.com or (617) 879-1930."
DOC-0652,medical_record,"DISCHARGE SUMMARY
Patient name: Daniel Clark
DOB: 04/01/1949
Primary diagnosis: hypothyroidism
Secondary: major depressive disorder
Patient advised to contact Elizabeth Gonzalez at 741-521-9363 with concerns."
DOC-0653,email,"Hi team,

Reminder that the office will be closed next Monday for the public holiday. Please submit timesheets by Friday.

Thanks,
Facilities"
DOC-0654,intake_form,"NEW PATIENT REGISTRATION
Full name: John Brown
Social Security: 084-95-3167
Home address: 518 Park Ln, Fairview, OH 16280
Preferred contact: john.harris@example-health.org, 863-485-1312"
DOC-0655,intake_form,"VISITOR LOG
All visitors must sign in at reception and wear a badge at all times. Parking is available in Lot B."
DOC-0656,intake_form,"PATIENT INTAKE FORM
Name: Mark Rodriguez
DOB: 07/22/1991
SSN: 141-54-0318
Address: 8163 Hillcrest Blvd, Riverside, CA 91971
Phone: (685) 593-0781
Email: andrew.hill@gmail.com
Emergency contact: Betty King ((890) 746-4305)"
DOC-0657,intake_form,"PATIENT INTAKE FORM
Name: Michael Garcia
SSN: 770-64-3898
Address: 2269 Hillcrest Blvd, Fairview, OH 71306
Phone: 707-759-9395
Emergency contact: John Wright ((503) 514-4335)"
DOC-0658,medical_record,Lab results for Michael Martinez (12/26/1999):
DOC-0659,intake_form,"NEW PATIENT REGISTRATION
Full name: Joshua Lewis
Date of birth: July 28, 1969
Home address: 3004 Oak Ave, Ashland, KY 81239
Preferred contact: christopher.clark@yahoo.com, (786) 968-7366"
DOC-0660,intake_form,"PATIENT INTAKE FORM
Name: Lisa Smith
DOB: 09/05/1988
SSN: 862-31-2956
Address: 5473 Cedar Blvd, Fairview, OH 98327
Phone: 363-288-6444
Email: james.perez@gmail.com
Emergency contact: Thomas Sanchez ((783) 353-1193)"
DOC-0661,invoice,"INVOICE INV-2023-346709
Date: 09/13/2025
Bill to: Robert Perez
3866 Main St, Milton, FL 96810
Card charged: 8694-8424-9598-8114
Amount: $3,932.25
Questions? Contact billing at paul.allen@citymail.net or 870-651-1501."
DOC-0662,intake_form,"PATIENT INTAKE FORM
Name: Michelle Jones
DOB: 08/20/1999
Address: 7252 Park Ln, Milton, FL 76296
Phone: (709) 935-2521
Email: christopher.king@hotmail.com
Emergency contact: Robert Wright ((525) 897-8591)"
DOC-0663,medical_record,"Patient: Linda Hernandez (DOB September 6, 1975)
Diagnosis: atrial fibrillation
Notes: Patient reports symptoms consistent with atrial fibrillation. Prescribed standard course of treatment. Follow-up in 30 days. Contact: (583) 474-4115"
DOC-0664,email,"Hi team,


Thanks,
Christopher Lopez"
DOC-0665,medical_record,"Lab results for Lisa Miller (09/04/1968):
Findings support a diagnosis of anxiety disorder. Ordering physician notified via lisa.white4@hotmail.com."
DOC-0666,email,"Hi Steven Torres,

Thanks for contacting support. I have updated the phone number on your account to 276-315-7884. Please confirm the change by replying to this email.

Best,
David Brown
Customer Support"
DOC-0667,email,"Reminder: your appointment is confirmed for next Tuesday. We have your contact as (310) 534-5370 and michael.wilson@outlook.com.
"
DOC-0668,invoice,"INVOICE INV-2025-161204
Date: 06/28/2025
Bill to: Michael Jackson
5898 Oak Ave, Springfield, IL 33242
Card charged: 7698 1987 8092 7046
Amount: $4,434.56"
DOC-0669,intake_form,"NEW PATIENT REGISTRATION
Full name: Paul Perez
Date of birth: June 26, 1994
Social Security: 808-88-4719
Home address: 2212 Maple Rd, Ashland, KY 49916"
DOC-0670,invoice,"Receipt INV-2025-504567 (10/20/2025)
Customer: Christopher Jones
Payment method: card ending 4448
Full card on file: 3055708368214448
Total: $4,112.88
Account: ACCT-28883"
DOC-0671,email,"Reminder: your appointment is confirmed for next Tuesday. We have your contact as (936) 499-6771 and james.rodriguez47@citymail.net.

- David White, Front Desk"
DOC-0672,email,"Subject: Password reset request

Hello James Martin,


Security Team"
DOC-0673,intake_form,"PATIENT INTAKE FORM
Name: Sandra Lopez
DOB: 06/16/1963
Address: 2323 Pine Ln, Salem, OR 59664
Phone: 358-784-0535
Email: elizabeth.flores12@postbox.io
Emergency contact: Sandra Harris ((873) 767-3950)"
DOC-0674,medical_record,"Patient: Christopher Lopez (DOB March 19, 1962)"
DOC-0675,email,"Subject: Password reset request

Hello Andrew Wright,

We received a reset request for the account susan.lee@outlook.com. If this was you, use the link below. Otherwise call us at 627-325-8013.

Security Team"
DOC-0676,email,"Reminder: your appointment is confirmed for next Tuesday. We have your contact as (825) 932-1908 and mark.hill@gmail.com.

- Barbara Torres, Front Desk"
DOC-0677,intake_form,"PATIENT INTAKE FORM
Name: Susan Young
DOB: March 19, 1981
SSN: 532-41-2140
Address: 1715 Maple Rd, Springfield, IL 27657
Email: barbara.williams@postbox.io
Emergency contact: Emily Young (821-902-7628)"
DOC-0678,medical_record,"DISCHARGE SUMMARY
Patient name: Karen Thomas
Primary diagnosis: atrial fibrillation
Secondary: major depressive disorder
Patient advised to contact Sandra Jones at (555) 366-3441 with concerns."
DOC-0679,email,"Subject: Password reset request

Hello James Torres,


Security Team"
DOC-0680,invoice,"Receipt INV-2024-793861 (12/17/2025)
Customer: Sandra Rodriguez
Payment method: card ending 1908
Full card on file: 0191116612201908
Total: $1,641.79
Account: ACCT-42594"
DOC-0681,email,"Subject: Password reset request

Hello Margaret Harris,

We received a reset request for the account nancy.wilson@citymail.net. If this was you, use the link below. Otherwise call us at (383) 666-4939.

Security Team"
DOC-0682,intake_form,"VISITOR LOG
All visitors must sign in at reception and wear a badge at all times. Parking is available in Lot B."
DOC-0683,email,"Hi team,

Reminder that the office will be closed next Monday for the public holiday. Please submit timesheets by Friday.

Thanks,
Facilities"
DOC-0684,medical_record,"DISCHARGE SUMMARY
Patient name: William Nguyen
DOB: 01/25/2003
Primary diagnosis: gastroesophageal reflux disease
Secondary: major depressive disorder"
DOC-0685,invoice,"Receipt INV-2023-232626 (05/17/2022)
Customer: Michelle Hernandez
Payment method: card ending 6694
Full card on file: 7387 4029 9071 6694
Total: $2,636.33
Account: ACCT-54877"
DOC-0686,email,"Hi Joseph Jackson,

Thanks for contacting support. I have updated the phone number on your account to (233) 455-0960. Please confirm the change by replying to this email.

Best,
Mary Flores
Customer Support"
DOC-0687,intake_form,"NEW PATIENT REGISTRATION
Full name: Lisa Jackson
Date of birth: 03/08/1994
Social Security: 863-23-2242
Home address: 7214 Pine Ln, Salem, OR 10358
Preferred contact: linda.williams@postbox.io, (321) 726-2009"
DOC-0688,email,"Hi team,

Reminder that the office will be closed next Monday for the public holiday. Please submit timesheets by Friday.

Thanks,
Facilities"
DOC-0689,email,"Hi team,

Reminder that the office will be closed next Monday for the public holiday. Please submit timesheets by Friday.

Thanks,
Facilities"
DOC-0690,email,"Subject: System maintenance

The portal will be down for maintenance on Sunday from 2am to 4am. No action required."
DOC-0691,email,"Hi Andrew Ramirez,


Best,
Mark Ramirez
Customer Support"
DOC-0692,medical_record,"Diagnosis: anxiety disorder
Notes: Patient reports symptoms consistent with anxiety disorder. Prescribed standard course of treatment. Follow-up in 30 days. Contact: 647-352-1293"
DOC-0693,email,"Hi John Davis,

Thanks for contacting support. I have updated the phone number on your account to 251-657-9642. Please confirm the change by replying to this email.

Best,
Sandra Davis
Customer Support"
DOC-0694,medical_record,"Lab results for Sarah Torres (06/08/1940):
Findings support a diagnosis of asthma. Ordering physician notified via christopher.lopez@example-health.org."
DOC-0695,email,"Hi Anthony Harris,

Thanks for contacting support. I have updated the phone number on your account to (817) 769-4794. Please confirm the change by replying to this email.

Best,
Anthony Harris
Customer Support"
DOC-0696,medical_record,"DISCHARGE SUMMARY
Patient name: Barbara Wilson
DOB: 11/19/2005
Secondary: gastroesophageal reflux disease
Patient advised to contact James Jones at 928-470-2705 with concerns."
DOC-0697,medical_record,Lab results for Thomas Miller (04/12/1950):
DOC-0698,intake_form,"NEW PATIENT REGISTRATION
Full name: Kimberly Allen
Date of birth: October 15, 1969
Social Security: 383-66-0188
Home address: 1112 Hillcrest Blvd, Franklin, TN 13367
Preferred contact: thomas.wright@hotmail.com, (527) 684-1535"
DOC-0699,medical_record,"Patient: Joshua Ramirez (DOB 03/15/2004)
Diagnosis: anxiety disorder
Notes: Patient reports symptoms consistent with anxiety disorder. Prescribed standard course of treatment. Follow-up in 30 days. Contact: (792) 886-7817"
DOC-0700,email,"Subject: Password reset request

Hello Barbara Young,


Security Team"
DOC-0701,intake_form,"NEW PATIENT REGISTRATION
Full name: Matthew Wright
Date of birth: December 9, 1971
Home address: 5219 Lake Rd, Ashland, KY 29882
Preferred contact: john.lewis@example-health.org, (546) 304-6323"
DOC-0702,email,"Subject: Password reset request

Hello Michelle Williams,

We received a reset request for the account margaret.rodriguez@hotmail.com. If this was you, use the link below. Otherwise call us at 354-970-8637.

Security Team"
DOC-0703,intake_form,"PATIENT INTAKE FORM
Name: Daniel Hill
SSN: 239-37-7784
Address: 5699 Washington Ave, Springfield, IL 34455
Email: emily.allen@outlook.com"
DOC-0704,medical_record,"Lab results for John King (12/09/1956):
Findings support a diagnosis of hypertension. Ordering physician notified via paul.wright@postbox.io."
DOC-0705,medical_record,"Lab results for Barbara Sanchez (05/18/1988):
Findings support a diagnosis of rheumatoid arthritis. Ordering physician notified via donna.sanchez90@example-health.org."
DOC-0706,email,"Hi team,

Reminder that the office will be closed next Monday for the public holiday. Please submit timesheets by Friday.

Thanks,
Facilities"
DOC-0707,invoice,"INVOICE INV-2023-413223
Date: 09/19/2024
Bill to: Daniel Davis
1388 Oak Ave, Salem, OR 65375
Card charged: 0398-8636-5362-1897
Amount: $404.37
Questions? Contact billing at joshua.brown@gmail.com or 250-225-9734."
DOC-0708,invoice,"Receipt INV-2024-905312 (06/08/2023)
Customer: Margaret Young
Payment method: card ending 7589
Total: $256.54
Account: ACCT-76377"
DOC-0709,invoice,"Receipt INV-2022-283404 (03/10/2023)
Customer: Matthew Rodriguez
Payment method: card ending 0061
Full card on file: 2654 0165 9953 0061
Total: $3,527.61
Account: ACCT-69234"
DOC-0710,intake_form,"NEW PATIENT REGISTRATION
Full name: Michelle Jones
Date of birth: 01/04/1989
Social Security: 288-22-1512
Home address: 4216 Elm St, Ashland, KY 79914
Preferred contact: kimberly.harris@postbox.io, 749-215-1775"
DOC-0711,invoice,"INVOICE INV-2023-627918
Date: 06/09/2024
Bill to: Anthony Taylor
1348 Maple Rd, Madison, WI 29303
Card charged: 1203843753659685
Amount: $406.04
Questions? Contact billing at daniel.hernandez@example-health.org or (379) 517-2095."
DOC-0712,medical_record,"Patient: Richard Jones (DOB 03/07/1954)
Diagnosis: gastroesophageal reflux disease
Notes: Patient reports symptoms consistent with gastroesophageal reflux disease. Prescribed standard course of treatment. Follow-up in 30 days. Contact: 492-988-8802"
DOC-0713,intake_form,"VISITOR LOG
All visitors must sign in at reception and wear a badge at all times. Parking is available in Lot B."
DOC-0714,medical_record,"STAFF MEMO
Hand hygiene audits will be conducted next week on all wards. Please ensure dispensers are stocked."
DOC-0715,email,"Subject: Password reset request

Hello Christopher Wright,

We received a reset request for the account steven.martinez35@yahoo.com. If this was you, use the link below. Otherwise call us at (538) 435-5006.

Security Team"
DOC-0716,intake_form,"PATIENT INTAKE FORM
Name: Margaret Thompson
DOB: 05/09/1962
SSN: 688-56-4286
Address: 977 Pine Ln, Madison, WI 79695
Phone: (415) 747-5924
Emergency contact: Emily Miller ((215) 857-5251)"
DOC-0717,email,"Hi team,


Thanks,
Matthew Anderson"
DOC-0718,email,"Subject: Password reset request

Hello Jessica Torres,


Security Team"
DOC-0719,medical_record,"STAFF MEMO
Hand hygiene audits will be conducted next week on all wards. Please ensure dispensers are stocked."
DOC-0720,email,"Reminder: your appointment is confirmed for next Tuesday. We have your contact as (932) 595-1993 and emily.garcia@outlook.com.

- Matthew Garcia, Front Desk"
DOC-0721,medical_record,"DISCHARGE SUMMARY
Patient name: Anthony Scott
DOB: 04/11/1957
Patient advised to contact Robert Smith at 403-950-0276 with concerns."
DOC-0722,invoice,"Receipt INV-2024-909947 (10/16/2022)
Customer: Sarah Garcia
Payment method: card ending 5160
Full card on file: 1065411340785160
Total: $143.47
Account: ACCT-78523"
DOC-0723,medical_record,"Lab results for Richard Jackson (07/18/1958):
Findings support a diagnosis of anxiety disorder. Ordering physician notified via david.harris@postbox.io."
DOC-0724,invoice,"Receipt INV-2023-552578 (12/25/2024)
Customer: Michelle Jones
Payment method: card ending 0939
Full card on file: 5059 6257 1976 0939
Total: $4,296.73
Account: ACCT-69579"
DOC-0725,invoice,"Receipt INV-2024-503803 (10/06/2022)
Customer: Jennifer Scott
Payment method: card ending 7742
Full card on file: 0952-1755-8517-7742
Total: $4,458.86
Account: ACCT-22657"
DOC-0726,intake_form,"VISITOR LOG
All visitors must sign in at reception and wear a badge at all times. Parking is available in Lot B."
DOC-0727,invoice,"INVOICE INV-2024-529925
Date: 05/02/2025
Bill to: Mark Brown
4465 Pine Ln, Fairview, OH 27287
Card charged: 1854-5705-6820-9225
Amount: $1,750.17
Questions? Contact billing at james.torres3@gmail.com or (264) 847-6542."
DOC-0728,invoice,"Receipt INV-2025-169112 (01/26/2024)
Customer: James Brown
Payment method: card ending 1685
Total: $503.11
Account: ACCT-83722"
DOC-0729,email,"Hi team,

Reminder that the office will be closed next Monday for the public holiday. Please submit timesheets by Friday.

Thanks,
Facilities"
DOC-0730,email,"Hi team,

Please add Joseph Lewis (patricia.torres@gmail.com) to the distribution list. Their direct line is 233-673-1161.

Thanks,
Donna Lee"
DOC-0731,medical_record,"STAFF MEMO
Hand hygiene audits will be conducted next week on all wards. Please ensure dispensers are stocked."
DOC-0732,intake_form,"NEW PATIENT REGISTRATION
Full name: Linda Clark
Date of birth: 10/26/1951
Social Security: 145-70-3312
Home address: 1455 Pine Ln, Ashland, KY 37946
Preferred contact: john.williams@gmail.com, 357-560-9199"
DOC-0733,invoice,"INVOICE INV-2025-390141
Date: 12/02/2025
Bill to: Betty Moore
738 Hillcrest Blvd, Madison, WI 66264
Amount: $3,698.79"
DOC-0734,intake_form,"PATIENT INTAKE FORM
Name: Joshua Williams
DOB: 06/04/1982
SSN: 645-99-5070
Address: 1767 Main St, Milton, FL 40614
Phone: 302-285-1640
Email: steven.harris13@citymail.net"
DOC-0735,email,"Hi team,

Reminder that the office will be closed next Monday for the public holiday. Please submit timesheets by Friday.

Thanks,
Facilities"
DOC-0736,invoice,"INVOICE INV-2022-150483
Date: 01/13/2024
Bill to: Jennifer Lee
3616 Oak Ave, Fairview, OH 33998
Amount: $1,791.38
Questions? Contact billing at patricia.thompson91@example-health.org or (890) 574-0459."
DOC-0737,email,"Hi Susan Ramirez,

Thanks for contacting support. I have updated the phone number on your account to (246) 718-4656. Please confirm the change by replying to this email.

Best,
Customer Support"
DOC-0738,intake_form,"PATIENT INTAKE FORM
Name: Lisa Torres
DOB: 03/02/1983
SSN: 073-14-0971
Address: 9429 Washington Ave, Salem, OR 85708
Phone: 213-859-0314
Email: andrew.ramirez@gmail.com
Emergency contact: Paul Harris (934-649-7823)"
DOC-0739,invoice,"INVOICE INV-2023-927616
Date: 04/10/2024
Bill to: Mary Smith
7612 Washington Ave, Salem, OR 59411
Amount: $591.01"
DOC-0740,intake_form,"NEW PATIENT REGISTRATION
Full name: Jessica Smith
Date of birth: 09/09/1992
Social Security: 156-24-1448
Home address: 7376 Washington Ave, Madison, WI 38828
Preferred contact: william.flores@citymail.net, 542-667-5473"
DOC-0741,medical_record,"Patient: James Martinez (DOB 06/12/1998)
Diagnosis: asthma
Notes: Patient reports symptoms consistent with asthma. Prescribed standard course of treatment. Follow-up in 30 days. Contact: (461) 673-7591"
DOC-0742,intake_form,"PATIENT INTAKE FORM
Name: Joshua Hernandez
Address: 9366 Main St, Fairview, OH 22381
Phone: 644-308-1836
Email: susan.wright@example-health.org
Emergency contact: Emily Garcia (947-802-5127)"
DOC-0743,intake_form,"NEW PATIENT REGISTRATION
Full name: Joshua Martinez
Date of birth: October 16, 2005
Social Security: 824-75-4523"
DOC-0744,email,"Hi team,


Thanks,
William Smith"
DOC-0745,email,"Hi Jessica White,

Thanks for contacting support. I have updated the phone number on your account to (935) 398-0678. Please confirm the change by replying to this email.

Best,
Steven Garcia
Customer Support"
DOC-0746,email,"Subject: Password reset request

Hello Mark Robinson,

We received a reset request for the account sandra.thompson51@gmail.com. If this was you, use the link below. Otherwise call us at (825) 750-3674.

Security Team"
DOC-0747,invoice,"INVOICE INV-2025-737658
Date: 01/28/2023
Total due: $4,369.27
Payment terms: net 30. Thank you for your business."
DOC-0748,email,"Hi team,

Please add Jessica Wright (sarah.jones@hotmail.com) to the distribution list. Their direct line is (366) 354-9297.

Thanks,
Richard Davis"
DOC-0749,invoice,"INVOICE INV-2023-575650
Date: 04/05/2023
Bill to: Matthew Anderson
1479 Washington Ave, Franklin, TN 84754
Amount: $1,123.55"
DOC-0750,email,"Subject: Password reset request

Hello Nancy Scott,

We received a reset request for the account christopher.moore@gmail.com. If this was you, use the link below. Otherwise call us at (895) 727-8408.

Security Team"
DOC-0751,invoice,"Receipt INV-2022-948210 (12/08/2022)
Customer: Thomas Anderson
Payment method: card ending 3332
Full card on file: 3853 2472 5058 3332
Total: $3,016.85
Account: ACCT-20313"
DOC-0752,intake_form,"NEW PATIENT REGISTRATION
Full name: Lisa Robinson
Date of birth: 12/19/1989"
DOC-0753,medical_record,"STAFF MEMO
Hand hygiene audits will be conducted next week on all wards. Please ensure dispensers are stocked."
DOC-0754,email,"Hi team,


Thanks,"
DOC-0755,medical_record,Findings support a diagnosis of COPD. Ordering physician notified via christopher.martin28@postbox.io.
DOC-0756,email,"Hi Ashley King,

Thanks for contacting support. I have updated the phone number on your account to (564) 371-2327. Please confirm the change by replying to this email.

Best,
Jennifer White
Customer Support"
DOC-0757,medical_record,"Lab results for Sandra Taylor (November 21, 1974):"
DOC-0758,intake_form,"NEW PATIENT REGISTRATION
Full name: Richard Gonzalez
Date of birth: 01/04/1999
Social Security: 064-92-0764
Home address: 7298 Elm St, Franklin, TN 80386
Preferred contact: john.johnson@citymail.net, (731) 874-0747"
DOC-0759,intake_form,"PATIENT INTAKE FORM
Name: Susan Sanchez
SSN: 204-25-3245
Address: 5767 Washington Ave, Milton, FL 56014
Phone: 926-357-8488
Email: barbara.johnson77@yahoo.com
Emergency contact: Andrew Young (452-552-2094)"
DOC-0760,email,"
- Jennifer Allen, Front Desk"
DOC-0761,intake_form,"PATIENT INTAKE FORM
Name: Steven Hernandez
DOB: 07/02/1965
SSN: 504-25-2555
Address: 5904 Washington Ave, Riverside, CA 94516
Phone: (766) 427-9146"
DOC-0762,email,"Subject: System maintenance

The portal will be down for maintenance on Sunday from 2am to 4am. No action required."
DOC-0763,medical_record,"Patient: Matthew Lopez (DOB 04/12/1983)
Diagnosis: anxiety disorder
Notes: Patient reports symptoms consistent with anxiety disorder. Prescribed standard course of treatment. Follow-up in 30 days. Contact: (448) 850-7844"
DOC-0764,email,"Subject: Password reset request

Hello Emily Martin,

We received a reset request for the account linda.scott@gmail.com. If this was you, use the link below. Otherwise call us at 875-273-3600.

Security Team"
DOC-0765,medical_record,"DISCHARGE SUMMARY
Patient name: Sarah Walker
DOB: 06/11/1945
Primary diagnosis: asthma
Secondary: coronary artery disease
Patient advised to contact John White at (288) 638-4385 with concerns."
DOC-0766,intake_form,"NEW PATIENT REGISTRATION
Full name: Daniel Lopez
Date of birth: 08/26/1947
Social Security: 141-12-4155
Home address: 2694 Maple Rd, Madison, WI 97380
Preferred contact: james.jones80@hotmail.com, (298) 339-1471"
DOC-0767,email,"Reminder: your appointment is confirmed for next Tuesday. We have your contact as (695) 436-1309 and william.lewis@citymail.net.

- Mary Robinson, Front Desk"
DOC-0768,invoice,"Receipt INV-2022-469070 (01/25/2024)
Customer: Richard Davis
Payment method: card ending 1208
Full card on file: 9165430895231208
Total: $3,117.34
Account: ACCT-73738"
DOC-0769,intake_form,"NEW PATIENT REGISTRATION
Full name: Donald Smith
Date of birth: 01/05/1946
Home address: 9026 Pine Ln, Clinton, NY 97212
Preferred contact: margaret.young@example-health.org, 658-807-7375"
DOC-0770,intake_form,"VISITOR LOG
All visitors must sign in at reception and wear a badge at all times. Parking is available in Lot B."
DOC-0771,email,"Hi team,

Please add William Torres (matthew.anderson@gmail.com) to the distribution list. Their direct line is 911-579-9724.

Thanks,
James Lopez"
DOC-0772,invoice,"Receipt INV-2023-889558 (10/08/2024)
Customer: Michelle Sanchez
Payment method: card ending 1493
Full card on file: 5466345443441493
Total: $4,757.57
Account: ACCT-46148"
DOC-0773,intake_form,"NEW PATIENT REGISTRATION
Full name: Thomas Johnson
Date of birth: 03/08/1961
Social Security: 337-74-6883
Home address: 7916 Maple Rd, Milton, FL 38642
Preferred contact: andrew.wright83@example-health.org, (476) 302-4082"
DOC-0774,email,"
- Karen Moore, Front Desk"
DOC-0775,invoice,"INVOICE INV-2025-332036
Date: 02/03/2023
Bill to: William Davis
Card charged: 5896 3595 7086 1993
Amount: $4,531.47
Questions? Contact billing at thomas.white@yahoo.com or 465-912-5361."
DOC-0776,intake_form,"PATIENT INTAKE FORM
Name: Robert Thomas
DOB: 05/15/1964
SSN: 272-62-3406
Address: 5036 Oak Ave, Springfield, IL 40407
Email: steven.sanchez@gmail.com
Emergency contact: Emily Lee (927-924-2307)"
DOC-0777,medical_record,"STAFF MEMO
Hand hygiene audits will be conducted next week on all wards. Please ensure dispensers are stocked."
DOC-0778,email,"Subject: Password reset request

Hello Richard Gonzalez,

We received a reset request for the account william.king20@postbox.io. If this was you, use the link below. Otherwise call us at (439) 209-2233.

Security Team"
DOC-0779,email,"Hi Linda Ramirez,

Thanks for contacting support. I have updated the phone number on your account to 667-573-0175. Please confirm the change by replying to this email.

Best,
Margaret Martinez
Customer Support"
DOC-0780,email,"Subject: Password reset request

Hello Joseph Nguyen,

We received a reset request for the account emily.taylor@yahoo.com. If this was you, use the link below. Otherwise call us at (229) 421-4437.

Security Team"
DOC-0781,email,"Subject: Password reset request

Hello David Rodriguez,


Security Team"
DOC-0782,intake_form,"NEW PATIENT REGISTRATION
Full name: Patricia Harris
Date of birth: 11/18/1986
Social Security: 895-66-2524
Home address: 5663 Lake Rd, Franklin, TN 76294"
DOC-0783,email,"Hi team,

Reminder that the office will be closed next Monday for the public holiday. Please submit timesheets by Friday.

Thanks,
Facilities"
DOC-0784,intake_form,"PATIENT INTAKE FORM
Name: John Robinson
DOB: 08/10/1946
Address: 5876 Park Ln, Franklin, TN 23574"
DOC-0785,medical_record,Lab results for Matthew Gonzalez (12/24/1964):
DOC-0786,medical_record,"STAFF MEMO
Hand hygiene audits will be conducted next week on all wards. Please ensure dispensers are stocked."
DOC-0787,medical_record,"DISCHARGE SUMMARY
Patient name: Michelle Lopez
DOB: 07/21/1990
Primary diagnosis: coronary artery disease
Secondary: atrial fibrillation"
DOC-0788,email,"Subject: Password reset request

Hello Elizabeth Nguyen,

We received a reset request for the account charles.davis@postbox.io. If this was you, use the link below. Otherwise call us at (987) 620-3577.

Security Team"
DOC-0789,email,"Hi team,


Thanks,
Emily Perez"
DOC-0790,invoice,"INVOICE INV-2024-886512
Date: 03/27/2022
Bill to: John Garcia
1647 Maple Rd, Franklin, TN 32661
Card charged: 1548158268687641
Amount: $3,200.22
Questions? Contact billing at linda.king@example-health.org or 750-259-6380."
DOC-0791,intake_form,"NEW PATIENT REGISTRATION
Full name: Kimberly Lee
Date of birth: 11/13/1989
Social Security: 893-61-5092
Home address: 7233 Oak Ave, Milton, FL 26947"
DOC-0792,medical_record,Findings support a diagnosis of hypothyroidism. Ordering physician notified via donna.flores77@outlook.com.
DOC-0793,email,"Subject: Password reset request

Hello James Brown,

We received a reset request for the account james.thompson26@yahoo.com. If this was you, use the link below. Otherwise call us at 752-544-3168.

Security Team"
DOC-0794,email,"Hi team,

Please add Emily Hernandez (anthony.flores22@postbox.io) to the distribution list. Their direct line is (778) 985-1023.

Thanks,
Mark Sanchez"
DOC-0795,invoice,"Receipt INV-2022-177998 (04/05/2023)
Customer: Susan Wilson
Payment method: card ending 3689
Full card on file: 7618 5186 2671 3689
Total: $1,868.91
Account: ACCT-36361"
DOC-0796,email,"Subject: Password reset request

Hello Daniel Lopez,


Security Team"
DOC-0797,invoice,"Receipt INV-2024-466942 (11/16/2023)
Customer: Jessica Jones
Payment method: card ending 6988
Full card on file: 9279761781596988
Total: $156.91
Account: ACCT-98546"
DOC-0798,email,"Hi team,

Please add Betty Wright (matthew.hernandez@example-health.org) to the distribution list. Their direct line is 296-341-5303.

Thanks,
Susan Martin"
DOC-0799,invoice,"INVOICE INV-2022-633786
Date: 04/26/2024
Bill to: Mark Moore
6851 Lake Rd, Franklin, TN 65450
Card charged: 9417-9967-0808-9740
Amount: $3,386.59
Questions? Contact billing at thomas.scott46@example-health.org or 784-491-6645."
DOC-0800,email,"Hi Matthew Jackson,


Best,
Charles Lee
Customer Support"
DOC-0801,email,"Reminder: your appointment is confirmed for next Tuesday. We have your contact as 240-606-6557 and emily.hill@postbox.io.

- Paul Lopez, Front Desk"
DOC-0802,email,"Hi Nancy Walker,


Best,
Michelle Hill
Customer Support"
DOC-0803,medical_record,"Patient: James Wilson (DOB 11/12/1945)
Diagnosis: anxiety disorder
Notes: Patient reports symptoms consistent with anxiety disorder. Prescribed standard course of treatment. Follow-up in 30 days. Contact: 304-806-9772"
DOC-0804,intake_form,"NEW PATIENT REGISTRATION
Full name: Margaret Lewis
Date of birth: 09/25/1946
Home address: 2755 Hillcrest Blvd, Salem, OR 64322
Preferred contact: robert.johnson15@postbox.io, (408) 637-6100"
DOC-0805,intake_form,"NEW PATIENT REGISTRATION
Full name: David Martin
Date of birth: July 5, 1944
Social Security: 130-24-5301
Home address: 9888 Elm St, Milton, FL 67172
Preferred contact: donald.rodriguez@postbox.io, (382) 388-2962"
DOC-0806,email,"Reminder: your appointment is confirmed for next Tuesday. We have your contact as (534) 374-1579 and paul.anderson@hotmail.com.

- Jennifer Rodriguez, Front Desk"
DOC-0807,email,"Reminder: your appointment is confirmed for next Tuesday. We have your contact as (330) 874-3028 and john.walker31@yahoo.com.

- Sandra Young, Front Desk"
DOC-0808,intake_form,"NEW PATIENT REGISTRATION
Full name: David Thompson
Date of birth: 12/28/1957
Social Security: 416-24-8230
Home address: 6134 Elm St, Salem, OR 90602"
DOC-0809,intake_form,"NEW PATIENT REGISTRATION
Full name: Linda Robinson
Date of birth: 06/19/1955
Social Security: 827-83-7527
Home address: 4842 Cedar Blvd, Clinton, NY 89040
Preferred contact: susan.williams@hotmail.com, (722) 747-0496"
DOC-0810,invoice,"INVOICE INV-2024-545493
Date: 11/16/2023
Bill to: Emily Jones
7963 Elm St, Franklin, TN 81212
Card charged: 7304862515217462
Amount: $2,307.48
Questions? Contact billing at susan.lee@hotmail.com or (724) 251-1663."
DOC-0811,email,"Hi Karen Anderson,

Thanks for contacting support. I have updated the phone number on your account to 414-605-2237. Please confirm the change by replying to this email.

Best,
Matthew Ramirez
Customer Support"
DOC-0812,intake_form,"PATIENT INTAKE FORM
Name: Nancy Hernandez
DOB: 12/03/1952
SSN: 420-94-8553
Email: michelle.flores@example-health.org
Emergency contact: Lisa Lewis (374-774-6077)"
DOC-0813,intake_form,"PATIENT INTAKE FORM
Name: William Martin
DOB: November 20, 1964
SSN: 463-20-7571
Address: 9613 Main St, Fairview, OH 79352
Phone: (506) 468-5385
Email: sarah.wilson@postbox.io
Emergency contact: David King ((600) 735-1717)"
DOC-0814,medical_record,"STAFF MEMO
Hand hygiene audits will be conducted next week on all wards. Please ensure dispensers are stocked."
DOC-0815,intake_form,"PATIENT INTAKE FORM
Name: Emily Ramirez
DOB: 10/07/1994
SSN: 810-57-1465
Address: 8923 Elm St, Ashland, KY 12708
Phone: (972) 939-7613
Email: christopher.gonzalez17@hotmail.com
Emergency contact: Mary Davis ((324) 789-3950)"
DOC-0816,intake_form,"VISITOR LOG
All visitors must sign in at reception and wear a badge at all times. Parking is available in Lot B."
DOC-0817,intake_form,"NEW PATIENT REGISTRATION
Full name: Kimberly Young
Date of birth: 07/25/1966
Home address: 6670 Elm St, Ashland, KY 84494
Preferred contact: jessica.wilson@postbox.io, 833-261-0116"
DOC-0818,intake_form,"NEW PATIENT REGISTRATION
Full name: Daniel Davis
Social Security: 697-88-0697
Home address: 4032 Maple Rd, Ashland, KY 71805
Preferred contact: ashley.lopez@postbox.io, 362-757-9740"
DOC-0819,email,"
- Lisa Davis, Front Desk"
DOC-0820,intake_form,"PATIENT INTAKE FORM
Name: Thomas Taylor
DOB: 08/04/1974
SSN: 593-39-9698
Address: 455 Elm St, Georgetown, TX 85411
Phone: 621-788-0735
Email: ashley.sanchez34@postbox.io"
DOC-0821,email,"Reminder: your appointment is confirmed for next Tuesday. We have your contact as (766) 773-1963 and matthew.moore@yahoo.com.

- Karen Wilson, Front Desk"
DOC-0822,intake_form,"NEW PATIENT REGISTRATION
Full name: James Taylor
Social Security: 013-89-1846
Home address: 8500 Elm St, Georgetown, TX 93481"
DOC-0823,email,"Subject: System maintenance

The portal will be down for maintenance on Sunday from 2am to 4am. No action required."
DOC-0824,email,"Hi Patricia Flores,

Thanks for contacting support. I have updated the phone number on your account to (694) 931-5071. Please confirm the change by replying to this email.

Best,
Elizabeth Martinez
Customer Support"
DOC-0825,email,"Hi Ashley Martin,

Thanks for contacting support. I have updated the phone number on your account to (347) 389-4745. Please confirm the change by replying to this email.

Best,
Thomas Wilson
Customer Support"
DOC-0826,medical_record,"DISCHARGE SUMMARY
Patient name: James Martinez
DOB: 08/23/1991
Secondary: hyperlipidemia"
DOC-0827,email,"Hi team,

Please add Andrew Smith (mary.robinson28@hotmail.com) to the distribution list. Their direct line is 291-394-0567.

Thanks,
David Hernandez"
DOC-0828,intake_form,"PATIENT INTAKE FORM
Name: Thomas Lee
DOB: December 14, 1975
SSN: 508-24-9330
Address: 1221 Maple Rd, Ashland, KY 72123
Email: jessica.clark@postbox.io
Emergency contact: Joseph Martin (500-334-3009)"
DOC-0829,intake_form,"NEW PATIENT REGISTRATION
Full name: Donald Lopez"
DOC-0830,invoice,"INVOICE INV-2022-699667
Date: 01/16/2024
Bill to: David Ramirez
Card charged: 8647-8686-2376-0081
Amount: $4,666.16"
DOC-0831,medical_record,"Patient: Betty Hill (DOB 04/26/1956)
Diagnosis: rheumatoid arthritis
Notes: Patient reports symptoms consistent with rheumatoid arthritis. Prescribed standard course of treatment. Follow-up in 30 days. Contact: 485-753-4407"
DOC-0832,email,"Hi David Jones,


Best,
James Thompson
Customer Support"
DOC-0833,email,"Reminder: your appointment is confirmed for next Tuesday. We have your contact as (664) 445-9727 and michelle.smith1@example-health.org.

- Andrew Torres, Front Desk"
DOC-0834,email,"Subject: Password reset request

Hello Jessica Rodriguez,

We received a reset request for the account ashley.gonzalez59@postbox.io. If this was you, use the link below. Otherwise call us at 795-889-8715.

Security Team"
DOC-0835,intake_form,"NEW PATIENT REGISTRATION
Full name: Matthew Thomas
Social Security: 837-85-8438
Home address: 4181 Pine Ln, Georgetown, TX 66958"
DOC-0836,intake_form,"PATIENT INTAKE FORM
Name: John White
DOB: 06/25/1966
SSN: 423-62-0491
Address: 6246 Lake Rd, Fairview, OH 85334
Phone: 821-811-4102
Email: donna.moore@hotmail.com
Emergency contact: Elizabeth Brown ((297) 259-9019)"
DOC-0837,email,"Subject: Password reset request

Hello Robert King,

We received a reset request for the account daniel.allen@outlook.com. If this was you, use the link below. Otherwise call us at 905-532-2227.

Security Team"
DOC-0838,invoice,"INVOICE INV-2022-267216
Date: 10/04/2023
Total due: $2,739.13
Payment terms: net 30. Thank you for your business."
DOC-0839,intake_form,"PATIENT INTAKE FORM
Name: Barbara Lee
DOB: 10/01/1984
SSN: 889-60-1874
Address: 7713 Main St, Springfield, IL 88854
Phone: 377-424-0907
Emergency contact: William Scott (448-734-2348)"
DOC-0840,intake_form,"NEW PATIENT REGISTRATION
Full name: Margaret Ramirez
Date of birth: April 27, 1981
Social Security: 750-43-5112
Home address: 5105 Washington Ave, Springfield, IL 95864
Preferred contact: barbara.martinez@yahoo.com, (849) 507-6272"
DOC-0841,medical_record,"DISCHARGE SUMMARY
Patient name: Emily Clark
DOB: 08/14/1950
Primary diagnosis: coronary artery disease
Secondary: atrial fibrillation"
DOC-0842,invoice,"Receipt INV-2024-624915 (10/16/2024)
Customer: Paul Lewis
Payment method: card ending 0061
Full card on file: 8494771290350061
Total: $1,048.30
Account: ACCT-29080"
DOC-0843,email,"Hi Karen Clark,

Thanks for contacting support. I have updated the phone number on your account to (956) 971-6199. Please confirm the change by replying to this email.

Best,
Linda Martinez
Customer Support"
DOC-0844,email,"Hi team,

Please add Charles Garcia (linda.miller86@example-health.org) to the distribution list. Their direct line is (704) 992-3204.

Thanks,
Kimberly Martinez"
DOC-0845,invoice,"INVOICE INV-2024-740995
Date: 12/17/2025
Bill to: John King
Card charged: 8066405110212540
Amount: $1,983.63
Questions? Contact billing at sarah.garcia@yahoo.com or (230) 321-6577."
DOC-0846,email,"Hi team,

Reminder that the office will be closed next Monday for the public holiday. Please submit timesheets by Friday.

Thanks,
Facilities"
DOC-0847,intake_form,"PATIENT INTAKE FORM
Name: Jennifer Moore
DOB: 01/07/1944
SSN: 487-24-3943
Phone: 677-980-9089
Email: robert.miller@yahoo.com"
DOC-0848,email,"Subject: Password reset request

Hello Emily King,


Security Team"
DOC-0849,intake_form,"PATIENT INTAKE FORM
Name: William Gonzalez
DOB: 05/16/1989
SSN: 124-78-3243
Phone: (658) 629-9169
Email: james.lopez37@gmail.com"
DOC-0850,intake_form,"NEW PATIENT REGISTRATION
Full name: Sandra Taylor
Date of birth: 11/16/1990
Social Security: 822-66-5841
Home address: 2040 Oak Ave, Madison, WI 42231
Preferred contact: andrew.white90@yahoo.com, (291) 529-0899"
DOC-0851,medical_record,"Patient: Charles Wilson (DOB October 18, 1954)
Diagnosis: hyperlipidemia
Notes: Patient reports symptoms consistent with hyperlipidemia. Prescribed standard course of treatment. Follow-up in 30 days. Contact: (495) 754-4797"
DOC-0852,email,"Hi Matthew Walker,


Best,
Customer Support"
DOC-0853,email,"Subject: System maintenance

The portal will be down for maintenance on Sunday from 2am to 4am. No action required."
DOC-0854,medical_record,"Patient: Christopher Walker (DOB 09/11/1971)
Diagnosis: major depressive disorder
Notes: Patient reports symptoms consistent with major depressive disorder. Prescribed standard course of treatment. Follow-up in 30 days. Contact: 340-759-1251"
DOC-0855,email,"Hi Joshua Robinson,

Thanks for contacting support. I have updated the phone number on your account to (364) 432-6280. Please confirm the change by replying to this email.

Best,
Customer Support"
DOC-0856,email,"Hi Sandra Wilson,


Best,
Lisa Harris
Customer Support"
DOC-0857,invoice,"INVOICE INV-2023-250802
Date: 08/03/2023
Bill to: Mark Jackson
8346 Oak Ave, Clinton, NY 52508
Card charged: 7260-2925-4686-2726
Amount: $1,725.93
Questions? Contact billing at robert.lewis@outlook.com or 339-210-7296."
DOC-0858,email,"Subject: System maintenance

The portal will be down for maintenance on Sunday from 2am to 4am. No action required."
DOC-0859,invoice,"INVOICE INV-2025-845201
Date: 06/12/2024
Bill to: Barbara Brown
3956 Elm St, Fairview, OH 44040
Card charged: 0508-9273-9615-9760
Amount: $3,594.09
Questions? Contact billing at richard.lee@gmail.com or 954-685-8195."
DOC-0860,email,"Reminder: your appointment is confirmed for next Tuesday. We have your contact as 415-612-2133 and susan.lopez8@yahoo.com.

- Barbara Martinez, Front Desk"
DOC-0861,email,"Reminder: your appointment is confirmed for next Tuesday. We have your contact as (368) 258-4825 and michelle.wright@outlook.com.

- Sarah Scott, Front Desk"
DOC-0862,email,"Subject: Password reset request

Hello Barbara Johnson,

We received a reset request for the account barbara.clark73@gmail.com. If this was you, use the link below. Otherwise call us at 297-472-3020.

Security Team"
DOC-0863,medical_record,Patient: Betty Gonzalez (DOB 01/11/1997)
DOC-0864,email,"Reminder: your appointment is confirmed for next Tuesday. We have your contact as (643) 447-9096 and paul.anderson@citymail.net.

- Betty Lee, Front Desk"
DOC-0865,intake_form,"NEW PATIENT REGISTRATION
Full name: Barbara Wright
Date of birth: 03/19/1951
Social Security: 397-38-5702
Home address: 9328 Main St, Clinton, NY 66261
Preferred contact: patricia.rodriguez56@hotmail.com, (663) 604-5425"
DOC-0866,email,"
- Paul Smith, Front Desk"
DOC-0867,medical_record,Patient: Michelle Williams (DOB 05/18/1975)
DOC-0868,invoice,"Receipt INV-2023-270080 (05/28/2023)
Customer: Patricia Davis
Payment method: card ending 4398
Full card on file: 9354 5036 9888 4398
Total: $1,357.75
Account: ACCT-61657"
DOC-0869,email,"Hi team,

Please add Andrew Wright (joseph.davis@postbox.io) to the distribution list. Their direct line is (476) 292-2649.

Thanks,
Mark Perez"
DOC-0870,intake_form,"NEW PATIENT REGISTRATION
Full name: Sarah Hernandez
Date of birth: 01/13/1948
Home address: 7443 Park Ln, Georgetown, TX 54813
Preferred contact: michelle.miller@yahoo.com, (605) 657-1245"
DOC-0871,email,"Subject: Password reset request

Hello Mary Flores,


Security Team"
DOC-0872,email,"Hi Christopher Miller,

Thanks for contacting support. I have updated the phone number on your account to (477) 414-2286. Please confirm the change by replying to this email.

Best,
Donna Miller
Customer Support"
DOC-0873,email,"Subject: Password reset request

Hello Lisa Taylor,

We received a reset request for the account william.martinez12@example-health.org. If this was you, use the link below. Otherwise call us at 441-925-4167.

Security Team"
DOC-0874,intake_form,"PATIENT INTAKE FORM
Name: Susan Thomas
DOB: October 19, 1961
Address: 1037 Elm St, Milton, FL 31748
Phone: 548-678-8894"
DOC-0875,email,"Hi team,


Thanks,
Michael Wright"
DOC-0876,email,"Hi Jennifer Hernandez,


Best,
Charles Torres
Customer Support"
DOC-0877,email,"Hi Thomas Perez,


Best,
Richard Lopez
Customer Support"
DOC-0878,email,"Hi team,


Thanks,
Matthew Smith"
DOC-0879,invoice,"INVOICE INV-2022-556416
Date: 05/05/2023
Bill to: Donald Ramirez
4711 Maple Rd, Madison, WI 38624
Card charged: 8500 9537 2346 1768
Amount: $3,207.44"
DOC-0880,intake_form,"NEW PATIENT REGISTRATION
Full name: Kimberly White
Date of birth: 07/25/2001
Social Security: 881-98-3414
Home address: 4890 Pine Ln, Milton, FL 33600
Preferred contact: michelle.williams@postbox.io, 271-684-5370"
DOC-0881,email,"Hi team,

Please add Sarah Moore (john.young@outlook.com) to the distribution list. Their direct line is (553) 638-5492.

Thanks,
Steven Harris"
DOC-0882,medical_record,"STAFF MEMO
Hand hygiene audits will be conducted next week on all wards. Please ensure dispensers are stocked."
DOC-0883,medical_record,"STAFF MEMO
Hand hygiene audits will be conducted next week on all wards. Please ensure dispensers are stocked."
DOC-0884,medical_record,"Patient: Betty Moore (DOB 06/25/1970)
Diagnosis: Type 2 diabetes mellitus
Notes: Patient reports symptoms consistent with Type 2 diabetes mellitus. Prescribed standard course of treatment. Follow-up in 30 days. Contact: 233-795-3610"
DOC-0885,intake_form,"NEW PATIENT REGISTRATION
Full name: Sarah Wilson
Date of birth: 01/13/1998
Social Security: 085-79-7395
Home address: 4301 Elm St, Madison, WI 64276"
DOC-0886,medical_record,"Patient: James King (DOB 06/02/1979)
Diagnosis: anxiety disorder
Notes: Patient reports symptoms consistent with anxiety disorder. Prescribed standard course of treatment. Follow-up in 30 days. Contact: 220-497-3869"
DOC-0887,intake_form,"NEW PATIENT REGISTRATION
Full name: Donald Lewis
Date of birth: 01/27/1967
Social Security: 719-25-8978
Home address: 3105 Maple Rd, Franklin, TN 65132
Preferred contact: anthony.walker74@outlook.com, 283-829-0264"
DOC-0888,email,"Reminder: your appointment is confirmed for next Tuesday. We have your contact as 609-224-5159 and mary.martin@yahoo.com.

- Linda Robinson, Front Desk"
DOC-0889,intake_form,"PATIENT INTAKE FORM
Name: John Sanchez
DOB: October 22, 1960
SSN: 016-70-3140
Phone: (830) 282-9283
Email: ashley.davis@hotmail.com
Emergency contact: Christopher Wilson (438-674-1481)"
DOC-0890,invoice,"INVOICE INV-2024-417180
Date: 11/21/2022
Total due: $2,332.45
Payment terms: net 30. Thank you for your business."
DOC-0891,medical_record,"DISCHARGE SUMMARY
Patient name: Mark Johnson
DOB: 10/06/1988
Primary diagnosis: atrial fibrillation
Secondary: gastroesophageal reflux disease"
DOC-0892,medical_record,"STAFF MEMO
Hand hygiene audits will be conducted next week on all wards. Please ensure dispensers are stocked."
DOC-0893,email,"Hi Michael Harris,

Thanks for contacting support. I have updated the phone number on your account to (866) 458-9517. Please confirm the change by replying to this email.

Best,
Steven Garcia
Customer Support"
DOC-0894,intake_form,"NEW PATIENT REGISTRATION
Full name: Patricia Wilson
Date of birth: 09/21/1943
Social Security: 531-91-1074
Home address: 6689 Lake Rd, Franklin, TN 29689
Preferred contact: kimberly.hernandez@example-health.org, 378-866-4849"
DOC-0895,intake_form,"PATIENT INTAKE FORM
Name: Anthony Wright
DOB: 07/19/1940
SSN: 738-86-6305
Address: 7838 Oak Ave, Franklin, TN 63234
Phone: (601) 335-0254
Email: kimberly.rodriguez@example-health.org
Emergency contact: Linda Robinson (258-850-2870)"
DOC-0896,email,"Hi team,

Please add Elizabeth Martin (david.white@example-health.org) to the distribution list. Their direct line is (219) 799-1474.

Thanks,"
DOC-0897,intake_form,"NEW PATIENT REGISTRATION
Full name: James Rodriguez
Social Security: 866-98-5051
Home address: 5915 Main St, Fairview, OH 39138
Preferred contact: margaret.taylor@citymail.net, 745-650-6016"
DOC-0898,email,"Reminder: your appointment is confirmed for next Tuesday. We have your contact as (620) 355-3237 and joseph.ramirez@hotmail.com.

- Sandra Hill, Front Desk"
DOC-0899,invoice,"INVOICE INV-2023-436190
Date: 09/24/2025
Bill to: William Brown
8693 Pine Ln, Franklin, TN 60718
Card charged: 2269-9206-6617-9966
Amount: $4,574.65
Questions? Contact billing at matthew.flores76@citymail.net or (358) 802-9882."
DOC-0900,medical_record,"STAFF MEMO
Hand hygiene audits will be conducted next week on all wards. Please ensure dispensers are stocked."
DOC-0901,medical_record,"STAFF MEMO
Hand hygiene audits will be conducted next week on all wards. Please ensure dispensers are stocked."
DOC-0902,email,"Hi team,


Thanks,
Robert Jackson"
DOC-0903,intake_form,"VISITOR LOG
All visitors must sign in at reception and wear a badge at all times. Parking is available in Lot B."
DOC-0904,invoice,"INVOICE INV-2022-570359
Date: 10/14/2025
Bill to: Patricia King
5619 Maple Rd, Georgetown, TX 40425
Card charged: 0976691948962980
Amount: $4,330.55"
DOC-0905,invoice,"Receipt INV-2025-619955 (04/21/2023)
Customer: James Martin
Payment method: card ending 5615
Total: $4,085.44
Account: ACCT-19604"
DOC-0906,intake_form,"PATIENT INTAKE FORM
Name: Robert Martinez
DOB: October 24, 1982
SSN: 612-19-9679
Address: 8035 Cedar Blvd, Ashland, KY 35346
Phone: (415) 670-0660
Email: karen.lopez@outlook.com
Emergency contact: Mark Jackson (763-823-0001)"
DOC-0907,intake_form,"PATIENT INTAKE FORM
Name: Emily Thompson
DOB: 08/23/1951
SSN: 675-31-8818
Phone: 560-592-3155
Email: robert.hill10@postbox.io"
DOC-0908,email,"Hi Karen Lee,

Thanks for contacting support. I have updated the phone number on your account to 519-320-8840. Please confirm the change by replying to this email.

Best,
Mary Thomas
Customer Support"
DOC-0909,medical_record,"Patient: Jessica Allen (DOB 09/18/1987)
Diagnosis: migraine
Notes: Patient reports symptoms consistent with migraine. Prescribed standard course of treatment. Follow-up in 30 days. Contact: 843-910-0344"
DOC-0910,medical_record,"Patient: Jessica Perez (DOB 03/07/1993)
Diagnosis: chronic kidney disease
Notes: Patient reports symptoms consistent with chronic kidney disease. Prescribed standard course of treatment. Follow-up in 30 days. Contact: 819-679-4914"
DOC-0911,invoice,"INVOICE INV-2022-409611
Date: 08/26/2023
Bill to: Linda Hill
8962 Park Ln, Riverside, CA 92470
Card charged: 4311-3266-1158-4850
Amount: $168.40
Questions? Contact billing at david.sanchez@citymail.net or 322-314-9732."
DOC-0912,invoice,"Receipt INV-2025-528001 (03/28/2025)
Customer: Charles Walker
Payment method: card ending 5395
Full card on file: 0823-1714-6199-5395
Total: $2,053.41
Account: ACCT-33567"
DOC-0913,intake_form,"NEW PATIENT REGISTRATION
Full name: Joseph Smith
Date of birth: 12/13/1957
Home address: 8066 Maple Rd, Fairview, OH 82813
Preferred contact: mark.smith@example-health.org, (610) 249-5417"
DOC-0914,intake_form,"PATIENT INTAKE FORM
Name: James Wilson
DOB: October 4, 1945
SSN: 061-40-0472
Address: 2317 Maple Rd, Fairview, OH 13054
Phone: (822) 468-5553
Email: richard.robinson@example-health.org
Emergency contact: Sandra Hill ((575) 436-1836)"
DOC-0915,intake_form,"VISITOR LOG
All visitors must sign in at reception and wear a badge at all times. Parking is available in Lot B."
DOC-0916,intake_form,"VISITOR LOG
All visitors must sign in at reception and wear a badge at all times. Parking is available in Lot B."
DOC-0917,email,"Hi team,

Please add Nancy Sanchez (betty.hernandez22@postbox.io) to the distribution list. Their direct line is (902) 579-2447.

Thanks,
Ashley Flores"
DOC-0918,medical_record,"DISCHARGE SUMMARY
Patient name: Mary Lewis
Primary diagnosis: hyperlipidemia
Secondary: hypothyroidism"
DOC-0919,intake_form,"VISITOR LOG
All visitors must sign in at reception and wear a badge at all times. Parking is available in Lot B."
DOC-0920,email,"Hi team,

Reminder that the office will be closed next Monday for the public holiday. Please submit timesheets by Friday.

Thanks,
Facilities"
DOC-0921,medical_record,"Patient: Christopher Robinson (DOB 06/24/1946)
Diagnosis: asthma
Notes: Patient reports symptoms consistent with asthma. Prescribed standard course of treatment. Follow-up in 30 days. Contact: 976-858-8596"
DOC-0922,email,"Reminder: your appointment is confirmed for next Tuesday. We have your contact as 470-842-9167 and betty.scott@citymail.net.

- Sandra Brown, Front Desk"
DOC-0923,medical_record,"STAFF MEMO
Hand hygiene audits will be conducted next week on all wards. Please ensure dispensers are stocked."
DOC-0924,email,"Reminder: your appointment is confirmed for next Tuesday. We have your contact as (417) 898-2183 and andrew.sanchez@gmail.com.

- Barbara Scott, Front Desk"
DOC-0925,email,"Reminder: your appointment is confirmed for next Tuesday. We have your contact as (442) 836-2612 and paul.perez@gmail.com.

- William Thomas, Front Desk"
DOC-0926,medical_record,"DISCHARGE SUMMARY
Patient name: William Wilson
DOB: 08/22/1978
Primary diagnosis: hyperlipidemia
Secondary: Type 2 diabetes mellitus"
DOC-0927,email,"Hi team,

Please add Jessica Wilson (elizabeth.lopez@citymail.net) to the distribution list. Their direct line is (942) 997-2466.

Thanks,
Ashley Lewis"
DOC-0928,email,"Reminder: your appointment is confirmed for next Tuesday. We have your contact as 203-412-9150 and patricia.thomas@outlook.com.
"
DOC-0929,intake_form,"PATIENT INTAKE FORM
Name: William Young
DOB: 01/22/1974
SSN: 445-70-6010
Address: 7113 Hillcrest Blvd, Franklin, TN 69433
Email: margaret.hernandez@yahoo.com
Emergency contact: Betty Gonzalez (720-878-5846)"
DOC-0930,intake_form,"NEW PATIENT REGISTRATION
Full name: Joshua Jones
Date of birth: 10/23/1972
Social Security: 036-85-5160
Home address: 4722 Elm St, Springfield, IL 88278"
DOC-0931,email,"Hi team,

Please add Joseph Taylor (mary.smith@yahoo.com) to the distribution list. Their direct line is (901) 661-7158.

Thanks,
William Gonzalez"
DOC-0932,medical_record,"Lab results for Elizabeth Rodriguez (08/17/1966):
Findings support a diagnosis of psoriasis. Ordering physician notified via patricia.perez85@postbox.io."
DOC-0933,email,"Hi team,


Thanks,
Richard Wright"
DOC-0934,intake_form,"VISITOR LOG
All visitors must sign in at reception and wear a badge at all times. Parking is available in Lot B."
DOC-0935,invoice,"Receipt INV-2025-453976 (09/26/2025)
Customer: Sarah Perez
Payment method: card ending 6407
Full card on file: 7865-5575-1247-6407
Total: $1,107.37
Account: ACCT-79593"
DOC-0936,email,"Hi team,

Please add Thomas Lee (michael.martinez@postbox.io) to the distribution list. Their direct line is 509-466-1125.

Thanks,
Charles Smith"
DOC-0937,intake_form,"VISITOR LOG
All visitors must sign in at reception and wear a badge at all times. Parking is available in Lot B."
DOC-0938,email,"Reminder: your appointment is confirmed for next Tuesday. We have your contact as 262-377-0740 and patricia.wright79@example-health.org.

- Joseph Johnson, Front Desk"
DOC-0939,email,"Reminder: your appointment is confirmed for next Tuesday. We have your contact as 789-698-2210 and nancy.martinez@gmail.com.

- Susan White, Front Desk"
DOC-0940,medical_record,"DISCHARGE SUMMARY
Patient name: Karen Allen
Primary diagnosis: rheumatoid arthritis
Secondary: migraine
Patient advised to contact Mary Perez at (798) 843-8986 with concerns."
DOC-0941,email,"Subject: Password reset request

Hello Nancy King,

We received a reset request for the account sarah.flores@yahoo.com. If this was you, use the link below. Otherwise call us at (519) 357-0669.

Security Team"
DOC-0942,email,"Hi team,


Thanks,
Joshua Lee"
DOC-0943,invoice,"Receipt INV-2023-789127 (11/22/2022)
Customer: Emily Harris
Payment method: card ending 0666
Full card on file: 9427674831730666
Total: $775.67
Account: ACCT-58697"
DOC-0944,medical_record,"STAFF MEMO
Hand hygiene audits will be conducted next week on all wards. Please ensure dispensers are stocked."
DOC-0945,intake_form,"PATIENT INTAKE FORM
Name: Anthony Martinez
DOB: 03/15/1970
Address: 8335 Oak Ave, Salem, OR 85926
Phone: (227) 355-2805
Email: donald.torres@citymail.net
Emergency contact: Margaret Lee (479-931-8882)"
DOC-0946,invoice,"INVOICE INV-2022-818534
Date: 08/13/2022
Bill to: Mark Wilson
1187 Lake Rd, Ashland, KY 56234
Amount: $1,968.75"
DOC-0947,medical_record,"STAFF MEMO
Hand hygiene audits will be conducted next week on all wards. Please ensure dispensers are stocked."
DOC-0948,intake_form,"PATIENT INTAKE FORM
Name: Steven Rodriguez
DOB: 11/27/1943
SSN: 412-59-9764
Address: 872 Main St, Riverside, CA 69596
Phone: 800-335-3595
Email: elizabeth.nguyen@hotmail.com
Emergency contact: Emily Hill (436-429-4503)"
DOC-0949,email,"
- Christopher Perez, Front Desk"
DOC-0950,intake_form,"PATIENT INTAKE FORM
Name: Kimberly Moore
DOB: 05/02/1975
SSN: 522-78-3428
Address: 5202 Oak Ave, Riverside, CA 18374
Phone: (515) 694-0842
Email: elizabeth.anderson@postbox.io"
DOC-0951,email,"Hi team,

Please add Daniel Ramirez (steven.jackson@hotmail.com) to the distribution list. Their direct line is (788) 500-0405.

Thanks,
Margaret Ramirez"
DOC-0952,medical_record,"DISCHARGE SUMMARY
Patient name: Donna Young
DOB: August 23, 1986
Primary diagnosis: hyperlipidemia
Secondary: gastroesophageal reflux disease
Patient advised to contact Joseph Miller at (721) 602-9167 with concerns."
DOC-0953,email,"Subject: System maintenance

The portal will be down for maintenance on Sunday from 2am to 4am. No action required."
DOC-0954,intake_form,"NEW PATIENT REGISTRATION
Full name: Susan Martin
Social Security: 261-59-2894
Home address: 9477 Oak Ave, Fairview, OH 56758
Preferred contact: paul.jackson@citymail.net, (698) 474-9990"
DOC-0955,invoice,"INVOICE INV-2023-222237
Date: 09/07/2025
Bill to: Joseph Martin
Card charged: 9483 7740 2928 6430
Amount: $3,726.58
Questions? Contact billing at margaret.thompson@example-health.org or 943-861-9586."
DOC-0956,invoice,"INVOICE INV-2025-352193
Date: 05/06/2022
Total due: $1,068.17
Payment terms: net 30. Thank you for your business."
DOC-0957,medical_record,"DISCHARGE SUMMARY
Patient name: Michelle Nguyen
DOB: 02/07/1945
Secondary: rheumatoid arthritis
Patient advised to contact Anthony Young at (566) 832-0264 with concerns."
DOC-0958,medical_record,"DISCHARGE SUMMARY
Patient name: Karen Sanchez
DOB: 07/10/1986
Primary diagnosis: anxiety disorder
Secondary: hypertension
Patient advised to contact Linda Scott at (592) 452-8021 with concerns."
DOC-0959,intake_form,"NEW PATIENT REGISTRATION
Full name: Jennifer Martin
Date of birth: January 7, 1945
Social Security: 813-80-5298
Home address: 5581 Main St, Franklin, TN 54993
Preferred contact: john.wilson@citymail.net, 461-762-6542"
DOC-0960,email,"Hi Lisa Walker,

Thanks for contacting support. I have updated the phone number on your account to (499) 794-3243. Please confirm the change by replying to this email.

Best,
Daniel Garcia
Customer Support"
DOC-0961,email,"Hi Charles Smith,

Thanks for contacting support. I have updated the phone number on your account to (797) 529-4676. Please confirm the change by replying to this email.

Best,
Customer Support"
DOC-0962,medical_record,Patient: Jennifer Martin (DOB 10/03/1966)
DOC-0963,intake_form,"NEW PATIENT REGISTRATION
Full name: Karen Rodriguez
Date of birth: 08/27/1982
Social Security: 658-80-0037
Home address: 9574 Maple Rd, Madison, WI 96054
Preferred contact: richard.thomas@outlook.com, (469) 383-3214"
DOC-0964,email,"Subject: Password reset request

Hello David Jackson,


Security Team"
DOC-0965,intake_form,"PATIENT INTAKE FORM
Name: Kimberly Martinez
SSN: 039-14-5234
Address: 2238 Cedar Blvd, Milton, FL 34142
Phone: 880-380-0773
Email: matthew.rodriguez@gmail.com"
DOC-0966,email,"Reminder: your appointment is confirmed for next Tuesday. We have your contact as (895) 490-5460 and susan.martin24@hotmail.com.

- Karen Martin, Front Desk"
DOC-0967,medical_record,Findings support a diagnosis of rheumatoid arthritis. Ordering physician notified via sarah.torres71@citymail.net.
DOC-0968,invoice,"Receipt INV-2023-523960 (10/23/2024)
Customer: Andrew Jones
Payment method: card ending 1475
Full card on file: 4762 5380 9664 1475
Total: $2,383.56
Account: ACCT-30873"
DOC-0969,invoice,"Receipt INV-2023-412276 (02/11/2025)
Customer: Margaret Lee
Payment method: card ending 4363
Full card on file: 3538962985324363
Total: $1,303.82
Account: ACCT-20721"
DOC-0970,intake_form,"PATIENT INTAKE FORM
Name: Emily Anderson
SSN: 294-62-8987
Address: 7132 Elm St, Ashland, KY 42289
Phone: 884-791-0428
Email: michael.sanchez94@yahoo.com"
DOC-0971,medical_record,"DISCHARGE SUMMARY
Patient name: Patricia Walker
DOB: 01/04/1961
Primary diagnosis: hypothyroidism
Secondary: psoriasis
Patient advised to contact Emily Johnson at 769-343-6334 with concerns."
DOC-0972,medical_record,Findings support a diagnosis of chronic kidney disease. Ordering physician notified via joshua.miller@citymail.net.
DOC-0973,email,"Reminder: your appointment is confirmed for next Tuesday. We have your contact as 290-835-6717 and mary.clark88@yahoo.com.

- Susan Perez, Front Desk"
DOC-0974,email,"Subject: Password reset request

Hello Andrew Hill,

We received a reset request for the account sarah.nguyen@yahoo.com. If this was you, use the link below. Otherwise call us at 431-437-4459.

Security Team"
DOC-0975,email,"Hi team,

Please add Jennifer Brown (john.ramirez64@yahoo.com) to the distribution list. Their direct line is (238) 275-4113.

Thanks,
Michael Sanchez"
DOC-0976,email,"Reminder: your appointment is confirmed for next Tuesday. We have your contact as (627) 321-6622 and john.flores@yahoo.com.

- Charles Martinez, Front Desk"
DOC-0977,email,"Reminder: your appointment is confirmed for next Tuesday. We have your contact as (262) 912-7832 and ashley.nguyen@example-health.org.

- Matthew Brown, Front Desk"
DOC-0978,email,"Hi William Martin,

Thanks for contacting support. I have updated the phone number on your account to (675) 885-0070. Please confirm the change by replying to this email.

Best,
Customer Support"
DOC-0979,intake_form,"PATIENT INTAKE FORM
Name: Margaret Walker
DOB: 06/16/2005
SSN: 882-64-3072
Address: 4014 Park Ln, Riverside, CA 82628
Phone: 281-238-8180
Email: michelle.davis@gmail.com"
DOC-0980,medical_record,"DISCHARGE SUMMARY
Patient name: Barbara Young
DOB: 02/01/1979
Secondary: COPD
Patient advised to contact Ashley Jones at 924-677-9564 with concerns."
DOC-0981,medical_record,"DISCHARGE SUMMARY
Patient name: Betty Wilson
DOB: 06/25/1986"
DOC-0982,invoice,"INVOICE INV-2024-931251
Date: 11/06/2023
Bill to: Joseph Smith
Amount: $1,190.70"
DOC-0983,email,"Subject: Password reset request

Hello Kimberly Gonzalez,

We received a reset request for the account daniel.hill76@outlook.com. If this was you, use the link below. Otherwise call us at (232) 201-4471.

Security Team"
DOC-0984,medical_record,"DISCHARGE SUMMARY
Patient name: Mary Lee
DOB: June 25, 1964
Primary diagnosis: hyperlipidemia
Secondary: coronary artery disease"
DOC-0985,invoice,"INVOICE INV-2022-752276
Date: 05/28/2024
Total due: $2,488.09
Payment terms: net 30. Thank you for your business."
DOC-0986,intake_form,"PATIENT INTAKE FORM
Name: Steven Miller
DOB: 05/16/1973
SSN: 821-68-4715
Address: 697 Maple Rd, Ashland, KY 32975
Phone: (287) 856-8354
Email: mary.harris@hotmail.com
Emergency contact: Emily Johnson ((889) 432-7612)"
DOC-0987,email,"Hi Paul Moore,

Thanks for contacting support. I have updated the phone number on your account to 391-789-0010. Please confirm the change by replying to this email.

Best,
Joshua Ramirez
Customer Support"
DOC-0988,medical_record,"DISCHARGE SUMMARY
Patient name: Sandra Thomas
Primary diagnosis: gastroesophageal reflux disease
Secondary: hypertension
Patient advised to contact Jennifer Sanchez at 525-347-7277 with concerns."
DOC-0989,medical_record,"Patient: Michelle Sanchez (DOB 05/10/1977)
Diagnosis: psoriasis
Notes: Patient reports symptoms consistent with psoriasis. Prescribed standard course of treatment. Follow-up in 30 days. Contact: 384-530-0149"
DOC-0990,intake_form,"VISITOR LOG
All visitors must sign in at reception and wear a badge at all times. Parking is available in Lot B."
DOC-0991,intake_form,"NEW PATIENT REGISTRATION
Full name: Donna Johnson
Date of birth: 03/27/1989
Social Security: 830-58-0244
Home address: 2796 Maple Rd, Clinton, NY 58355"
DOC-0992,intake_form,"PATIENT INTAKE FORM
Name: Mark Hernandez
DOB: August 10, 1952
SSN: 615-27-2146
Address: 1526 Main St, Clinton, NY 63381
Phone: (675) 754-2897
Email: daniel.thomas@hotmail.com"
DOC-0993,intake_form,"PATIENT INTAKE FORM
Name: Michael Torres
SSN: 634-38-8018
Address: 1489 Park Ln, Salem, OR 89128
Phone: (263) 202-0952"
DOC-0994,email,"Subject: Password reset request

Hello William Anderson,


Security Team"
DOC-0995,email,"Subject: Password reset request

Hello Michelle Miller,


Security Team"
DOC-0996,email,"Hi team,


Thanks,
William Thomas"
DOC-0997,intake_form,"NEW PATIENT REGISTRATION
Full name: Jessica Rodriguez
Social Security: 553-55-9597
Home address: 2362 Maple Rd, Riverside, CA 59617
Preferred contact: kimberly.jackson83@outlook.com, (624) 425-8158"
DOC-0998,intake_form,"PATIENT INTAKE FORM
Name: Jessica Jones
DOB: 03/09/1966
SSN: 614-94-8228
Address: 3520 Washington Ave, Madison, WI 26621
Email: michael.young85@yahoo.com
Emergency contact: Ashley Clark (550-783-1172)"
DOC-0999,invoice,"Receipt INV-2024-717276 (07/06/2023)
Customer: John Martinez
Payment method: card ending 9760
Full card on file: 7245-5337-5656-9760
Total: $4,752.36
Account: ACCT-46527"
DOC-1000,medical_record,"STAFF MEMO
Hand hygiene audits will be conducted next week on all wards. Please ensure dispensers are stocked."
DOC-1001,email,"Hi Elizabeth Brown,

Thanks for contacting support. I have updated the phone number on your account to 631-984-2070. Please confirm the change by replying to this email.

Best,
Anthony Young
Customer Support"
DOC-1002,invoice,"INVOICE INV-2023-781291
Date: 10/17/2023
Bill to: William Torres
7262 Oak Ave, Clinton, NY 96080
Card charged: 5022-3477-8045-7972
Amount: $2,417.57
Questions? Contact billing at linda.king38@citymail.net or (253) 669-0396."
DOC-1003,medical_record,Lab results for Elizabeth Brown (06/03/1974):
DOC-1004,email,"Subject: Password reset request

Hello Mary Brown,


Security Team"
DOC-1005,email,"Reminder: your appointment is confirmed for next Tuesday. We have your contact as (710) 941-1405 and matthew.smith43@citymail.net.

- Thomas Hill, Front Desk"
DOC-1006,email,"Subject: Password reset request

Hello Thomas Flores,

We received a reset request for the account lisa.garcia@outlook.com. If this was you, use the link below. Otherwise call us at (251) 868-0014.

Security Team"
DOC-1007,intake_form,"PATIENT INTAKE FORM
Name: Susan King
DOB: October 21, 2005
Phone: (262) 478-3964
Emergency contact: John Wilson ((538) 395-8559)"
DOC-1008,email,"Reminder: your appointment is confirmed for next Tuesday. We have your contact as (661) 762-4296 and jennifer.hill@hotmail.com.

- Michael Sanchez, Front Desk"
DOC-1009,invoice,"Receipt INV-2023-493136 (04/09/2024)
Customer: Linda Garcia
Payment method: card ending 1700
Full card on file: 9976-7598-3326-1700
Total: $4,436.08
Account: ACCT-94361"
DOC-1010,intake_form,"PATIENT INTAKE FORM
Name: Paul White
DOB: June 8, 1971
Address: 4726 Hillcrest Blvd, Franklin, TN 30869
Email: sandra.walker43@gmail.com
Emergency contact: John Perez (752-474-6968)"
DOC-1011,intake_form,"PATIENT INTAKE FORM
Name: Lisa Brown
Address: 173 Oak Ave, Georgetown, TX 81351
Phone: 678-395-0125
Email: william.smith@postbox.io
Emergency contact: Joseph Scott (932-370-7926)"
DOC-1012,email,"Hi Elizabeth Jones,

Thanks for contacting support. I have updated the phone number on your account to (249) 344-4565. Please confirm the change by replying to this email.

Best,
Richard Jackson
Customer Support"
DOC-1013,email,"Reminder: your appointment is confirmed for next Tuesday. We have your contact as 323-894-9496 and michael.harris47@example-health.org.

- Margaret Thompson, Front Desk"
DOC-1014,invoice,"Receipt INV-2023-754067 (12/01/2025)
Customer: Mary Johnson
Payment method: card ending 2219
Full card on file: 9522-4265-3793-2219
Total: $2,984.88
Account: ACCT-12785"
DOC-1015,medical_record,"Patient: Nancy Young (DOB 02/11/1954)
Diagnosis: major depressive disorder
Notes: Patient reports symptoms consistent with major depressive disorder. Prescribed standard course of treatment. Follow-up in 30 days. Contact: (244) 270-6503"
DOC-1016,medical_record,"Lab results for Sandra Scott (04/11/1966):
Findings support a diagnosis of chronic kidney disease. Ordering physician notified via daniel.young12@yahoo.com."
DOC-1017,invoice,"Receipt INV-2023-855608 (08/22/2023)
Customer: Charles Thomas
Payment method: card ending 4680
Full card on file: 2031726652824680
Total: $41.05
Account: ACCT-48023"
DOC-1018,medical_record,Lab results for Elizabeth Johnson (11/02/1990):
DOC-1019,intake_form,"PATIENT INTAKE FORM
Name: Christopher Clark
SSN: 854-35-0210
Address: 1032 Oak Ave, Springfield, IL 14943
Phone: (803) 253-8623
Email: john.scott57@gmail.com
Emergency contact: James Martin ((744) 245-2842)"
DOC-1020,intake_form,"VISITOR LOG
All visitors must sign in at reception and wear a badge at all times. Parking is available in Lot B."
DOC-1021,invoice,"Receipt INV-2023-108773 (10/14/2025)
Customer: Kimberly Jones
Payment method: card ending 5831
Full card on file: 5947470531105831
Total: $4,973.57
Account: ACCT-36581"
DOC-1022,email,"Hi team,

Reminder that the office will be closed next Monday for the public holiday. Please submit timesheets by Friday.

Thanks,
Facilities"
DOC-1023,invoice,"INVOICE INV-2025-565413
Date: 09/27/2022
Bill to: Betty Young
1711 Washington Ave, Salem, OR 76727
Amount: $1,615.57
Questions? Contact billing at david.robinson@example-health.org or 362-388-6965."
DOC-1024,email,"Hi Sandra Jackson,

Thanks for contacting support. I have updated the phone number on your account to 794-797-3962. Please confirm the change by replying to this email.

Best,
Andrew Wright
Customer Support"
DOC-1025,medical_record,"Patient: Emily Gonzalez (DOB 12/18/1987)
Diagnosis: Type 2 diabetes mellitus"
DOC-1026,invoice,"Receipt INV-2023-648251 (08/18/2025)
Customer: Daniel Garcia
Payment method: card ending 0926
Full card on file: 8871148600500926
Total: $3,813.06
Account: ACCT-55820"
DOC-1027,intake_form,"PATIENT INTAKE FORM
Name: Mary Davis
DOB: 12/05/1953
SSN: 014-18-8309
Address: 8184 Washington Ave, Springfield, IL 46075
Phone: 375-785-0376
Email: joshua.thompson@yahoo.com
Emergency contact: Joseph Gonzalez ((617) 819-3454)"
DOC-1028,medical_record,"Diagnosis: asthma
Notes: Patient reports symptoms consistent with asthma. Prescribed standard course of treatment. Follow-up in 30 days. Contact: 857-980-4539"
DOC-1029,medical_record,"DISCHARGE SUMMARY
Patient name: Thomas White
DOB: 05/11/1968
Primary diagnosis: migraine
Secondary: anxiety disorder
Patient advised to contact Margaret Scott at 749-878-6862 with concerns."
DOC-1030,invoice,"Receipt INV-2023-910695 (11/14/2023)
Customer: Ashley Wilson
Payment method: card ending 7084
Full card on file: 6648 5320 7758 7084
Total: $2,082.38
Account: ACCT-96099"
DOC-1031,invoice,"Receipt INV-2024-280580 (10/25/2023)
Customer: Paul Williams
Payment method: card ending 7209
Full card on file: 5045 0509 2846 7209
Total: $394.89
Account: ACCT-84336"
DOC-1032,email,"Subject: Password reset request

Hello Donna Lee,

We received a reset request for the account sarah.thompson86@citymail.net. If this was you, use the link below. Otherwise call us at (204) 447-9211.

Security Team"
DOC-1033,intake_form,"NEW PATIENT REGISTRATION
Full name: Mary Lopez
Date of birth: 05/07/1952
Social Security: 067-27-7602
Home address: 3910 Park Ln, Clinton, NY 39333"
DOC-1034,medical_record,Findings support a diagnosis of chronic kidney disease. Ordering physician notified via emily.thompson@outlook.com.
DOC-1035,intake_form,"NEW PATIENT REGISTRATION
Full name: Daniel Thompson
Date of birth: 11/08/1980
Social Security: 717-14-6846
Home address: 3156 Maple Rd, Salem, OR 81279
Preferred contact: michael.clark@yahoo.com, (652) 456-6312"
DOC-1036,email,"Hi Steven Taylor,

Thanks for contacting support. I have updated the phone number on your account to 738-321-8374. Please confirm the change by replying to this email.

Best,
Betty Hernandez
Customer Support"
DOC-1037,email,"Hi team,

Please add John Ramirez (ashley.brown@gmail.com) to the distribution list. Their direct line is (929) 537-9669.

Thanks,
William Clark"
DOC-1038,intake_form,"NEW PATIENT REGISTRATION
Full name: Steven Thompson
Date of birth: 11/10/1951
Social Security: 059-28-6050
Preferred contact: lisa.williams@example-health.org, (379) 939-3891"
DOC-1039,email,"Hi team,


Thanks,
Jennifer Williams"
DOC-1040,invoice,"INVOICE INV-2022-910419
Date: 01/12/2023
Bill to: Matthew Perez
3601 Oak Ave, Salem, OR 31197
Amount: $4,229.87
Questions? Contact billing at andrew.jones@yahoo.com or 895-671-7129."
DOC-1041,intake_form,"PATIENT INTAKE FORM
Name: Lisa Gonzalez
DOB: 05/09/1947
SSN: 011-32-0096
Address: 8632 Maple Rd, Madison, WI 41986
Phone: (773) 706-9092
Email: susan.martin@gmail.com
Emergency contact: David Hill (523-715-6549)"
DOC-1042,intake_form,"PATIENT INTAKE FORM
Name: Margaret Wright
SSN: 250-80-2165
Address: 1275 Lake Rd, Franklin, TN 16352
Phone: (968) 521-1640
Email: jessica.moore@gmail.com
Emergency contact: Paul Martin ((363) 352-0047)"
DOC-1043,medical_record,Patient: Anthony Smith (DOB 09/19/1970)
DOC-1044,email,"Hi Patricia Walker,

Thanks for contacting support. I have updated the phone number on your account to 209-667-1870. Please confirm the change by replying to this email.

Best,
Jessica Moore
Customer Support"
DOC-1045,email,"Hi team,

Reminder that the office will be closed next Monday for the public holiday. Please submit timesheets by Friday.

Thanks,
Facilities"
DOC-1046,intake_form,"VISITOR LOG
All visitors must sign in at reception and wear a badge at all times. Parking is available in Lot B."
DOC-1047,intake_form,"VISITOR LOG
All visitors must sign in at reception and wear a badge at all times. Parking is available in Lot B."
DOC-1048,intake_form,"VISITOR LOG
All visitors must sign in at reception and wear a badge at all times. Parking is available in Lot B."
DOC-1049,medical_record,"DISCHARGE SUMMARY
Patient name: Paul Anderson
DOB: 06/12/1943
Primary diagnosis: gastroesophageal reflux disease
Secondary: major depressive disorder"
DOC-1050,medical_record,"STAFF MEMO
Hand hygiene audits will be conducted next week on all wards. Please ensure dispensers are stocked."
DOC-1051,intake_form,"VISITOR LOG
All visitors must sign in at reception and wear a badge at all times. Parking is available in Lot B."
DOC-1052,invoice,"Receipt INV-2023-610049 (11/20/2023)
Customer: Mary Taylor
Payment method: card ending 8831
Full card on file: 6568-9698-7036-8831
Total: $1,879.88
Account: ACCT-62633"
DOC-1053,medical_record,Diagnosis: hypertension
DOC-1054,intake_form,"PATIENT INTAKE FORM
Name: Kimberly Gonzalez
DOB: 02/18/1942
SSN: 715-84-6561
Address: 5584 Main St, Salem, OR 98754
Phone: 658-738-8530
Email: andrew.walker37@example-health.org"
DOC-1055,invoice,"Receipt INV-2025-725667 (05/20/2025)
Customer: John Young
Payment method: card ending 5726
Full card on file: 3563 1631 2975 5726
Total: $4,017.71
Account: ACCT-38563"
DOC-1056,email,"Subject: Password reset request

Hello Kimberly Nguyen,

We received a reset request for the account donna.nguyen@example-health.org. If this was you, use the link below. Otherwise call us at (370) 914-0775.

Security Team"
DOC-1057,email,"Subject: Password reset request

Hello Anthony Davis,


Security Team"
DOC-1058,email,"Hi team,

Please add Steven Anderson (nancy.clark31@example-health.org) to the distribution list. Their direct line is (800) 761-2026.

Thanks,
Donald Moore"
DOC-1059,medical_record,"Lab results for John Taylor (July 6, 2003):
Findings support a diagnosis of major depressive disorder. Ordering physician notified via barbara.gonzalez@gmail.com."
DOC-1060,email,"Subject: System maintenance

The portal will be down for maintenance on Sunday from 2am to 4am. No action required."
DOC-1061,email,"Hi team,

Please add Michelle Williams (donna.ramirez90@outlook.com) to the distribution list. Their direct line is 571-793-8820.

Thanks,
William Moore"
DOC-1062,invoice,"Receipt INV-2023-420476 (03/21/2023)
Customer: Betty Allen
Payment method: card ending 1730
Full card on file: 1133973670721730
Total: $1,418.94
Account: ACCT-94716"
DOC-1063,email,"Subject: Password reset request

Hello Patricia Clark,

We received a reset request for the account jessica.lopez@hotmail.com. If this was you, use the link below. Otherwise call us at (520) 515-0236.

Security Team"
DOC-1064,email,"Hi David Moore,

Thanks for contacting support. I have updated the phone number on your account to (450) 972-6026. Please confirm the change by replying to this email.

Best,
Joshua Martin
Customer Support"
DOC-1065,intake_form,"NEW PATIENT REGISTRATION
Full name: Michael Martin
Date of birth: 06/07/2003
Social Security: 635-18-3154
Home address: 5342 Lake Rd, Springfield, IL 50769
Preferred contact: william.martin@citymail.net, (848) 838-0914"
DOC-1066,email,"Subject: Password reset request

Hello Donald Harris,

We received a reset request for the account matthew.ramirez75@hotmail.com. If this was you, use the link below. Otherwise call us at 814-377-2750.

Security Team"
DOC-1067,intake_form,"PATIENT INTAKE FORM
Name: Michelle Anderson
SSN: 881-29-4817
Address: 7058 Main St, Madison, WI 98257
Phone: 381-724-3077
Emergency contact: Kimberly Wright (819-435-3901)"
DOC-1068,email,"Subject: Password reset request

Hello Emily Perez,

We received a reset request for the account nancy.johnson@yahoo.com. If this was you, use the link below. Otherwise call us at 548-222-9463.

Security Team"
DOC-1069,email,"Reminder: your appointment is confirmed for next Tuesday. We have your contact as 490-534-3432 and joshua.miller@outlook.com.

- Robert Taylor, Front Desk"
DOC-1070,email,"Reminder: your appointment is confirmed for next Tuesday. We have your contact as 417-481-4666 and matthew.king@hotmail.com.
"
DOC-1071,email,"Hi Jennifer Johnson,

Thanks for contacting support. I have updated the phone number on your account to 976-420-8578. Please confirm the change by replying to this email.

Best,
Mark Miller
Customer Support"
DOC-1072,email,"
- Barbara Wilson, Front Desk"
DOC-1073,invoice,"INVOICE INV-2025-880736
Date: 03/25/2025
Bill to: Nancy Clark
3858 Washington Ave, Milton, FL 73500
Card charged: 5402 4286 1789 2571
Amount: $4,232.09
Questions? Contact billing at william.perez8@postbox.io or 446-751-5303."
DOC-1074,intake_form,"NEW PATIENT REGISTRATION
Full name: Emily Brown
Date of birth: 04/11/1989
Social Security: 227-12-1385
Home address: 2416 Main St, Riverside, CA 67576
Preferred contact: emily.torres49@outlook.com, (286) 825-3414"
DOC-1075,intake_form,"VISITOR LOG
All visitors must sign in at reception and wear a badge at all times. Parking is available in Lot B."
DOC-1076,intake_form,"NEW PATIENT REGISTRATION
Full name: Jessica Anderson
Date of birth: 09/03/1953
Social Security: 155-35-3642
Home address: 7009 Elm St, Salem, OR 21636"
DOC-1077,intake_form,"NEW PATIENT REGISTRATION
Full name: Ashley Taylor
Date of birth: 06/20/2003
Home address: 5577 Pine Ln, Ashland, KY 28132
Preferred contact: donna.thompson@citymail.net, (670) 459-0450"
DOC-1078,email,"Subject: Password reset request

Hello Karen Garcia,


Security Team"
DOC-1079,email,"Subject: Password reset request

Hello Jessica Jackson,

We received a reset request for the account thomas.perez32@postbox.io. If this was you, use the link below. Otherwise call us at 541-870-6924.

Security Team"
DOC-1080,medical_record,"STAFF MEMO
Hand hygiene audits will be conducted next week on all wards. Please ensure dispensers are stocked."
DOC-1081,email,"Hi team,

Please add Anthony Jones (jennifer.hill89@example-health.org) to the distribution list. Their direct line is 781-805-6538.

Thanks,
Jennifer Garcia"
DOC-1082,intake_form,"NEW PATIENT REGISTRATION
Full name: Steven Young
Date of birth: 05/24/1940
Social Security: 598-62-6551
Home address: 2513 Washington Ave, Ashland, KY 90492
Preferred contact: mary.white@outlook.com, 613-551-9836"
DOC-1083,intake_form,"PATIENT INTAKE FORM
Name: Christopher Moore
DOB: 11/08/2001
SSN: 433-32-2548
Phone: 268-421-1445
Email: matthew.williams@outlook.com"
DOC-1084,invoice,"INVOICE INV-2023-752215
Date: 09/25/2024
Bill to: Joseph Allen
Card charged: 8664-7741-3135-1835
Amount: $1,394.88
Questions? Contact billing at steven.white@hotmail.com or 525-747-1286."
DOC-1085,medical_record,"STAFF MEMO
Hand hygiene audits will be conducted next week on all wards. Please ensure dispensers are stocked."
DOC-1086,email,"Subject: Password reset request

Hello Susan Wright,

We received a reset request for the account susan.miller@outlook.com. If this was you, use the link below. Otherwise call us at (745) 980-9370.

Security Team"
DOC-1087,invoice,"INVOICE INV-2023-140885
Date: 04/02/2024
Bill to: Michael Hill
7691 Elm St, Milton, FL 41740
Amount: $104.57
Questions? Contact billing at jennifer.perez@outlook.com or 400-255-1028."
DOC-1088,intake_form,"NEW PATIENT REGISTRATION
Full name: Lisa Flores
Date of birth: 11/25/1978
Social Security: 468-62-7080
Preferred contact: linda.scott@example-health.org, 805-300-2316"
DOC-1089,medical_record,"DISCHARGE SUMMARY
Patient name: Michelle Garcia
DOB: January 25, 1942
Primary diagnosis: hyperlipidemia
Secondary: coronary artery disease
Patient advised to contact Thomas Rodriguez at (957) 326-6627 with concerns."
DOC-1090,medical_record,Diagnosis: asthma
DOC-1091,email,"Hi team,

Reminder that the office will be closed next Monday for the public holiday. Please submit timesheets by Friday.

Thanks,
Facilities"
DOC-1092,email,"Reminder: your appointment is confirmed for next Tuesday. We have your contact as 325-348-9995 and jennifer.jackson@citymail.net.
"
DOC-1093,medical_record,"DISCHARGE SUMMARY
Patient name: James Clark
DOB: 05/16/1985
Primary diagnosis: anxiety disorder
Secondary: atrial fibrillation"
DOC-1094,intake_form,"NEW PATIENT REGISTRATION
Full name: Matthew Thompson
Date of birth: 12/20/1994
Social Security: 244-19-3375
Home address: 6928 Washington Ave, Springfield, IL 94823"
DOC-1095,medical_record,"Lab results for Donna Lee (September 6, 1971):
Findings support a diagnosis of COPD. Ordering physician notified via karen.jones76@postbox.io."
DOC-1096,invoice,"Receipt INV-2023-721806 (03/12/2023)
Customer: Donald Wilson
Payment method: card ending 6865
Full card on file: 0953-2670-8488-6865
Total: $4,325.21
Account: ACCT-30820"
DOC-1097,invoice,"INVOICE INV-2024-253678
Date: 02/08/2024
Bill to: Kimberly Wilson
6220 Maple Rd, Georgetown, TX 37481
Card charged: 0688-5684-6767-8094
Amount: $1,663.10
Questions? Contact billing at emily.anderson@citymail.net or 487-788-5332."
DOC-1098,email,"Reminder: your appointment is confirmed for next Tuesday. We have your contact as 481-750-7493 and jennifer.jones91@outlook.com.

- Kimberly Harris, Front Desk"
DOC-1099,email,"Reminder: your appointment is confirmed for next Tuesday. We have your contact as 564-525-1178 and margaret.martin15@hotmail.com.

- Mark King, Front Desk"
DOC-1100,email,"Hi team,

Reminder that the office will be closed next Monday for the public holiday. Please submit timesheets by Friday.

Thanks,
Facilities"
DOC-1101,invoice,"INVOICE INV-2023-420140
Date: 11/20/2023
Total due: $3,145.52
Payment terms: net 30. Thank you for your business."
DOC-1102,intake_form,"NEW PATIENT REGISTRATION
Full name: Margaret Brown
Date of birth: 11/28/1950
Home address: 5016 Cedar Blvd, Georgetown, TX 82554"
DOC-1103,intake_form,"NEW PATIENT REGISTRATION
Full name: Betty Rodriguez
Date of birth: 03/02/2003
Social Security: 769-36-6473
Home address: 9495 Pine Ln, Milton, FL 18253
Preferred contact: michael.hill@citymail.net, 743-557-6697"
DOC-1104,intake_form,"NEW PATIENT REGISTRATION
Full name: Sandra Perez
Date of birth: 09/05/1980
Social Security: 163-59-2988
Home address: 3665 Washington Ave, Clinton, NY 89605
Preferred contact: lisa.sanchez62@example-health.org, (473) 495-6478"
DOC-1105,email,"Hi team,

Please add John Martinez (andrew.moore@postbox.io) to the distribution list. Their direct line is 514-818-2706.

Thanks,
Susan Miller"
DOC-1106,email,"Hi team,


Thanks,"
DOC-1107,email,"Hi Ashley Sanchez,


Best,
Daniel Wilson
Customer Support"
DOC-1108,email,"Subject: Password reset request

Hello Charles Flores,

We received a reset request for the account thomas.thomas@postbox.io. If this was you, use the link below. Otherwise call us at 875-468-8790.

Security Team"
DOC-1109,email,"Reminder: your appointment is confirmed for next Tuesday. We have your contact as 516-297-6447 and lisa.robinson28@citymail.net.

- Christopher Martinez, Front Desk"
DOC-1110,intake_form,"NEW PATIENT REGISTRATION
Full name: Ashley Hill
Date of birth: August 12, 1978
Social Security: 101-93-6697
Home address: 2646 Washington Ave, Springfield, IL 79586
Preferred contact: thomas.davis@yahoo.com, 444-418-4947"
DOC-1111,medical_record,Findings support a diagnosis of atrial fibrillation. Ordering physician notified via robert.king@hotmail.com.
DOC-1112,email,"Hi Robert Miller,

Thanks for contacting support. I have updated the phone number on your account to 648-967-0577. Please confirm the change by replying to this email.

Best,
Sandra Torres
Customer Support"
DOC-1113,email,"Hi Lisa Nguyen,

Thanks for contacting support. I have updated the phone number on your account to 442-880-9005. Please confirm the change by replying to this email.

Best,
Mark Sanchez
Customer Support"
DOC-1114,medical_record,Patient: Ashley Brown (DOB 03/05/1998)
DOC-1115,invoice,"Receipt INV-2025-984453 (06/18/2023)
Customer: Michelle Anderson
Payment method: card ending 3003
Total: $226.65
Account: ACCT-61096"
DOC-1116,medical_record,Lab results for Anthony Thomas (10/09/2000):
DOC-1117,medical_record,"Patient: Matthew Garcia (DOB October 16, 1953)
Diagnosis: hyperlipidemia
Notes: Patient reports symptoms consistent with hyperlipidemia. Prescribed standard course of treatment. Follow-up in 30 days. Contact: 541-833-5015"
DOC-1118,email,"Hi Kimberly Miller,

Thanks for contacting support. I have updated the phone number on your account to (904) 745-5613. Please confirm the change by replying to this email.

Best,
Susan Harris
Customer Support"
DOC-1119,intake_form,"PATIENT INTAKE FORM
Name: Mark Ramirez
DOB: 05/25/2005
SSN: 799-45-8137
Address: 6359 Oak Ave, Clinton, NY 97917
Phone: (337) 369-0457
Email: thomas.king@yahoo.com"
DOC-1120,invoice,"Receipt INV-2024-672103 (09/28/2025)
Customer: Margaret Miller
Payment method: card ending 6211
Full card on file: 8376 2950 7671 6211
Total: $424.84
Account: ACCT-83520"
DOC-1121,intake_form,"PATIENT INTAKE FORM
Name: Robert Anderson
DOB: 07/28/1960
SSN: 337-61-4205
Address: 7756 Park Ln, Madison, WI 49126
Email: robert.lee92@postbox.io"
DOC-1122,intake_form,"NEW PATIENT REGISTRATION
Full name: Emily Torres
Date of birth: April 13, 1952
Social Security: 146-84-6410
Home address: 7676 Lake Rd, Springfield, IL 46342
Preferred contact: barbara.davis@gmail.com, (812) 454-6520"
DOC-1123,email,"Hi Elizabeth Hill,

Thanks for contacting support. I have updated the phone number on your account to (437) 403-6030. Please confirm the change by replying to this email.

Best,
Steven Martin
Customer Support"
DOC-1124,email,"Subject: System maintenance

The portal will be down for maintenance on Sunday from 2am to 4am. No action required."
DOC-1125,invoice,"Receipt INV-2025-204822 (08/16/2022)
Customer: Patricia Garcia
Payment method: card ending 9037
Total: $239.24
Account: ACCT-73692"
DOC-1126,intake_form,"PATIENT INTAKE FORM
Name: Andrew Martin
DOB: March 9, 1949
SSN: 717-58-0078
Address: 6526 Elm St, Riverside, CA 43209
Phone: 753-437-9097
Email: susan.thomas@example-health.org
Emergency contact: Thomas Davis (974-770-7430)"
DOC-1127,intake_form,"PATIENT INTAKE FORM
Name: Donald Thomas
SSN: 595-63-7392
Address: 4426 Elm St, Salem, OR 54601
Phone: 319-998-0005
Email: paul.moore@example-health.org
Emergency contact: Karen Lewis ((942) 422-1918)"
DOC-1128,medical_record,"Patient: Michael Miller (DOB 08/19/1946)
Diagnosis: COPD
Notes: Patient reports symptoms consistent with COPD. Prescribed standard course of treatment. Follow-up in 30 days. Contact: 660-570-4750"
DOC-1129,email,"Hi Susan Nguyen,

Thanks for contacting support. I have updated the phone number on your account to 210-823-8314. Please confirm the change by replying to this email.

Best,
Matthew King
Customer Support"
DOC-1130,invoice,"Receipt INV-2025-251325 (07/08/2025)
Customer: John Wilson
Payment method: card ending 5703
Full card on file: 8268709777795703
Total: $4,847.23
Account: ACCT-71398"
DOC-1131,medical_record,"Patient: Jennifer Brown (DOB 04/12/1996)
Diagnosis: hypothyroidism
Notes: Patient reports symptoms consistent with hypothyroidism. Prescribed standard course of treatment. Follow-up in 30 days. Contact: 376-391-0532"
DOC-1132,email,"Hi Betty Johnson,

Thanks for contacting support. I have updated the phone number on your account to (586) 779-4236. Please confirm the change by replying to this email.

Best,
Customer Support"
DOC-1133,email,"Subject: System maintenance

The portal will be down for maintenance on Sunday from 2am to 4am. No action required."
DOC-1134,email,"Hi team,

Please add Charles Wright (donald.perez@gmail.com) to the distribution list. Their direct line is (792) 846-8524.

Thanks,
Thomas Hernandez"
DOC-1135,email,"Reminder: your appointment is confirmed for next Tuesday. We have your contact as 770-634-9021 and paul.sanchez4@yahoo.com.

- Robert Anderson, Front Desk"
DOC-1136,email,"Reminder: your appointment is confirmed for next Tuesday. We have your contact as (413) 806-9448 and paul.walker73@postbox.io.

- Donald Hernandez, Front Desk"
DOC-1137,intake_form,"VISITOR LOG
All visitors must sign in at reception and wear a badge at all times. Parking is available in Lot B."
DOC-1138,email,"Hi Donald Smith,

Thanks for contacting support. I have updated the phone number on your account to (219) 531-1287. Please confirm the change by replying to this email.

Best,
Barbara King
Customer Support"
DOC-1139,medical_record,"STAFF MEMO
Hand hygiene audits will be conducted next week on all wards. Please ensure dispensers are stocked."
DOC-1140,intake_form,"VISITOR LOG
All visitors must sign in at reception and wear a badge at all times. Parking is available in Lot B."
DOC-1141,medical_record,"DISCHARGE SUMMARY
Patient name: David Sanchez
DOB: 05/09/1997
Primary diagnosis: hypertension
Secondary: rheumatoid arthritis
Patient advised to contact Betty Brown at 692-747-5597 with concerns."
DOC-1142,intake_form,"NEW PATIENT REGISTRATION
Full name: Nancy Lewis
Preferred contact: sandra.smith@gmail.com, 939-309-9265"
DOC-1143,medical_record,"STAFF MEMO
Hand hygiene audits will be conducted next week on all wards. Please ensure dispensers are stocked."
DOC-1144,invoice,"Receipt INV-2025-450483 (08/10/2022)
Customer: Steven Hernandez
Payment method: card ending 1495
Full card on file: 9158 5511 6397 1495
Total: $1,523.38
Account: ACCT-50602"
DOC-1145,intake_form,"NEW PATIENT REGISTRATION
Full name: David Harris
Date of birth: 06/20/1956
Social Security: 559-40-1148
Home address: 9523 Maple Rd, Clinton, NY 71581
Preferred contact: mark.thomas98@hotmail.com, (925) 672-7864"
DOC-1146,email,"Subject: System maintenance

The portal will be down for maintenance on Sunday from 2am to 4am. No action required."
DOC-1147,medical_record,Lab results for Mary Jackson (05/16/1956):
DOC-1148,intake_form,"PATIENT INTAKE FORM
Name: William White
DOB: October 5, 1973
SSN: 227-62-9823
Address: 9856 Cedar Blvd, Springfield, IL 21079
Email: nancy.martinez@gmail.com
Emergency contact: Linda Robinson (388-386-6488)"
DOC-1149,intake_form,"NEW PATIENT REGISTRATION
Full name: Mark Martin
Date of birth: 03/19/1960
Home address: 6907 Park Ln, Madison, WI 73084"
DOC-1150,email,"Hi Margaret Martin,

Thanks for contacting support. I have updated the phone number on your account to 664-616-1106. Please confirm the change by replying to this email.

Best,
Karen Martinez
Customer Support"
DOC-1151,email,"Hi Betty Flores,

Thanks for contacting support. I have updated the phone number on your account to (704) 813-2352. Please confirm the change by replying to this email.

Best,
Margaret Lewis
Customer Support"
DOC-1152,intake_form,"VISITOR LOG
All visitors must sign in at reception and wear a badge at all times. Parking is available in Lot B."
DOC-1153,intake_form,"NEW PATIENT REGISTRATION
Full name: Sandra Gonzalez
Date of birth: September 4, 1971
Social Security: 253-12-7887
Home address: 5677 Cedar Blvd, Clinton, NY 42578"
DOC-1154,email,"Reminder: your appointment is confirmed for next Tuesday. We have your contact as (249) 328-4072 and christopher.miller@citymail.net.

- Jennifer White, Front Desk"
DOC-1155,email,"Hi team,

Please add Nancy Sanchez (karen.jones11@example-health.org) to the distribution list. Their direct line is (360) 580-6099.

Thanks,
William Lee"
DOC-1156,invoice,"INVOICE INV-2023-431289
Date: 03/01/2022
Bill to: Karen Flores
7808 Pine Ln, Riverside, CA 24427
Card charged: 5755-7166-3282-4634
Amount: $3,590.09"
DOC-1157,medical_record,"DISCHARGE SUMMARY
Patient name: Anthony Hill
DOB: 08/03/1997
Secondary: hypothyroidism
Patient advised to contact Mary Allen at (243) 963-9713 with concerns."
DOC-1158,intake_form,"NEW PATIENT REGISTRATION
Full name: Betty Davis
Date of birth: 04/18/1989
Home address: 1552 Hillcrest Blvd, Fairview, OH 79132"
DOC-1159,email,"Hi Charles Lewis,


Best,
Susan Thompson
Customer Support"
DOC-1160,intake_form,"NEW PATIENT REGISTRATION
Full name: Michael Taylor
Date of birth: 05/20/1984
Social Security: 422-69-1301
Home address: 7978 Pine Ln, Madison, WI 44529
Preferred contact: andrew.williams@example-health.org, 727-940-6846"
DOC-1161,intake_form,"PATIENT INTAKE FORM
Name: Jennifer Allen
SSN: 603-28-0266
Address: 5827 Main St, Franklin, TN 79370
Email: jessica.walker@hotmail.com"
DOC-1162,email,"Hi team,


Thanks,
Andrew Young"
DOC-1163,medical_record,"Lab results for Joseph Brown (01/19/1943):
Findings support a diagnosis of rheumatoid arthritis. Ordering physician notified via christopher.hernandez@example-health.org."
DOC-1164,email,"Subject: Password reset request

Hello Steven Flores,


Security Team"
DOC-1165,email,"Hi team,

Please add Robert White (matthew.robinson@yahoo.com) to the distribution list. Their direct line is (568) 280-6045.

Thanks,
Thomas Miller"
DOC-1166,medical_record,"Patient: Ashley King (DOB 05/16/1977)
Diagnosis: hypertension
Notes: Patient reports symptoms consistent with hypertension. Prescribed standard course of treatment. Follow-up in 30 days. Contact: (797) 770-6252"
DOC-1167,email,"Hi team,

Reminder that the office will be closed next Monday for the public holiday. Please submit timesheets by Friday.

Thanks,
Facilities"
DOC-1168,email,"Subject: System maintenance

The portal will be down for maintenance on Sunday from 2am to 4am. No action required."
DOC-1169,medical_record,"Lab results for Robert Martinez (11/13/1988):
Findings support a diagnosis of major depressive disorder. Ordering physician notified via thomas.davis@citymail.net."
DOC-1170,medical_record,Findings support a diagnosis of COPD. Ordering physician notified via ashley.clark72@citymail.net.
DOC-1171,email,"Hi Karen Smith,

Thanks for contacting support. I have updated the phone number on your account to (550) 287-3792. Please confirm the change by replying to this email.

Best,
Christopher Davis
Customer Support"
DOC-1172,intake_form,"PATIENT INTAKE FORM
Name: Matthew Robinson
DOB: May 22, 1952
SSN: 470-77-3484
Address: 3343 Oak Ave, Springfield, IL 23705
Phone: 468-562-6385
Email: christopher.walker@hotmail.com
Emergency contact: Christopher Walker (814-475-0895)"
DOC-1173,medical_record,"Lab results for Charles Garcia (November 13, 1963):
Findings support a diagnosis of asthma. Ordering physician notified via james.harris@yahoo.com."
DOC-1174,email,"Hi Mary Wright,


Best,
Anthony Miller
Customer Support"
DOC-1175,invoice,"Receipt INV-2022-890095 (02/15/2025)
Customer: Emily Harris
Payment method: card ending 1007
Full card on file: 9894-8481-7036-1007
Total: $3,956.40
Account: ACCT-39087"
DOC-1176,email,"Subject: Password reset request

Hello Robert Lewis,

We received a reset request for the account kimberly.miller@hotmail.com. If this was you, use the link below. Otherwise call us at (309) 787-6932.

Security Team"
DOC-1177,medical_record,"Lab results for Margaret Lewis (04/08/1975):
Findings support a diagnosis of COPD. Ordering physician notified via andrew.clark@outlook.com."
DOC-1178,invoice,"Receipt INV-2023-386309 (09/16/2023)
Customer: Michelle Nguyen
Payment method: card ending 1734
Full card on file: 9266-5361-9773-1734
Total: $4,608.44
Account: ACCT-35700"
DOC-1179,email,"Subject: Password reset request

Hello Michelle Martinez,

We received a reset request for the account donald.harris@citymail.net. If this was you, use the link below. Otherwise call us at (294) 467-1281.

Security Team"
DOC-1180,email,"Hi Donald Anderson,

Thanks for contacting support. I have updated the phone number on your account to (527) 673-9953. Please confirm the change by replying to this email.

Best,
Linda Davis
Customer Support"
DOC-1181,medical_record,"DISCHARGE SUMMARY
Patient name: Susan Nguyen
DOB: January 4, 1997
Primary diagnosis: atrial fibrillation
Patient advised to contact Ashley Smith at 436-813-3888 with concerns."
DOC-1182,invoice,"INVOICE INV-2023-508347
Date: 01/01/2022
Total due: $677.14
Payment terms: net 30. Thank you for your business."
DOC-1183,medical_record,"Patient: Christopher Ramirez (DOB July 3, 1949)
Diagnosis: gastroesophageal reflux disease
Notes: Patient reports symptoms consistent with gastroesophageal reflux disease. Prescribed standard course of treatment. Follow-up in 30 days. Contact: 397-775-4225"
DOC-1184,email,"Reminder: your appointment is confirmed for next Tuesday. We have your contact as 786-839-0839 and donald.rodriguez26@yahoo.com.

- John Brown, Front Desk"
DOC-1185,invoice,"Receipt INV-2022-769070 (11/21/2023)
Customer: Anthony Jones
Payment method: card ending 8649
Full card on file: 9221-8822-0631-8649
Total: $1,294.24
Account: ACCT-13808"
DOC-1186,medical_record,"DISCHARGE SUMMARY
Patient name: Joshua Thomas
Primary diagnosis: asthma
Secondary: hypothyroidism
Patient advised to contact Sandra Ramirez at (480) 215-3994 with concerns."
DOC-1187,intake_form,"NEW PATIENT REGISTRATION
Full name: Michael Lopez
Social Security: 267-87-9300
Preferred contact: barbara.flores@outlook.com, 508-900-8523"
DOC-1188,email,"Hi Joshua King,

Thanks for contacting support. I have updated the phone number on your account to 225-528-9206. Please confirm the change by replying to this email.

Best,
Donald Garcia
Customer Support"
DOC-1189,intake_form,"PATIENT INTAKE FORM
Name: David Thompson
DOB: 12/05/1952
SSN: 749-44-6392
Address: 2858 Cedar Blvd, Salem, OR 25234
Phone: 622-382-6501
Email: mary.wilson@outlook.com
Emergency contact: Steven Martin ((274) 748-0109)"
DOC-1190,medical_record,"STAFF MEMO
Hand hygiene audits will be conducted next week on all wards. Please ensure dispensers are stocked."
DOC-1191,medical_record,"DISCHARGE SUMMARY
Patient name: James Wilson
DOB: 03/12/1994
Primary diagnosis: gastroesophageal reflux disease
Secondary: hypothyroidism"
DOC-1192,invoice,"INVOICE INV-2025-365692
Date: 11/03/2025
Bill to: Steven Robinson
1913 Cedar Blvd, Franklin, TN 15153
Card charged: 7883 1273 6548 5224
Amount: $1,332.62
Questions? Contact billing at james.jones@postbox.io or (223) 763-4832."
DOC-1193,email,"Hi team,

Please add Daniel Perez (jennifer.johnson@gmail.com) to the distribution list. Their direct line is 233-725-1881.

Thanks,"
DOC-1194,email,"Hi team,

Reminder that the office will be closed next Monday for the public holiday. Please submit timesheets by Friday.

Thanks,
Facilities"
DOC-1195,email,"Hi team,

Please add Susan Torres (linda.ramirez99@yahoo.com) to the distribution list. Their direct line is (773) 230-9931.

Thanks,"
DOC-1196,email,"Subject: System maintenance

The portal will be down for maintenance on Sunday from 2am to 4am. No action required."
DOC-1197,email,"Hi Paul Jackson,


Best,
Customer Support"
DOC-1198,email,"Subject: System maintenance

The portal will be down for maintenance on Sunday from 2am to 4am. No action required."
DOC-1199,intake_form,"PATIENT INTAKE FORM
Name: Linda Perez
DOB: 12/11/1960
SSN: 716-41-2664
Address: 887 Maple Rd, Ashland, KY 52516
Phone: 715-761-3163
Email: mark.martin@outlook.com
Emergency contact: Patricia Martin (708-614-2856)"
DOC-1200,intake_form,"PATIENT INTAKE FORM
Name: Joseph Garcia
DOB: 05/18/1996
SSN: 244-12-4173
Address: 8415 Elm St, Ashland, KY 10916
Phone: 923-977-9715
Email: linda.wright@postbox.io
Emergency contact: Karen Rodriguez (382-823-3607)"
DOC-1201,email,"Reminder: your appointment is confirmed for next Tuesday. We have your contact as (806) 761-3661 and karen.perez@yahoo.com.

- Mark Taylor, Front Desk"
DOC-1202,email,"Reminder: your appointment is confirmed for next Tuesday. We have your contact as 239-974-1786 and david.lopez@yahoo.com.
"
DOC-1203,medical_record,"Lab results for Donna Flores (January 22, 1969):
Findings support a diagnosis of psoriasis. Ordering physician notified via sarah.harris14@gmail.com."
DOC-1204,medical_record,"Patient: Susan King (DOB December 18, 2002)"
DOC-1205,intake_form,"NEW PATIENT REGISTRATION
Full name: Jessica Young
Date of birth: October 19, 1976
Social Security: 872-93-4869
Home address: 7679 Pine Ln, Fairview, OH 99652"
DOC-1206,invoice,"INVOICE INV-2023-159547
Date: 08/21/2022
Bill to: Nancy Nguyen
Card charged: 9079965857837562
Amount: $3,834.49
Questions? Contact billing at john.harris62@outlook.com or 423-513-0638."
DOC-1207,medical_record,"Patient: Ashley Allen (DOB 07/19/1967)
Diagnosis: chronic kidney disease
Notes: Patient reports symptoms consistent with chronic kidney disease. Prescribed standard course of treatment. Follow-up in 30 days. Contact: 402-932-8209"
DOC-1208,medical_record,"Diagnosis: rheumatoid arthritis
Notes: Patient reports symptoms consistent with rheumatoid arthritis. Prescribed standard course of treatment. Follow-up in 30 days. Contact: (521) 911-5423"
DOC-1209,intake_form,"NEW PATIENT REGISTRATION
Full name: Robert Nguyen
Social Security: 353-98-7397
Home address: 703 Main St, Franklin, TN 15367"
DOC-1210,intake_form,"PATIENT INTAKE FORM
Name: Anthony Lee
DOB: 08/24/1943
SSN: 158-31-2448
Address: 533 Hillcrest Blvd, Georgetown, TX 57799
Phone: 595-503-4641
Email: emily.thompson32@gmail.com
Emergency contact: Thomas White (578-531-5572)"
DOC-1211,intake_form,"PATIENT INTAKE FORM
Name: Andrew Hill
DOB: May 22, 1947
Address: 6659 Maple Rd, Georgetown, TX 84129
Emergency contact: Elizabeth Brown (777-654-6136)"
DOC-1212,email,"Reminder: your appointment is confirmed for next Tuesday. We have your contact as (646) 813-7792 and linda.harris24@gmail.com.

- Emily Gonzalez, Front Desk"
DOC-1213,email,"Subject: Password reset request

Hello Linda Smith,

We received a reset request for the account nancy.anderson@gmail.com. If this was you, use the link below. Otherwise call us at (363) 377-6846.

Security Team"
DOC-1214,medical_record,"Lab results for Emily Lee (12/18/2002):
Findings support a diagnosis of gastroesophageal reflux disease. Ordering physician notified via david.scott@hotmail.com."
DOC-1215,email,"Hi team,

Please add Steven Nguyen (christopher.rodriguez@hotmail.com) to the distribution list. Their direct line is 618-213-9303.

Thanks,
Mary Ramirez"
DOC-1216,email,"Hi team,


Thanks,
Margaret Garcia"
DOC-1217,email,"Subject: Password reset request

Hello Betty Jones,

We received a reset request for the account matthew.taylor@gmail.com. If this was you, use the link below. Otherwise call us at 201-549-3209.

Security Team"
DOC-1218,email,"Reminder: your appointment is confirmed for next Tuesday. We have your contact as 587-512-7732 and john.martinez60@example-health.org.
"
DOC-1219,email,"Hi team,

Reminder that the office will be closed next Monday for the public holiday. Please submit timesheets by Friday.

Thanks,
Facilities"
DOC-1220,email,"Reminder: your appointment is confirmed for next Tuesday. We have your contact as (697) 305-6013 and robert.walker60@gmail.com.

- Patricia Walker, Front Desk"
DOC-1221,email,"Hi team,


Thanks,
Patricia Miller"
DOC-1222,intake_form,"PATIENT INTAKE FORM
Name: Michelle Lopez
DOB: February 1, 1944
SSN: 177-89-7711
Phone: (863) 671-5468
Email: joshua.ramirez42@postbox.io
Emergency contact: Mark Martin (460-978-2736)"
DOC-1223,medical_record,"Patient: Richard Thomas (DOB 10/25/1998)
Diagnosis: gastroesophageal reflux disease
Notes: Patient reports symptoms consistent with gastroesophageal reflux disease. Prescribed standard course of treatment. Follow-up in 30 days. Contact: 633-969-6479"
DOC-1224,intake_form,"PATIENT INTAKE FORM
Name: Lisa King
DOB: 10/24/1978
SSN: 522-20-4506
Phone: 259-416-5528
Emergency contact: Daniel Lewis ((461) 471-5418)"
DOC-1225,intake_form,"PATIENT INTAKE FORM
Name: Paul Taylor
DOB: November 14, 1992
SSN: 625-80-5267
Address: 2819 Park Ln, Georgetown, TX 20010
Email: linda.allen@gmail.com
Emergency contact: Sandra Gonzalez ((866) 481-8714)"
DOC-1226,email,"Reminder: your appointment is confirmed for next Tuesday. We have your contact as (761) 304-9990 and john.jackson61@outlook.com.

- Joshua Wright, Front Desk"
DOC-1227,email,"Hi team,

Please add Donald Lopez (jennifer.taylor@hotmail.com) to the distribution list. Their direct line is (387) 711-5504.

Thanks,
Sarah Thompson"
DOC-1228,intake_form,"NEW PATIENT REGISTRATION
Full name: Charles Moore
Date of birth: September 9, 1982
Social Security: 778-47-1134
Home address: 170 Cedar Blvd, Clinton, NY 25144"
DOC-1229,email,"Hi team,


Thanks,
John White"
DOC-1230,intake_form,"PATIENT INTAKE FORM
Name: Michael Harris
SSN: 651-48-3953
Address: 3593 Cedar Blvd, Springfield, IL 67670
Phone: (891) 380-8061
Email: paul.clark82@yahoo.com
Emergency contact: Charles Martin ((667) 560-6854)"
DOC-1231,intake_form,"NEW PATIENT REGISTRATION
Full name: Daniel Flores
Date of birth: 06/17/2005
Social Security: 238-55-7094
Home address: 1410 Elm St, Clinton, NY 78535
Preferred contact: mary.hernandez81@citymail.net, (734) 380-5547"
DOC-1232,medical_record,"DISCHARGE SUMMARY
Patient name: Barbara Wright
DOB: March 23, 2004
Primary diagnosis: COPD
Secondary: gastroesophageal reflux disease
Patient advised to contact Robert Perez at (357) 245-3973 with concerns."
DOC-1233,intake_form,"NEW PATIENT REGISTRATION
Full name: Donald Wright
Social Security: 721-94-5536
Home address: 2460 Maple Rd, Salem, OR 79361
Preferred contact: sandra.harris4@yahoo.com, 353-206-8287"
DOC-1234,intake_form,"NEW PATIENT REGISTRATION
Full name: Donald Thomas
Date of birth: 07/06/1983
Social Security: 667-26-7420
Home address: 1017 Lake Rd, Springfield, IL 43382"
DOC-1235,medical_record,"STAFF MEMO
Hand hygiene audits will be conducted next week on all wards. Please ensure dispensers are stocked."
DOC-1236,medical_record,"Lab results for Mark Robinson (05/04/1944):
Findings support a diagnosis of psoriasis. Ordering physician notified via emily.wright@postbox.io."
DOC-1237,intake_form,"NEW PATIENT REGISTRATION
Full name: Steven Taylor
Date of birth: 08/24/1995
Social Security: 192-32-1155
Preferred contact: nancy.thompson@citymail.net, 648-229-0173"
DOC-1238,email,"Hi team,


Thanks,
Linda Thomas"
DOC-1239,intake_form,"PATIENT INTAKE FORM
Name: Paul Johnson
DOB: 06/27/1954
SSN: 469-45-3239
Address: 7611 Elm St, Madison, WI 12775
Phone: 332-851-7370
Email: david.allen@gmail.com
Emergency contact: Christopher Harris (574-822-7069)"
DOC-1240,medical_record,"Lab results for Jennifer Lewis (05/17/1954):
Findings support a diagnosis of COPD. Ordering physician notified via john.scott29@outlook.com."
DOC-1241,intake_form,"PATIENT INTAKE FORM
Name: Betty Lee
DOB: 02/20/1952
Phone: (527) 352-0983
Email: robert.rodriguez61@hotmail.com
Emergency contact: Michelle Taylor ((674) 407-0421)"
DOC-1242,email,"Reminder: your appointment is confirmed for next Tuesday. We have your contact as 439-496-0361 and jennifer.lopez@postbox.io.
"
DOC-1243,email,"Reminder: your appointment is confirmed for next Tuesday. We have your contact as (822) 458-1450 and jessica.martinez@hotmail.com.

- James Garcia, Front Desk"
DOC-1244,email,"Reminder: your appointment is confirmed for next Tuesday. We have your contact as 908-380-7564 and paul.clark@hotmail.com.

- Jessica Jackson, Front Desk"
DOC-1245,invoice,"INVOICE INV-2024-687709
Date: 01/06/2022
Total due: $4,484.82
Payment terms: net 30. Thank you for your business."
DOC-1246,intake_form,"VISITOR LOG
All visitors must sign in at reception and wear a badge at all times. Parking is available in Lot B."
DOC-1247,medical_record,"Diagnosis: anxiety disorder
Notes: Patient reports symptoms consistent with anxiety disorder. Prescribed standard course of treatment. Follow-up in 30 days. Contact: (775) 944-3389"
DOC-1248,invoice,"Receipt INV-2024-937825 (05/19/2024)
Customer: Jennifer Smith
Payment method: card ending 1330
Total: $247.63
Account: ACCT-66342"
DOC-1249,invoice,"Receipt INV-2022-197330 (11/28/2022)
Customer: Daniel Brown
Payment method: card ending 6036
Full card on file: 7752572316316036
Total: $3,620.03
Account: ACCT-51347"
DOC-1250,medical_record,"DISCHARGE SUMMARY
Patient name: Susan Brown
DOB: 07/28/1994
Patient advised to contact Joshua Hill at 487-612-9784 with concerns."
DOC-1251,email,"Subject: System maintenance

The portal will be down for maintenance on Sunday from 2am to 4am. No action required."
DOC-1252,email,"Hi Betty Perez,

Thanks for contacting support. I have updated the phone number on your account to 747-996-8043. Please confirm the change by replying to this email.

Best,
Charles Wright
Customer Support"
DOC-1253,intake_form,"VISITOR LOG
All visitors must sign in at reception and wear a badge at all times. Parking is available in Lot B."
DOC-1254,invoice,"INVOICE INV-2025-919695
Date: 01/07/2024
Total due: $1,372.99
Payment terms: net 30. Thank you for your business."
DOC-1255,medical_record,"Lab results for Emily Wilson (April 13, 2002):
Findings support a diagnosis of chronic kidney disease. Ordering physician notified via elizabeth.thomas@gmail.com."
DOC-1256,intake_form,"NEW PATIENT REGISTRATION
Full name: Michael Sanchez
Date of birth: 08/25/1969
Preferred contact: david.torres@hotmail.com, 238-324-4262"
DOC-1257,email,"Subject: System maintenance

The portal will be down for maintenance on Sunday from 2am to 4am. No action required."
DOC-1258,email,"Subject: Password reset request

Hello Betty Johnson,

We received a reset request for the account nancy.perez44@citymail.net. If this was you, use the link below. Otherwise call us at 476-588-5744.

Security Team"
DOC-1259,medical_record,Patient: Ashley Lewis (DOB 05/26/1951)
DOC-1260,intake_form,"PATIENT INTAKE FORM
Name: Elizabeth Young
DOB: 04/17/1959
SSN: 602-70-4375
Address: 7392 Maple Rd, Riverside, CA 37218
Phone: 599-743-3797
Email: patricia.nguyen42@citymail.net
Emergency contact: Mark Johnson ((799) 398-4237)"
DOC-1261,medical_record,"Lab results for Sarah Gonzalez (08/02/2000):
Findings support a diagnosis of hypothyroidism. Ordering physician notified via barbara.young@citymail.net."
DOC-1262,email,"Hi team,

Reminder that the office will be closed next Monday for the public holiday. Please submit timesheets by Friday.

Thanks,
Facilities"
DOC-1263,email,"Hi Linda Clark,

Thanks for contacting support. I have updated the phone number on your account to 960-935-1095. Please confirm the change by replying to this email.

Best,
Susan Moore
Customer Support"
DOC-1264,medical_record,"Lab results for Joseph Hernandez (05/24/1994):
Findings support a diagnosis of psoriasis. Ordering physician notified via jennifer.williams@hotmail.com."
DOC-1265,medical_record,"DISCHARGE SUMMARY
Patient name: Andrew Martin
DOB: February 23, 1976
Primary diagnosis: COPD
Patient advised to contact Jessica Lee at (930) 559-2453 with concerns."
DOC-1266,intake_form,"NEW PATIENT REGISTRATION
Full name: Sandra Walker
Date of birth: 02/11/1952
Preferred contact: sarah.jones@hotmail.com, (945) 790-1979"
DOC-1267,email,"Hi team,


Thanks,
Barbara Thomas"
DOC-1268,email,"Hi team,

Reminder that the office will be closed next Monday for the public holiday. Please submit timesheets by Friday.

Thanks,
Facilities"
DOC-1269,intake_form,"PATIENT INTAKE FORM
Name: Betty Walker
SSN: 422-12-2431
Address: 6008 Hillcrest Blvd, Madison, WI 36642
Email: sandra.jones@hotmail.com
Emergency contact: Kimberly Rodriguez ((311) 986-0019)"
DOC-1270,medical_record,"Lab results for Joseph Hernandez (August 26, 1944):
Findings support a diagnosis of hypertension. Ordering physician notified via andrew.allen@example-health.org."
DOC-1271,intake_form,"NEW PATIENT REGISTRATION
Full name: Charles Moore
Social Security: 438-70-6474
Home address: 1572 Elm St, Clinton, NY 88391
Preferred contact: steven.hernandez@hotmail.com, 800-477-8165"
DOC-1272,email,"
- Michelle Williams, Front Desk"
DOC-1273,email,"Subject: System maintenance

The portal will be down for maintenance on Sunday from 2am to 4am. No action required."
DOC-1274,intake_form,"PATIENT INTAKE FORM
Name: Patricia Thompson
SSN: 418-86-3422
Address: 8171 Cedar Blvd, Franklin, TN 66947
Phone: (436) 422-4224
Email: elizabeth.wright46@hotmail.com"
DOC-1275,intake_form,"PATIENT INTAKE FORM
Name: Susan Taylor
DOB: 04/24/1944
SSN: 274-35-3130
Address: 2129 Cedar Blvd, Georgetown, TX 92871
Phone: (841) 750-8431
Email: paul.moore@citymail.net
Emergency contact: Jennifer Rodriguez ((568) 861-7976)"
DOC-1276,intake_form,"NEW PATIENT REGISTRATION
Full name: Charles White
Date of birth: 05/10/1985
Social Security: 709-28-1570
Home address: 8938 Elm St, Salem, OR 39157
Preferred contact: sandra.flores@hotmail.com, (496) 230-5295"
DOC-1277,intake_form,"PATIENT INTAKE FORM
Name: Joshua Robinson
DOB: 11/22/1999
SSN: 223-96-3460
Address: 475 Oak Ave, Fairview, OH 41198
Phone: 368-296-9729
Emergency contact: Jennifer Johnson (330-539-0191)"
DOC-1278,medical_record,"Patient: Emily Nguyen (DOB 12/20/1985)
Diagnosis: Type 2 diabetes mellitus
Notes: Patient reports symptoms consistent with Type 2 diabetes mellitus. Prescribed standard course of treatment. Follow-up in 30 days. Contact: (436) 740-5487"
DOC-1279,medical_record,"Lab results for Anthony Anderson (October 11, 1972):"
DOC-1280,email,"Hi Patricia Martinez,

Thanks for contacting support. I have updated the phone number on your account to (956) 293-0257. Please confirm the change by replying to this email.

Best,
Sandra Wilson
Customer Support"
DOC-1281,medical_record,Lab results for Susan Jackson (08/09/2004):
DOC-1282,intake_form,"PATIENT INTAKE FORM
Name: Anthony Martin
SSN: 585-90-3239
Address: 5956 Lake Rd, Ashland, KY 90483
Phone: (571) 845-4577
Email: donald.ramirez8@citymail.net
Emergency contact: Mary Hill (402-707-1584)"
DOC-1283,email,"Subject: Password reset request

Hello Joseph Wright,

We received a reset request for the account mark.scott8@postbox.io. If this was you, use the link below. Otherwise call us at (928) 533-2142.

Security Team"
DOC-1284,medical_record,Lab results for Kimberly Wright (04/15/2004):
DOC-1285,invoice,"Receipt INV-2022-962500 (04/17/2025)
Customer: Sarah Sanchez
Payment method: card ending 2125
Full card on file: 9243-4354-8695-2125
Total: $61.66
Account: ACCT-18322"
DOC-1286,email,"Reminder: your appointment is confirmed for next Tuesday. We have your contact as 836-497-6254 and james.martin@yahoo.com.
"
DOC-1287,email,"Hi team,

Please add Robert Thomas (andrew.sanchez@outlook.com) to the distribution list. Their direct line is (764) 618-8236.

Thanks,
Andrew Williams"
DOC-1288,intake_form,"NEW PATIENT REGISTRATION
Full name: James Miller
Date of birth: 09/11/1968
Social Security: 001-13-2741
Home address: 7996 Park Ln, Fairview, OH 35299
Preferred contact: kimberly.smith@gmail.com, 388-501-5796"
DOC-1289,medical_record,"DISCHARGE SUMMARY
Patient name: Nancy Davis
DOB: 11/27/1952
Primary diagnosis: rheumatoid arthritis
Secondary: hypothyroidism"
DOC-1290,invoice,"Receipt INV-2024-143357 (11/02/2023)
Customer: Mary Young
Payment method: card ending 9520
Full card on file: 1961293321349520
Total: $618.60
Account: ACCT-72652"
DOC-1291,intake_form,"PATIENT INTAKE FORM
Name: Mark Taylor
DOB: 07/13/1940
SSN: 709-33-6791
Address: 3861 Maple Rd, Springfield, IL 17804
Email: margaret.lee63@gmail.com
Emergency contact: David Davis ((320) 767-7071)"
DOC-1292,medical_record,Diagnosis: atrial fibrillation
DOC-1293,email,"Hi team,

Reminder that the office will be closed next Monday for the public holiday. Please submit timesheets by Friday.

Thanks,
Facilities"
DOC-1294,email,"Hi Thomas Taylor,

Thanks for contacting support. I have updated the phone number on your account to (965) 616-0696. Please confirm the change by replying to this email.

Best,
Michelle Young
Customer Support"
DOC-1295,invoice,"INVOICE INV-2022-719312
Date: 11/26/2024
Total due: $304.52
Payment terms: net 30. Thank you for your business."
DOC-1296,medical_record,"DISCHARGE SUMMARY
Patient name: Thomas Perez
DOB: 07/20/1990
Primary diagnosis: osteoporosis
Secondary: hypertension
Patient advised to contact Ashley Taylor at (345) 822-4492 with concerns."
DOC-1297,email,"Hi team,

Please add Sandra Sanchez (matthew.hill11@postbox.io) to the distribution list. Their direct line is (553) 399-0735.

Thanks,
Betty Jackson"
DOC-1298,intake_form,"VISITOR LOG
All visitors must sign in at reception and wear a badge at all times. Parking is available in Lot B."
DOC-1299,email,"
- Betty Scott, Front Desk"
DOC-1300,intake_form,"PATIENT INTAKE FORM
Name: David Jones
DOB: 08/05/1986
SSN: 736-28-5280
Address: 3038 Maple Rd, Clinton, NY 36617
Phone: 548-355-5596
Email: robert.smith@citymail.net"
DOC-1301,email,"Hi Nancy Flores,

Thanks for contacting support. I have updated the phone number on your account to (838) 435-4721. Please confirm the change by replying to this email.

Best,
Jessica Martinez
Customer Support"
DOC-1302,intake_form,"PATIENT INTAKE FORM
Name: Michael Moore
Address: 3325 Cedar Blvd, Clinton, NY 99248
Phone: (850) 676-7892
Email: karen.williams@gmail.com"
DOC-1303,invoice,"Receipt INV-2023-429847 (05/10/2023)
Customer: Susan Perez
Payment method: card ending 8237
Full card on file: 5877452634888237
Total: $2,657.25
Account: ACCT-26811"
DOC-1304,email,"Subject: Password reset request

Hello Emily Johnson,

We received a reset request for the account nancy.williams@outlook.com. If this was you, use the link below. Otherwise call us at (574) 435-9077.

Security Team"
DOC-1305,email,"Subject: System maintenance

The portal will be down for maintenance on Sunday from 2am to 4am. No action required."
DOC-1306,intake_form,"PATIENT INTAKE FORM
Name: Susan Harris
DOB: 10/07/1986
SSN: 797-27-6490
Address: 665 Maple Rd, Riverside, CA 73014
Email: thomas.anderson1@postbox.io"
DOC-1307,email,"Subject: Password reset request

Hello Joseph Thomas,

We received a reset request for the account sarah.nguyen@example-health.org. If this was you, use the link below. Otherwise call us at (642) 830-7657.

Security Team"
DOC-1308,intake_form,"NEW PATIENT REGISTRATION
Full name: Emily Clark
Date of birth: 12/17/1948
Social Security: 095-70-8384"
DOC-1309,intake_form,"PATIENT INTAKE FORM
Name: Mark Smith
SSN: 320-77-3577
Address: 7692 Washington Ave, Ashland, KY 50586
Phone: 670-682-8132
Emergency contact: Matthew Clark ((980) 561-6589)"
DOC-1310,invoice,"INVOICE INV-2024-315570
Date: 06/17/2024
Bill to: Donald Scott
Card charged: 4393-3045-9692-0663
Amount: $4,627.11
Questions? Contact billing at robert.moore@yahoo.com or 296-386-3315."
DOC-1311,intake_form,"VISITOR LOG
All visitors must sign in at reception and wear a badge at all times. Parking is available in Lot B."
DOC-1312,medical_record,Findings support a diagnosis of major depressive disorder. Ordering physician notified via jennifer.clark@example-health.org.
DOC-1313,email,"Subject: System maintenance

The portal will be down for maintenance on Sunday from 2am to 4am. No action required."
DOC-1314,intake_form,"NEW PATIENT REGISTRATION
Full name: Ashley White
Date of birth: 06/26/1966
Social Security: 074-36-5056
Home address: 4309 Oak Ave, Salem, OR 88068
Preferred contact: john.nguyen@postbox.io, 768-224-8973"
DOC-1315,email,"Hi team,

Reminder that the office will be closed next Monday for the public holiday. Please submit timesheets by Friday.

Thanks,
Facilities"
DOC-1316,email,"Reminder: your appointment is confirmed for next Tuesday. We have your contact as (457) 711-2560 and thomas.nguyen@gmail.com.

- James King, Front Desk"
DOC-1317,medical_record,"Patient: Nancy Walker (DOB September 22, 1968)"
DOC-1318,medical_record,"DISCHARGE SUMMARY
Patient name: Karen Anderson
Secondary: gastroesophageal reflux disease"
DOC-1319,invoice,"INVOICE INV-2022-276387
Date: 07/07/2023
Bill to: Barbara Clark
7047 Main St, Milton, FL 76581
Card charged: 5688-8861-0859-7352
Amount: $3,260.63
Questions? Contact billing at donna.jackson28@yahoo.com or 620-480-4448."
DOC-1320,email,"Hi team,

Please add Nancy King (mark.harris50@outlook.com) to the distribution list. Their direct line is 797-848-4343.

Thanks,
Jennifer Thompson"
DOC-1321,email,"Subject: System maintenance

The portal will be down for maintenance on Sunday from 2am to 4am. No action required."
DOC-1322,medical_record,"DISCHARGE SUMMARY
Patient name: Christopher Anderson
DOB: 06/01/1973
Primary diagnosis: osteoporosis
Secondary: migraine
Patient advised to contact Emily Williams at 693-737-0119 with concerns."
DOC-1323,medical_record,"STAFF MEMO
Hand hygiene audits will be conducted next week on all wards. Please ensure dispensers are stocked."
DOC-1324,email,"Reminder: your appointment is confirmed for next Tuesday. We have your contact as (423) 380-4219 and christopher.miller6@yahoo.com.

- Anthony White, Front Desk"
DOC-1325,intake_form,"NEW PATIENT REGISTRATION
Full name: Margaret Williams
Social Security: 140-72-3220
Preferred contact: linda.perez@postbox.io, 254-925-9430"
DOC-1326,email,"Hi team,

Please add Donna Robinson (donald.torres@yahoo.com) to the distribution list. Their direct line is (730) 401-3867.

Thanks,
Margaret Garcia"
DOC-1327,invoice,"INVOICE INV-2023-529805
Date: 01/06/2025
Total due: $3,325.67
Payment terms: net 30. Thank you for your business."
DOC-1328,intake_form,"NEW PATIENT REGISTRATION
Full name: Patricia Walker
Date of birth: November 28, 1950
Social Security: 555-97-1961
Home address: 3088 Maple Rd, Milton, FL 41346
Preferred contact: betty.miller28@gmail.com, 330-392-8060"
DOC-1329,intake_form,"PATIENT INTAKE FORM
Name: Ashley Nguyen
DOB: January 21, 1948
SSN: 415-92-5953
Address: 7102 Oak Ave, Springfield, IL 45039
Phone: 241-707-0586
Email: kimberly.wilson98@citymail.net
Emergency contact: Karen Lewis ((743) 948-4405)"
DOC-1330,intake_form,"PATIENT INTAKE FORM
Name: Richard Davis
SSN: 251-94-6389
Address: 1456 Pine Ln, Georgetown, TX 66101
Phone: 704-962-8507
Email: michelle.allen@outlook.com"
DOC-1331,email,"Hi William Hill,

Thanks for contacting support. I have updated the phone number on your account to 812-874-6589. Please confirm the change by replying to this email.

Best,
Richard Anderson
Customer Support"
DOC-1332,email,"Hi Daniel Moore,

Thanks for contacting support. I have updated the phone number on your account to (261) 384-7584. Please confirm the change by replying to this email.

Best,
David Johnson
Customer Support"
DOC-1333,email,"Hi team,

Reminder that the office will be closed next Monday for the public holiday. Please submit timesheets by Friday.

Thanks,
Facilities"
DOC-1334,email,"Hi Andrew Thomas,

Thanks for contacting support. I have updated the phone number on your account to 257-554-4871. Please confirm the change by replying to this email.

Best,
Customer Support"
DOC-1335,medical_record,"Lab results for Christopher Thomas (06/28/1953):
Findings support a diagnosis of coronary artery disease. Ordering physician notified via ashley.martinez@postbox.io."
DOC-1336,intake_form,"PATIENT INTAKE FORM
Name: Nancy Perez
DOB: April 2, 1945
SSN: 127-83-6934
Address: 5070 Park Ln, Fairview, OH 44314
Phone: 959-713-7429
Email: michael.perez2@postbox.io
Emergency contact: Charles Allen ((767) 488-9587)"
DOC-1337,email,"Subject: Password reset request

Hello Lisa Perez,

We received a reset request for the account steven.allen@example-health.org. If this was you, use the link below. Otherwise call us at (974) 928-2197.

Security Team"
DOC-1338,email,"Hi William Wilson,

Thanks for contacting support. I have updated the phone number on your account to 726-658-2431. Please confirm the change by replying to this email.

Best,
Donna Thomas
Customer Support"
DOC-1339,invoice,"Receipt INV-2023-460192 (01/06/2025)
Customer: Emily Martin
Payment method: card ending 7121
Full card on file: 9674166239567121
Total: $3,679.33
Account: ACCT-66482"
DOC-1340,medical_record,Patient: Elizabeth Martinez (DOB 03/22/2002)
DOC-1341,email,"Hi team,


Thanks,
Susan White"
DOC-1342,email,"Hi Charles Gonzalez,

Thanks for contacting support. I have updated the phone number on your account to 281-685-1454. Please confirm the change by replying to this email.

Best,
Nancy Walker
Customer Support"
DOC-1343,email,"Subject: Password reset request

Hello John Clark,


Security Team"
DOC-1344,email,"Hi team,


Thanks,
Jessica Young"
DOC-1345,invoice,"INVOICE INV-2022-370173
Date: 08/21/2023
Bill to: Kimberly Martin
8616 Pine Ln, Salem, OR 23020
Card charged: 6766-3420-8348-1249
Amount: $1,383.97
Questions? Contact billing at margaret.jackson@yahoo.com or 945-622-5029."
DOC-1346,medical_record,"Diagnosis: coronary artery disease
Notes: Patient reports symptoms consistent with coronary artery disease. Prescribed standard course of treatment. Follow-up in 30 days. Contact: 518-597-8625"
DOC-1347,intake_form,"PATIENT INTAKE FORM
Name: Michelle Moore
DOB: 03/21/1941
SSN: 814-84-0182
Address: 6245 Hillcrest Blvd, Milton, FL 45162
Phone: 984-803-6366
Email: anthony.king@citymail.net
Emergency contact: Paul Lopez ((342) 790-2390)"
DOC-1348,email,"Reminder: your appointment is confirmed for next Tuesday. We have your contact as 508-923-8533 and ashley.allen@outlook.com.

- Nancy Lee, Front Desk"
DOC-1349,invoice,"Receipt INV-2025-138190 (06/14/2022)
Customer: Steven Harris
Payment method: card ending 9433
Full card on file: 8005 5126 7644 9433
Total: $3,578.45
Account: ACCT-43470"
DOC-1350,email,"Hi Patricia Jackson,

Thanks for contacting support. I have updated the phone number on your account to 354-289-8357. Please confirm the change by replying to this email.

Best,
Mark Taylor
Customer Support"
DOC-1351,email,"Hi team,

Please add Mary Perez (anthony.white@yahoo.com) to the distribution list. Their direct line is 429-524-8967.

Thanks,
Patricia Wright"
DOC-1352,medical_record,"DISCHARGE SUMMARY
Patient name: Donna Brown
DOB: 03/07/1975
Primary diagnosis: major depressive disorder
Secondary: Type 2 diabetes mellitus
Patient advised to contact Betty Williams at 961-717-1268 with concerns."
DOC-1353,intake_form,"NEW PATIENT REGISTRATION
Full name: Michelle Hill
Date of birth: 06/28/1942
Home address: 7133 Park Ln, Milton, FL 22541
Preferred contact: linda.jackson@example-health.org, (398) 245-5113"
DOC-1354,email,"Reminder: your appointment is confirmed for next Tuesday. We have your contact as 494-547-3295 and linda.jackson@postbox.io.
"
DOC-1355,intake_form,"PATIENT INTAKE FORM
Name: Barbara Anderson
DOB: July 3, 1965
SSN: 365-53-8358
Address: 2485 Main St, Madison, WI 42839
Phone: 664-533-5435
Emergency contact: Jessica Sanchez ((844) 684-0941)"
DOC-1356,invoice,"INVOICE INV-2022-255090
Date: 05/06/2025
Bill to: Jennifer King
7533 Oak Ave, Madison, WI 88489
Card charged: 3235-3933-0548-4956
Amount: $2,191.52
Questions? Contact billing at donald.brown57@outlook.com or (392) 348-1773."
DOC-1357,medical_record,"Patient: Robert Martin (DOB 11/03/1948)
Diagnosis: COPD
Notes: Patient reports symptoms consistent with COPD. Prescribed standard course of treatment. Follow-up in 30 days. Contact: 757-716-0537"
DOC-1358,email,"Hi team,


Thanks,
Linda Sanchez"
DOC-1359,email,"Hi team,

Reminder that the office will be closed next Monday for the public holiday. Please submit timesheets by Friday.

Thanks,
Facilities"
DOC-1360,invoice,"Receipt INV-2023-132009 (12/03/2022)
Customer: Jennifer Lewis
Payment method: card ending 9173
Full card on file: 8568176975059173
Total: $2,863.92
Account: ACCT-99867"
DOC-1361,medical_record,"STAFF MEMO
Hand hygiene audits will be conducted next week on all wards. Please ensure dispensers are stocked."
DOC-1362,invoice,"Receipt INV-2024-107032 (10/09/2025)
Customer: Mary King
Payment method: card ending 5709
Full card on file: 9440-6545-2593-5709
Total: $121.60
Account: ACCT-33583"
DOC-1363,intake_form,"PATIENT INTAKE FORM
Name: Mark Davis
DOB: July 1, 1960
Phone: (724) 220-1925
Email: joshua.anderson@example-health.org
Emergency contact: John Nguyen ((485) 785-0057)"
DOC-1364,intake_form,"NEW PATIENT REGISTRATION
Full name: Patricia Garcia
Date of birth: 11/19/1975
Social Security: 716-59-8298
Home address: 1824 Maple Rd, Riverside, CA 83815"
DOC-1365,email,"Hi team,

Reminder that the office will be closed next Monday for the public holiday. Please submit timesheets by Friday.

Thanks,
Facilities"
DOC-1366,intake_form,"PATIENT INTAKE FORM
Name: Ashley Thompson
DOB: 07/15/1953
SSN: 831-77-6816
Address: 6050 Lake Rd, Georgetown, TX 80954
Email: ashley.young34@hotmail.com
Emergency contact: Charles Young (661-821-3911)"
DOC-1367,intake_form,"VISITOR LOG
All visitors must sign in at reception and wear a badge at all times. Parking is available in Lot B."
DOC-1368,email,"Subject: System maintenance

The portal will be down for maintenance on Sunday from 2am to 4am. No action required."
DOC-1369,medical_record,"Patient: Robert Lee (DOB 09/05/1990)
Diagnosis: psoriasis
Notes: Patient reports symptoms consistent with psoriasis. Prescribed standard course of treatment. Follow-up in 30 days. Contact: 582-437-3857"
DOC-1370,email,"Hi Barbara Scott,

Thanks for contacting support. I have updated the phone number on your account to (361) 612-9681. Please confirm the change by replying to this email.

Best,
Charles White
Customer Support"
DOC-1371,intake_form,"PATIENT INTAKE FORM
Name: Jessica Torres
DOB: November 24, 1975
SSN: 450-57-0908
Phone: (706) 942-7905
Emergency contact: Karen Wilson ((509) 856-5230)"
DOC-1372,medical_record,"Lab results for Lisa Lewis (July 6, 1985):
Findings support a diagnosis of migraine. Ordering physician notified via richard.gonzalez@hotmail.com."
DOC-1373,intake_form,"NEW PATIENT REGISTRATION
Full name: Michael Brown
Date of birth: 01/10/1948
Social Security: 499-85-7765
Home address: 3262 Pine Ln, Milton, FL 55718"
DOC-1374,email,"Subject: Password reset request

Hello Karen Robinson,

We received a reset request for the account lisa.sanchez7@gmail.com. If this was you, use the link below. Otherwise call us at 621-493-2643.

Security Team"
DOC-1375,medical_record,"DISCHARGE SUMMARY
Patient name: Matthew Flores
DOB: 03/22/1961
Secondary: Type 2 diabetes mellitus
Patient advised to contact Ashley Garcia at 968-655-4032 with concerns."
DOC-1376,email,"Hi Patricia Lewis,


Best,
Betty Gonzalez
Customer Support"
DOC-1377,intake_form,"NEW PATIENT REGISTRATION
Full name: Steven Williams
Date of birth: 07/09/1983
Home address: 3242 Pine Ln, Riverside, CA 38617"
DOC-1378,email,"Hi team,


Thanks,
Andrew Nguyen"
DOC-1379,medical_record,"Lab results for Donna Gonzalez (05/28/1955):
Findings support a diagnosis of atrial fibrillation. Ordering physician notified via elizabeth.smith@postbox.io."
DOC-1380,intake_form,"NEW PATIENT REGISTRATION
Full name: Betty White
Home address: 4152 Park Ln, Riverside, CA 96779
Preferred contact: matthew.robinson@example-health.org, 304-626-5114"
DOC-1381,email,"Subject: Password reset request

Hello Jessica Jackson,


Security Team"
DOC-1382,email,"Hi team,

Please add David Thomas (paul.ramirez@postbox.io) to the distribution list. Their direct line is (658) 685-6305.

Thanks,"
DOC-1383,intake_form,"NEW PATIENT REGISTRATION
Full name: Ashley Rodriguez
Date of birth: 01/15/1949
Social Security: 183-47-0848
Preferred contact: lisa.jones3@citymail.net, (972) 812-8078"
DOC-1384,intake_form,"PATIENT INTAKE FORM
Name: Ashley Ramirez
DOB: 10/18/1969
SSN: 190-38-9102
Address: 2874 Oak Ave, Ashland, KY 77015
Emergency contact: Kimberly Johnson (689-955-0650)"
DOC-1385,email,"Hi team,

Reminder that the office will be closed next Monday for the public holiday. Please submit timesheets by Friday.

Thanks,
Facilities"
DOC-1386,medical_record,Lab results for James Young (06/01/2001):
DOC-1387,intake_form,"VISITOR LOG
All visitors must sign in at reception and wear a badge at all times. Parking is available in Lot B."
DOC-1388,email,"Subject: Password reset request

Hello Lisa Nguyen,

We received a reset request for the account nancy.perez@postbox.io. If this was you, use the link below. Otherwise call us at 393-924-0566.

Security Team"
DOC-1389,invoice,"INVOICE INV-2025-423614
Date: 06/04/2023
Total due: $1,899.51
Payment terms: net 30. Thank you for your business."
DOC-1390,medical_record,"Diagnosis: hyperlipidemia
Notes: Patient reports symptoms consistent with hyperlipidemia. Prescribed standard course of treatment. Follow-up in 30 days. Contact: (344) 442-4273"
DOC-1391,email,"Hi team,

Reminder that the office will be closed next Monday for the public holiday. Please submit timesheets by Friday.

Thanks,
Facilities"
DOC-1392,invoice,"INVOICE INV-2025-885597
Date: 06/19/2025
Total due: $4,099.27
Payment terms: net 30. Thank you for your business."
DOC-1393,email,"Subject: Password reset request

Hello Jessica Miller,

We received a reset request for the account mary.wright@yahoo.com. If this was you, use the link below. Otherwise call us at 446-255-7077.

Security Team"
DOC-1394,intake_form,"NEW PATIENT REGISTRATION
Full name: Jennifer Williams
Date of birth: 03/03/1945
Social Security: 312-19-4142
Home address: 1530 Main St, Ashland, KY 68686"
DOC-1395,invoice,"Receipt INV-2024-215893 (04/04/2023)
Customer: Ashley Taylor
Payment method: card ending 4602
Full card on file: 3344210651004602
Total: $3,021.42
Account: ACCT-54070"
DOC-1396,intake_form,"PATIENT INTAKE FORM
Name: Donald Martinez
DOB: 11/08/1956
SSN: 366-64-7606
Address: 8114 Maple Rd, Riverside, CA 59515
Phone: 278-927-8564
Email: emily.robinson@hotmail.com"
DOC-1397,email,"Hi Donna Taylor,

Thanks for contacting support. I have updated the phone number on your account to 526-549-8213. Please confirm the change by replying to this email.

Best,
Customer Support"
DOC-1398,invoice,"Receipt INV-2024-967422 (05/20/2023)
Customer: Karen Williams
Payment method: card ending 5360
Full card on file: 3157-5859-3918-5360
Total: $4,800.23
Account: ACCT-40872"
DOC-1399,medical_record,"Patient: Anthony Anderson (DOB 07/15/1980)
Diagnosis: hypertension
Notes: Patient reports symptoms consistent with hypertension. Prescribed standard course of treatment. Follow-up in 30 days. Contact: 956-679-1223"
DOC-1400,medical_record,Findings support a diagnosis of hypothyroidism. Ordering physician notified via sandra.robinson90@postbox.io.
DOC-1401,email,"Hi team,

Please add Ashley Jones (linda.lopez@gmail.com) to the distribution list. Their direct line is 904-654-6013.

Thanks,
Paul Smith"
DOC-1402,email,"Subject: Password reset request

Hello Charles Martin,

We received a reset request for the account ashley.brown@example-health.org. If this was you, use the link below. Otherwise call us at (761) 624-7700.

Security Team"
DOC-1403,medical_record,"Lab results for Charles Anderson (08/08/1943):
Findings support a diagnosis of anxiety disorder. Ordering physician notified via margaret.king73@postbox.io."
DOC-1404,medical_record,"Lab results for Steven Nguyen (May 13, 1958):"
DOC-1405,email,"Hi team,

Please add Matthew White (michael.allen@hotmail.com) to the distribution list. Their direct line is 576-808-1321.

Thanks,
Patricia Johnson"
DOC-1406,medical_record,"Lab results for Nancy Wilson (03/11/1988):
Findings support a diagnosis of hyperlipidemia. Ordering physician notified via susan.davis@outlook.com."
DOC-1407,intake_form,"PATIENT INTAKE FORM
Name: Robert White
DOB: March 3, 1956
SSN: 317-43-2686
Address: 4104 Washington Ave, Salem, OR 57911
Phone: (404) 773-4350
Email: christopher.ramirez@postbox.io"
DOC-1408,medical_record,"Patient: Paul Miller (DOB October 19, 1974)
Diagnosis: COPD
Notes: Patient reports symptoms consistent with COPD. Prescribed standard course of treatment. Follow-up in 30 days. Contact: (232) 387-3137"
DOC-1409,intake_form,"PATIENT INTAKE FORM
Name: Steven King
DOB: June 1, 1943
SSN: 508-50-0746
Address: 1543 Lake Rd, Ashland, KY 86796
Phone: (902) 845-7390
Emergency contact: Barbara Moore (920-918-7755)"
DOC-1410,intake_form,"PATIENT INTAKE FORM
Name: Matthew Martin
SSN: 373-56-3406
Address: 9828 Lake Rd, Salem, OR 39867
Phone: 775-560-4755
Email: mary.nguyen@gmail.com"
DOC-1411,intake_form,"PATIENT INTAKE FORM
Name: Mark Torres
SSN: 815-23-7813
Address: 2138 Pine Ln, Georgetown, TX 99867
Phone: (603) 992-0930
Email: william.white8@postbox.io
Emergency contact: Joseph Nguyen (504-452-9789)"
DOC-1412,email,"Hi team,


Thanks,
Charles Martinez"
DOC-1413,invoice,"INVOICE INV-2025-912588
Date: 11/10/2024
Bill to: Donald Harris
6796 Oak Ave, Salem, OR 45471
Card charged: 0404-6551-1286-3810
Amount: $2,940.21
Questions? Contact billing at james.rodriguez@example-health.org or (935) 817-2653."
DOC-1414,intake_form,"NEW PATIENT REGISTRATION
Full name: Ashley Walker
Social Security: 326-99-4341
Preferred contact: william.lewis@example-health.org, (628) 988-9477"
DOC-1415,intake_form,"NEW PATIENT REGISTRATION
Full name: Andrew Harris
Date of birth: 04/28/1983
Social Security: 370-55-7805
Home address: 532 Cedar Blvd, Riverside, CA 56674
Preferred contact: barbara.smith72@example-health.org, 399-267-9111"
DOC-1416,invoice,"INVOICE INV-2023-357227
Date: 10/21/2024
Bill to: Sarah Garcia
Card charged: 2759082680090724
Amount: $3,407.98"
DOC-1417,intake_form,"NEW PATIENT REGISTRATION
Full name: Daniel Davis
Date of birth: June 15, 1998
Social Security: 031-35-2741
Home address: 9125 Cedar Blvd, Springfield, IL 78914
Preferred contact: paul.brown@example-health.org, 489-268-7616"
DOC-1418,medical_record,"Lab results for Paul Perez (10/11/1940):
Findings support a diagnosis of major depressive disorder. Ordering physician notified via karen.perez@example-health.org."
DOC-1419,invoice,"INVOICE INV-2024-904438
Date: 12/05/2022
Total due: $1,871.83
Payment terms: net 30. Thank you for your business."
DOC-1420,intake_form,"NEW PATIENT REGISTRATION
Full name: Robert Taylor
Date of birth: 03/04/1991
Social Security: 396-43-3168
Home address: 3397 Pine Ln, Milton, FL 85234
Preferred contact: charles.miller55@postbox.io, (586) 659-4201"
DOC-1421,intake_form,"PATIENT INTAKE FORM
Name: Patricia Sanchez
DOB: 08/21/1995
SSN: 440-47-1501
Email: susan.robinson@gmail.com
Emergency contact: David Moore (788-417-1794)"
DOC-1422,medical_record,"DISCHARGE SUMMARY
Patient name: Betty Nguyen
DOB: July 23, 1962
Secondary: hypertension
Patient advised to contact Joseph Hernandez at 680-413-5608 with concerns."
DOC-1423,invoice,"INVOICE INV-2025-867847
Date: 09/09/2025
Bill to: Lisa Anderson
3076 Maple Rd, Clinton, NY 54619
Amount: $246.94"
DOC-1424,invoice,"INVOICE INV-2023-359544
Date: 08/02/2022
Total due: $4,863.10
Payment terms: net 30. Thank you for your business."
DOC-1425,medical_record,"DISCHARGE SUMMARY
Patient name: Charles Gonzalez
DOB: 09/15/1989
Primary diagnosis: anxiety disorder
Secondary: rheumatoid arthritis"
DOC-1426,medical_record,"DISCHARGE SUMMARY
Patient name: John Moore
Secondary: asthma
Patient advised to contact Thomas Miller at 943-951-9901 with concerns."
DOC-1427,medical_record,"Diagnosis: major depressive disorder
Notes: Patient reports symptoms consistent with major depressive disorder. Prescribed standard course of treatment. Follow-up in 30 days. Contact: 416-341-0110"
DOC-1428,email,"Reminder: your appointment is confirmed for next Tuesday. We have your contact as 599-207-4861 and anthony.scott@example-health.org.

- Jennifer Miller, Front Desk"
DOC-1429,invoice,"Receipt INV-2024-294034 (02/16/2024)
Customer: Lisa Walker
Payment method: card ending 5292
Full card on file: 6664-7608-5208-5292
Total: $2,375.73
Account: ACCT-18129"
DOC-1430,intake_form,"NEW PATIENT REGISTRATION
Full name: Elizabeth Robinson
Date of birth: 05/24/1986
Social Security: 171-10-7063
Home address: 6028 Oak Ave, Ashland, KY 15320
Preferred contact: anthony.hill22@postbox.io, 749-678-3803"
DOC-1431,email,"Subject: Password reset request

Hello Jennifer Wright,

We received a reset request for the account richard.torres@postbox.io. If this was you, use the link below. Otherwise call us at (220) 280-1777.

Security Team"
DOC-1432,email,"Subject: System maintenance

The portal will be down for maintenance on Sunday from 2am to 4am. No action required."
DOC-1433,email,"Hi team,

Please add Daniel Robinson (kimberly.wilson@hotmail.com) to the distribution list. Their direct line is 785-759-3272.

Thanks,
Jennifer Thomas"
DOC-1434,medical_record,"DISCHARGE SUMMARY
Patient name: John Robinson
DOB: 06/22/1958
Secondary: major depressive disorder
Patient advised to contact Joshua Flores at 967-797-1816 with concerns."
DOC-1435,intake_form,"VISITOR LOG
All visitors must sign in at reception and wear a badge at all times. Parking is available in Lot B."
DOC-1436,medical_record,"Diagnosis: asthma
Notes: Patient reports symptoms consistent with asthma. Prescribed standard course of treatment. Follow-up in 30 days. Contact: 821-977-0952"
DOC-1437,email,"Subject: System maintenance

The portal will be down for maintenance on Sunday from 2am to 4am. No action required."
DOC-1438,email,"Subject: System maintenance

The portal will be down for maintenance on Sunday from 2am to 4am. No action required."
DOC-1439,email,"Hi team,


Thanks,
Jessica Brown"
DOC-1440,email,"Hi Ashley Moore,

Thanks for contacting support. I have updated the phone number on your account to (577) 214-9834. Please confirm the change by replying to this email.

Best,
Jessica Lopez
Customer Support"
DOC-1441,medical_record,"STAFF MEMO
Hand hygiene audits will be conducted next week on all wards. Please ensure dispensers are stocked."
DOC-1442,medical_record,Patient: Ashley Walker (DOB 08/14/1968)
DOC-1443,email,"
- William Hill, Front Desk"
DOC-1444,email,"Subject: Password reset request

Hello Jessica Torres,

We received a reset request for the account patricia.ramirez@example-health.org. If this was you, use the link below. Otherwise call us at (958) 752-5415.

Security Team"
DOC-1445,intake_form,"VISITOR LOG
All visitors must sign in at reception and wear a badge at all times. Parking is available in Lot B."
DOC-1446,email,"Hi team,


Thanks,
Barbara Williams"
DOC-1447,email,"Reminder: your appointment is confirmed for next Tuesday. We have your contact as (473) 497-4112 and david.torres54@gmail.com.

- Thomas Martinez, Front Desk"
DOC-1448,email,"Hi team,


Thanks,"
DOC-1449,intake_form,"PATIENT INTAKE FORM
Name: Nancy Allen
DOB: November 16, 1994
SSN: 339-46-6594
Address: 6870 Elm St, Ashland, KY 25806
Phone: 690-369-9056
Email: sandra.johnson@outlook.com
Emergency contact: Anthony Wilson (425-388-4702)"
DOC-1450,email,"Hi team,

Please add Michael Young (betty.torres@outlook.com) to the distribution list. Their direct line is 920-779-5913.

Thanks,
Christopher Clark"
DOC-1451,medical_record,Findings support a diagnosis of hyperlipidemia. Ordering physician notified via christopher.garcia@outlook.com.
DOC-1452,email,"Reminder: your appointment is confirmed for next Tuesday. We have your contact as (514) 419-0940 and michelle.walker6@gmail.com.

- Joseph Young, Front Desk"
DOC-1453,medical_record,Lab results for Richard Hill (03/20/1959):
DOC-1454,intake_form,"NEW PATIENT REGISTRATION
Full name: Ashley Sanchez
Social Security: 449-74-2553
Home address: 6642 Pine Ln, Clinton, NY 66484
Preferred contact: betty.harris@citymail.net, (775) 427-7068"
DOC-1455,email,"Subject: Password reset request

Hello Matthew Harris,


Security Team"
DOC-1456,medical_record,"Patient: Richard Thomas (DOB November 9, 1972)
Diagnosis: hypothyroidism
Notes: Patient reports symptoms consistent with hypothyroidism. Prescribed standard course of treatment. Follow-up in 30 days. Contact: (626) 607-1726"
DOC-1457,intake_form,"NEW PATIENT REGISTRATION
Full name: Michelle Hernandez
Date of birth: May 20, 1974
Social Security: 261-12-4027
Preferred contact: margaret.flores@hotmail.com, 288-435-4910"
DOC-1458,intake_form,"PATIENT INTAKE FORM
Name: Susan Young
SSN: 625-80-0038
Address: 2721 Oak Ave, Franklin, TN 13644"
DOC-1459,intake_form,"NEW PATIENT REGISTRATION
Full name: Barbara Williams
Date of birth: 03/20/1954
Social Security: 019-41-1600
Home address: 5347 Lake Rd, Salem, OR 62278
Preferred contact: andrew.smith1@gmail.com, (906) 307-9532"
DOC-1460,intake_form,"PATIENT INTAKE FORM
Name: Christopher Jackson
DOB: 05/14/2003
SSN: 117-69-0959
Address: 277 Hillcrest Blvd, Salem, OR 27481
Email: robert.taylor@example-health.org"
DOC-1461,medical_record,"Lab results for Mark Harris (06/05/1960):
Findings support a diagnosis of hypertension. Ordering physician notified via david.garcia@gmail.com."
DOC-1462,email,"Hi Betty Lewis,

Thanks for contacting support. I have updated the phone number on your account to 717-313-1850. Please confirm the change by replying to this email.

Best,
Sandra Wright
Customer Support"
DOC-1463,invoice,"Receipt INV-2024-917161 (02/02/2024)
Customer: Mark Anderson
Payment method: card ending 4051
Full card on file: 0220994175304051
Total: $3,684.41
Account: ACCT-13600"
DOC-1464,email,"Hi team,

Please add David Scott (charles.clark@gmail.com) to the distribution list. Their direct line is 438-708-8260.

Thanks,"
DOC-1465,invoice,"Receipt INV-2024-213183 (02/25/2023)
Customer: James Garcia
Payment method: card ending 0182
Total: $1,603.32
Account: ACCT-18285"
DOC-1466,invoice,"INVOICE INV-2024-969750
Date: 01/15/2022
Bill to: John Flores
6062 Park Ln, Springfield, IL 13862
Card charged: 2406-5117-4711-7069
Amount: $2,459.69
Questions? Contact billing at mark.torres56@example-health.org or (615) 399-1467."
DOC-1467,email,"Hi team,

Reminder that the office will be closed next Monday for the public holiday. Please submit timesheets by Friday.

Thanks,
Facilities"
DOC-1468,intake_form,"PATIENT INTAKE FORM
Name: Donna Perez
SSN: 030-22-7928
Address: 2612 Main St, Milton, FL 22393
Email: john.walker@yahoo.com
Emergency contact: Elizabeth Wilson (768-204-4121)"
DOC-1469,email,"Reminder: your appointment is confirmed for next Tuesday. We have your contact as 441-569-8225 and barbara.robinson22@example-health.org.

- Richard Wilson, Front Desk"
DOC-1470,intake_form,"NEW PATIENT REGISTRATION
Full name: Richard Hill
Date of birth: 07/10/1979
Social Security: 273-27-7453
Home address: 9230 Cedar Blvd, Milton, FL 40476
Preferred contact: christopher.sanchez@yahoo.com, (927) 445-9876"
DOC-1471,email,"Subject: Password reset request

Hello Patricia Miller,

We received a reset request for the account anthony.ramirez@outlook.com. If this was you, use the link below. Otherwise call us at (260) 319-4289.

Security Team"
DOC-1472,intake_form,"NEW PATIENT REGISTRATION
Full name: Barbara Wilson
Date of birth: 06/15/1964
Home address: 5122 Elm St, Riverside, CA 36658"
DOC-1473,intake_form,"PATIENT INTAKE FORM
Name: Steven Davis
SSN: 126-62-4474
Phone: (876) 596-4723
Email: donna.hill@yahoo.com"
DOC-1474,invoice,"INVOICE INV-2022-860630
Date: 01/13/2025
Bill to: Jessica Brown
9238 Elm St, Salem, OR 32480
Card charged: 4531 0812 4643 7864
Amount: $3,672.39"
DOC-1475,email,"Hi Matthew Perez,


Best,
Mark Garcia
Customer Support"
DOC-1476,email,"Subject: System maintenance

The portal will be down for maintenance on Sunday from 2am to 4am. No action required."
DOC-1477,email,"Hi Emily Sanchez,

Thanks for contacting support. I have updated the phone number on your account to 281-470-8978. Please confirm the change by replying to this email.

Best,
Elizabeth White
Customer Support"
DOC-1478,invoice,"INVOICE INV-2025-836443
Date: 10/17/2023
Bill to: John Jackson
4519 Oak Ave, Clinton, NY 27880
Card charged: 4607-3723-8615-9521
Amount: $1,901.03
Questions? Contact billing at joshua.hill@outlook.com or (875) 681-7156."
DOC-1479,intake_form,"PATIENT INTAKE FORM
Name: Matthew Lewis
DOB: 01/16/1995
SSN: 641-22-0661
Address: 3679 Elm St, Milton, FL 89330
Phone: (479) 947-8773
Email: christopher.smith@postbox.io
Emergency contact: Joseph Torres (257-442-5586)"
DOC-1480,invoice,"INVOICE INV-2023-593490
Date: 08/25/2024
Bill to: David Garcia
8299 Main St, Riverside, CA 48137
Card charged: 2622-6441-8024-5945
Amount: $3,683.92
Questions? Contact billing at joshua.anderson@outlook.com or 446-544-2580."
DOC-1481,email,"Reminder: your appointment is confirmed for next Tuesday. We have your contact as (458) 773-5777 and nancy.jones@outlook.com.

- Emily Jackson, Front Desk"
DOC-1482,invoice,"INVOICE INV-2024-250472
Date: 07/19/2024
Bill to: Michelle Moore
5470 Park Ln, Madison, WI 31247
Card charged: 3967 4999 0203 8545
Amount: $2,642.28"
DOC-1483,medical_record,"DISCHARGE SUMMARY
Patient name: Matthew Thomas
DOB: 03/20/1982
Primary diagnosis: asthma
Patient advised to contact William Ramirez at 965-371-0356 with concerns."
DOC-1484,email,"Hi team,

Reminder that the office will be closed next Monday for the public holiday. Please submit timesheets by Friday.

Thanks,
Facilities"
DOC-1485,intake_form,"PATIENT INTAKE FORM
Name: Donald Garcia
DOB: 01/08/1989
SSN: 850-96-3791
Address: 6223 Main St, Ashland, KY 48256
Phone: 488-288-8669
Email: jessica.clark@gmail.com
Emergency contact: Barbara Johnson ((845) 819-3263)"
DOC-1486,intake_form,"NEW PATIENT REGISTRATION
Full name: Nancy Robinson
Date of birth: 05/12/1988
Social Security: 339-89-0953
Home address: 8362 Cedar Blvd, Clinton, NY 24526"
DOC-1487,medical_record,"Patient: Susan White (DOB 05/21/1948)
Diagnosis: atrial fibrillation"
DOC-1488,intake_form,"VISITOR LOG
All visitors must sign in at reception and wear a badge at all times. Parking is available in Lot B."
DOC-1489,invoice,"INVOICE INV-2024-656502
Date: 09/20/2022
Bill to: Thomas Rodriguez
7532 Lake Rd, Milton, FL 42669
Card charged: 0294069572520235
Amount: $4,848.38"
DOC-1490,email,"Hi team,

Please add Christopher Sanchez (charles.martin@postbox.io) to the distribution list. Their direct line is (529) 347-3903.

Thanks,
Mary Taylor"
DOC-1491,email,"Subject: System maintenance

The portal will be down for maintenance on Sunday from 2am to 4am. No action required."
DOC-1492,intake_form,"VISITOR LOG
All visitors must sign in at reception and wear a badge at all times. Parking is available in Lot B."
DOC-1493,medical_record,"STAFF MEMO
Hand hygiene audits will be conducted next week on all wards. Please ensure dispensers are stocked."
DOC-1494,email,"Hi Jessica Miller,

Thanks for contacting support. I have updated the phone number on your account to 623-300-3630. Please confirm the change by replying to this email.

Best,
James Young
Customer Support"
DOC-1495,intake_form,"PATIENT INTAKE FORM
Name: Steven Gonzalez
DOB: 09/25/1956
SSN: 705-74-5545
Address: 956 Oak Ave, Fairview, OH 65430
Phone: (600) 733-8324
Emergency contact: Christopher White ((625) 893-6822)"
DOC-1496,email,"Hi Joseph Wilson,

Thanks for contacting support. I have updated the phone number on your account to (801) 542-6804. Please confirm the change by replying to this email.

Best,
Barbara Rodriguez
Customer Support"
DOC-1497,email,"Subject: System maintenance

The portal will be down for maintenance on Sunday from 2am to 4am. No action required."
DOC-1498,email,"Reminder: your appointment is confirmed for next Tuesday. We have your contact as 957-402-1397 and joseph.brown@hotmail.com.

- Patricia Taylor, Front Desk"
DOC-1499,email,"Hi team,

Reminder that the office will be closed next Monday for the public holiday. Please submit timesheets by Friday.

Thanks,
Facilities"
DOC-1500,email,"Hi team,

Reminder that the office will be closed next Monday for the public holiday. Please submit timesheets by Friday.

Thanks,
Facilities"
DOC-1501,email,"Hi Anthony Martinez,

Thanks for contacting support. I have updated the phone number on your account to 377-397-0197. Please confirm the change by replying to this email.

Best,
Richard Thompson
Customer Support"
DOC-1502,email,"Hi team,

Please add John Smith (karen.smith@yahoo.com) to the distribution list. Their direct line is (962) 363-7680.

Thanks,
Mary Wilson"
DOC-1503,email,"Reminder: your appointment is confirmed for next Tuesday. We have your contact as (282) 318-9122 and james.thomas@citymail.net.

- Margaret Nguyen, Front Desk"
DOC-1504,invoice,"INVOICE INV-2025-740795
Date: 01/23/2023
Bill to: Michael Hernandez
7746 Hillcrest Blvd, Riverside, CA 73494
Amount: $4,945.35
Questions? Contact billing at anthony.lee75@outlook.com or (544) 210-3153."
DOC-1505,email,"Hi Richard Martinez,

Thanks for contacting support. I have updated the phone number on your account to (927) 456-5618. Please confirm the change by replying to this email.

Best,
Mark Perez
Customer Support"
DOC-1506,intake_form,"PATIENT INTAKE FORM
Name: William Sanchez
SSN: 638-47-8877
Address: 8301 Park Ln, Riverside, CA 56601
Phone: (363) 940-9820"
DOC-1507,email,"Reminder: your appointment is confirmed for next Tuesday. We have your contact as 311-781-5370 and andrew.johnson17@outlook.com.

- Emily Taylor, Front Desk"
DOC-1508,invoice,"INVOICE INV-2025-459935
Date: 11/11/2022
Total due: $4,792.11
Payment terms: net 30. Thank you for your business."
DOC-1509,medical_record,Findings support a diagnosis of osteoporosis. Ordering physician notified via donna.gonzalez@gmail.com.
DOC-1510,intake_form,"NEW PATIENT REGISTRATION
Full name: Paul Williams
Date of birth: 03/01/1996
Social Security: 030-38-3517
Home address: 1742 Hillcrest Blvd, Ashland, KY 18741
Preferred contact: david.smith98@example-health.org, 637-605-7810"
DOC-1511,intake_form,"PATIENT INTAKE FORM
Name: Donna Smith
DOB: July 22, 1984
SSN: 503-46-3175
Address: 8114 Park Ln, Madison, WI 72693
Email: mark.gonzalez@gmail.com
Emergency contact: Betty Taylor (943-811-0092)"
DOC-1512,email,"Subject: Password reset request

Hello Margaret Clark,

We received a reset request for the account william.lee@postbox.io. If this was you, use the link below. Otherwise call us at 720-249-0535.

Security Team"
DOC-1513,intake_form,"PATIENT INTAKE FORM
Name: Mary Jones
SSN: 519-50-4221
Phone: 516-945-8128
Email: jessica.sanchez97@yahoo.com"
DOC-1514,intake_form,"PATIENT INTAKE FORM
Name: Daniel Jones
DOB: 02/19/1953
SSN: 202-55-9849
Address: 9568 Pine Ln, Springfield, IL 48509
Phone: 370-877-9460
Emergency contact: Michelle Flores ((956) 803-0595)"
DOC-1515,email,"Hi Richard Martin,

Thanks for contacting support. I have updated the phone number on your account to 217-863-3480. Please confirm the change by replying to this email.

Best,
Emily Wilson
Customer Support"
DOC-1516,email,"Subject: Password reset request

Hello Michelle Lewis,

We received a reset request for the account james.lopez@yahoo.com. If this was you, use the link below. Otherwise call us at 722-370-0072.

Security Team"
DOC-1517,email,"Reminder: your appointment is confirmed for next Tuesday. We have your contact as 257-549-7171 and betty.lewis@example-health.org.

- William Scott, Front Desk"
DOC-1518,email,"Hi Daniel Allen,

Thanks for contacting support. I have updated the phone number on your account to (839) 970-3042. Please confirm the change by replying to this email.

Best,
James Wilson
Customer Support"
DOC-1519,email,"Subject: Password reset request

Hello Matthew Lee,


Security Team"
DOC-1520,intake_form,"NEW PATIENT REGISTRATION
Full name: Kimberly Wright
Date of birth: 06/05/1958
Social Security: 672-87-9395
Preferred contact: michael.miller@citymail.net, (643) 687-4090"
DOC-1521,invoice,"INVOICE INV-2023-171000
Date: 10/08/2024
Total due: $2,671.89
Payment terms: net 30. Thank you for your business."
DOC-1522,email,"Hi team,


Thanks,"
DOC-1523,invoice,"Receipt INV-2025-708179 (08/24/2024)
Customer: Kimberly Rodriguez
Payment method: card ending 1868
Full card on file: 6388032427161868
Total: $3,443.92
Account: ACCT-73098"
DOC-1524,invoice,"Receipt INV-2024-194661 (12/06/2023)
Customer: Mary Wilson
Payment method: card ending 1924
Full card on file: 8547872681931924
Total: $4,201.96
Account: ACCT-28284"
DOC-1525,invoice,"Receipt INV-2023-189693 (05/25/2022)
Customer: Barbara Thompson
Payment method: card ending 9254
Full card on file: 3941854554189254
Total: $1,922.44
Account: ACCT-16706"
DOC-1526,email,"Subject: Password reset request

Hello Steven Martinez,

We received a reset request for the account margaret.walker@citymail.net. If this was you, use the link below. Otherwise call us at 510-827-0148.

Security Team"
DOC-1527,medical_record,Diagnosis: hypothyroidism
DOC-1528,email,"Hi team,


Thanks,
Matthew Williams"
DOC-1529,intake_form,"NEW PATIENT REGISTRATION
Full name: Ashley Jackson
Date of birth: 11/03/1950
Social Security: 246-42-3646
Home address: 1657 Main St, Georgetown, TX 18003
Preferred contact: michael.harris@postbox.io, (584) 641-2931"
DOC-1530,email,"Hi Michael Smith,

Thanks for contacting support. I have updated the phone number on your account to 723-519-8635. Please confirm the change by replying to this email.

Best,
Jennifer Williams
Customer Support"
DOC-1531,email,"Hi Mark Taylor,

Thanks for contacting support. I have updated the phone number on your account to (827) 875-5496. Please confirm the change by replying to this email.

Best,
Steven Flores
Customer Support"
DOC-1532,intake_form,"NEW PATIENT REGISTRATION
Full name: Christopher Walker
Social Security: 058-32-4486
Home address: 8699 Maple Rd, Georgetown, TX 85004
Preferred contact: richard.thompson35@outlook.com, (214) 671-1249"
DOC-1533,medical_record,"DISCHARGE SUMMARY
Patient name: Mark Miller
DOB: 09/11/1972
Primary diagnosis: rheumatoid arthritis
Secondary: chronic kidney disease"
DOC-1534,medical_record,"Lab results for Emily Jones (11/06/1985):
Findings support a diagnosis of osteoporosis. Ordering physician notified via william.davis@example-health.org."
DOC-1535,email,"Hi team,

Please add Joshua Jones (joseph.hill@gmail.com) to the distribution list. Their direct line is 452-904-2765.

Thanks,"
DOC-1536,invoice,"INVOICE INV-2022-890572
Date: 05/22/2025
Bill to: Donald Sanchez
3549 Elm St, Clinton, NY 88135
Card charged: 9942-8580-3308-6417
Amount: $886.42"
DOC-1537,email,"Hi Patricia Flores,

Thanks for contacting support. I have updated the phone number on your account to 253-694-4147. Please confirm the change by replying to this email.

Best,
Thomas Walker
Customer Support"
DOC-1538,email,"Hi team,

Please add Daniel Sanchez (kimberly.allen@example-health.org) to the distribution list. Their direct line is (605) 537-7975.

Thanks,"
DOC-1539,email,"Reminder: your appointment is confirmed for next Tuesday. We have your contact as (469) 306-2424 and emily.miller@yahoo.com.

- Margaret King, Front Desk"
DOC-1540,email,"Subject: Password reset request

Hello Lisa Davis,

We received a reset request for the account betty.johnson@example-health.org. If this was you, use the link below. Otherwise call us at 925-536-7915.

Security Team"
DOC-1541,medical_record,"DISCHARGE SUMMARY
Patient name: Donald King
DOB: 08/11/1948
Secondary: rheumatoid arthritis"
DOC-1542,medical_record,"Diagnosis: Type 2 diabetes mellitus
Notes: Patient reports symptoms consistent with Type 2 diabetes mellitus. Prescribed standard course of treatment. Follow-up in 30 days. Contact: 295-286-4160"
DOC-1543,email,"Reminder: your appointment is confirmed for next Tuesday. We have your contact as 746-269-9882 and lisa.harris44@hotmail.com.

- Mark Anderson, Front Desk"
DOC-1544,intake_form,"PATIENT INTAKE FORM
Name: Patricia King
DOB: 05/26/1942
Address: 4654 Washington Ave, Milton, FL 38125
Phone: (232) 685-2646
Email: steven.allen59@hotmail.com
Emergency contact: John Ramirez (790-802-1652)"
DOC-1545,intake_form,"PATIENT INTAKE FORM
Name: Matthew Lee
DOB: 12/06/2001
Address: 2824 Park Ln, Riverside, CA 74296
Phone: 976-775-8749
Email: david.taylor74@example-health.org
Emergency contact: John Flores (614-226-8680)"
DOC-1546,email,"Reminder: your appointment is confirmed for next Tuesday. We have your contact as 222-704-2019 and michelle.taylor33@citymail.net.
"
DOC-1547,medical_record,"Patient: Margaret Martin (DOB August 25, 1945)
Diagnosis: psoriasis
Notes: Patient reports symptoms consistent with psoriasis. Prescribed standard course of treatment. Follow-up in 30 days. Contact: (362) 798-6735"
DOC-1548,intake_form,"PATIENT INTAKE FORM
Name: Lisa Davis
DOB: December 7, 2001
Address: 6101 Pine Ln, Salem, OR 76680
Phone: 672-773-3987
Email: john.brown@yahoo.com
Emergency contact: Donna Martinez ((563) 863-9668)"
DOC-1549,invoice,"Receipt INV-2025-207569 (08/14/2023)
Customer: Patricia Williams
Payment method: card ending 7129
Full card on file: 4131667752707129
Total: $95.52
Account: ACCT-52702"
DOC-1550,medical_record,"Lab results for Sandra Hernandez (12/10/1943):
Findings support a diagnosis of major depressive disorder. Ordering physician notified via ashley.clark@yahoo.com."
DOC-1551,email,"Subject: System maintenance

The portal will be down for maintenance on Sunday from 2am to 4am. No action required."
DOC-1552,email,"Subject: Password reset request

Hello Robert Wilson,


Security Team"
DOC-1553,medical_record,"Lab results for Margaret Harris (July 13, 1996):"
DOC-1554,invoice,"INVOICE INV-2024-621903
Date: 01/12/2023
Bill to: Sandra Scott
9178 Main St, Fairview, OH 18884
Card charged: 3805-7321-3678-8642
Amount: $3,079.04
Questions? Contact billing at william.clark@gmail.com or 230-651-0182."
DOC-1555,email,"Hi team,


Thanks,"
DOC-1556,medical_record,"DISCHARGE SUMMARY
Patient name: Lisa Jones
DOB: 08/17/1965
Secondary: chronic kidney disease"
DOC-1557,email,"Hi team,

Please add Elizabeth Ramirez (nancy.thomas@yahoo.com) to the distribution list. Their direct line is (891) 467-7367.

Thanks,
Steven Miller"
DOC-1558,email,"Hi team,

Please add Jessica Lewis (karen.scott86@citymail.net) to the distribution list. Their direct line is 950-322-2224.

Thanks,
Steven Davis"
DOC-1559,invoice,"INVOICE INV-2025-123111
Date: 03/21/2022
Bill to: Paul Davis
3256 Pine Ln, Springfield, IL 38394
Card charged: 4050 8105 6358 6992
Amount: $2,400.55"
DOC-1560,email,"Hi team,


Thanks,
Donna Lee"
DOC-1561,medical_record,Lab results for Daniel Young (07/13/1955):
DOC-1562,email,"Subject: System maintenance

The portal will be down for maintenance on Sunday from 2am to 4am. No action required."
DOC-1563,email,"
- Michael Wilson, Front Desk"
DOC-1564,medical_record,"Patient: Andrew Thomas (DOB 01/17/1979)
Diagnosis: migraine
Notes: Patient reports symptoms consistent with migraine. Prescribed standard course of treatment. Follow-up in 30 days. Contact: 848-485-2306"
DOC-1565,email,"Reminder: your appointment is confirmed for next Tuesday. We have your contact as (345) 669-7136 and william.thomas54@yahoo.com.

- Jennifer Lopez, Front Desk"
DOC-1566,invoice,"Receipt INV-2024-380448 (08/08/2024)
Customer: Emily Williams
Payment method: card ending 4500
Total: $1,769.35
Account: ACCT-97417"
DOC-1567,invoice,"INVOICE INV-2023-513433
Date: 01/26/2022
Bill to: Michelle Jones
3152 Main St, Georgetown, TX 41238
Card charged: 1866 7906 6747 7201
Amount: $4,494.57
Questions? Contact billing at patricia.jackson1@yahoo.com or 721-456-4045."
DOC-1568,email,"Hi team,


Thanks,
Lisa Young"
DOC-1569,medical_record,"DISCHARGE SUMMARY
Patient name: Barbara Garcia
DOB: 05/17/1952
Primary diagnosis: hypertension
Secondary: rheumatoid arthritis
Patient advised to contact Matthew Gonzalez at 743-435-9542 with concerns."
DOC-1570,invoice,"INVOICE INV-2025-325705
Date: 12/14/2022
Bill to: Lisa Allen
7425 Park Ln, Clinton, NY 72233
Card charged: 0693-9285-3202-5461
Amount: $4,723.41
Questions? Contact billing at donald.nguyen@citymail.net or (655) 860-7409."
DOC-1571,intake_form,"PATIENT INTAKE FORM
Name: Linda Scott
SSN: 648-52-0846
Address: 4701 Oak Ave, Milton, FL 70375"
DOC-1572,medical_record,Lab results for Patricia Sanchez (06/03/1963):
DOC-1573,invoice,"Receipt INV-2025-262831 (12/11/2022)
Customer: Barbara Moore
Payment method: card ending 3056
Full card on file: 2274 9665 2948 3056
Total: $1,798.32
Account: ACCT-33598"
DOC-1574,invoice,"Receipt INV-2025-728375 (02/09/2022)
Customer: Sandra White
Payment method: card ending 0312
Full card on file: 7777342658750312
Total: $3,930.09
Account: ACCT-71644"
DOC-1575,medical_record,Findings support a diagnosis of psoriasis. Ordering physician notified via thomas.sanchez51@hotmail.com.
DOC-1576,email,"Subject: Password reset request

Hello Patricia Wilson,

We received a reset request for the account elizabeth.thompson@hotmail.com. If this was you, use the link below. Otherwise call us at 786-580-2365.

Security Team"
DOC-1577,intake_form,"VISITOR LOG
All visitors must sign in at reception and wear a badge at all times. Parking is available in Lot B."
DOC-1578,medical_record,"DISCHARGE SUMMARY
Patient name: Anthony Jones
DOB: 11/13/1963
Secondary: anxiety disorder
Patient advised to contact Jessica Miller at (989) 786-6469 with concerns."
DOC-1579,email,"Subject: Password reset request

Hello Mary Brown,

We received a reset request for the account betty.gonzalez@citymail.net. If this was you, use the link below. Otherwise call us at (320) 255-5876.

Security Team"
DOC-1580,email,"Hi team,

Please add Richard Walker (jessica.hill@yahoo.com) to the distribution list. Their direct line is 694-843-2673.

Thanks,
Donna Wright"
DOC-1581,intake_form,"NEW PATIENT REGISTRATION
Full name: Joshua Hill
Date of birth: 06/10/1952
Social Security: 188-71-0155"
DOC-1582,email,"Hi Kimberly Moore,

Thanks for contacting support. I have updated the phone number on your account to (376) 917-6134. Please confirm the change by replying to this email.

Best,
Customer Support"
DOC-1583,email,"Subject: Password reset request

Hello Paul Lee,

We received a reset request for the account emily.young@postbox.io. If this was you, use the link below. Otherwise call us at (647) 399-0094.

Security Team"
DOC-1584,intake_form,"VISITOR LOG
All visitors must sign in at reception and wear a badge at all times. Parking is available in Lot B."
DOC-1585,intake_form,"NEW PATIENT REGISTRATION
Full name: Sarah Clark
Date of birth: 11/12/1975
Social Security: 466-97-2472
Home address: 1783 Hillcrest Blvd, Georgetown, TX 11285"
DOC-1586,email,"Reminder: your appointment is confirmed for next Tuesday. We have your contact as 698-808-8058 and thomas.young@example-health.org.

- Susan Lewis, Front Desk"
DOC-1587,email,"Reminder: your appointment is confirmed for next Tuesday. We have your contact as 653-483-9405 and joseph.gonzalez62@postbox.io.

- Elizabeth Martinez, Front Desk"
DOC-1588,intake_form,"PATIENT INTAKE FORM
Name: Charles Lee
DOB: 06/06/1946
SSN: 297-11-5234
Address: 7854 Main St, Clinton, NY 27113
Phone: 969-626-0432
Email: andrew.ramirez21@gmail.com
Emergency contact: Sarah Thompson ((801) 698-7387)"
DOC-1589,intake_form,"NEW PATIENT REGISTRATION
Full name: Kimberly Lewis
Date of birth: 09/24/1978
Social Security: 698-54-5934
Home address: 4110 Lake Rd, Riverside, CA 24841"
DOC-1590,email,"
- Kimberly Walker, Front Desk"
DOC-1591,invoice,"INVOICE INV-2024-348245
Date: 04/12/2023
Bill to: Christopher Jackson
7279 Elm St, Riverside, CA 40161
Card charged: 6585405919344243
Amount: $3,889.40"
DOC-1592,email,"Subject: Password reset request

Hello Linda Hill,

We received a reset request for the account betty.smith@example-health.org. If this was you, use the link below. Otherwise call us at 700-982-5328.

Security Team"
DOC-1593,intake_form,"PATIENT INTAKE FORM
Name: Margaret Harris
SSN: 584-73-8245
Address: 283 Elm St, Fairview, OH 17241
Phone: 902-858-4789
Emergency contact: Joshua Sanchez ((360) 824-0445)"
DOC-1594,medical_record,"Patient: John Robinson (DOB 06/07/1996)
Diagnosis: gastroesophageal reflux disease
Notes: Patient reports symptoms consistent with gastroesophageal reflux disease. Prescribed standard course of treatment. Follow-up in 30 days. Contact: (368) 484-5172"
DOC-1595,medical_record,Lab results for Betty Perez (03/14/2001):
DOC-1596,email,"Subject: Password reset request

Hello Emily Lewis,

We received a reset request for the account mary.lopez62@outlook.com. If this was you, use the link below. Otherwise call us at (429) 660-9325.

Security Team"
DOC-1597,email,"Subject: Password reset request

Hello Andrew Williams,

We received a reset request for the account kimberly.white@gmail.com. If this was you, use the link below. Otherwise call us at (617) 772-4273.

Security Team"
DOC-1598,medical_record,"STAFF MEMO
Hand hygiene audits will be conducted next week on all wards. Please ensure dispensers are stocked."
DOC-1599,invoice,"Receipt INV-2024-945072 (06/17/2025)
Customer: Michael Smith
Payment method: card ending 8814
Full card on file: 5772504025898814
Total: $1,750.43
Account: ACCT-29824"
DOC-1600,email,"Reminder: your appointment is confirmed for next Tuesday. We have your contact as (844) 352-0761 and elizabeth.jackson@postbox.io.
"
DOC-1601,medical_record,"Lab results for Linda Garcia (11/12/1983):
Findings support a diagnosis of hypothyroidism. Ordering physician notified via jennifer.anderson@gmail.com."
DOC-1602,email,"Subject: Password reset request

Hello William Walker,

We received a reset request for the account mary.sanchez74@citymail.net. If this was you, use the link below. Otherwise call us at 238-866-6298.

Security Team"
DOC-1603,medical_record,"Lab results for Joseph Sanchez (09/07/1967):
Findings support a diagnosis of psoriasis. Ordering physician notified via william.hernandez@outlook.com."
DOC-1604,medical_record,Findings support a diagnosis of hypertension. Ordering physician notified via robert.williams@yahoo.com.
DOC-1605,email,"Reminder: your appointment is confirmed for next Tuesday. We have your contact as (415) 275-8156 and donna.allen@hotmail.com.

- Paul Scott, Front Desk"
DOC-1606,email,"Subject: System maintenance

The portal will be down for maintenance on Sunday from 2am to 4am. No action required."
DOC-1607,email,"Subject: Password reset request

Hello Anthony Miller,


Security Team"
DOC-1608,intake_form,"NEW PATIENT REGISTRATION
Full name: Linda Robinson
Date of birth: 11/08/1969
Social Security: 345-73-1540
Home address: 4651 Washington Ave, Springfield, IL 32608
Preferred contact: matthew.garcia@hotmail.com, (289) 627-5455"
DOC-1609,medical_record,"DISCHARGE SUMMARY
Patient name: Lisa Taylor
DOB: November 22, 1951
Primary diagnosis: major depressive disorder
Secondary: rheumatoid arthritis"
DOC-1610,medical_record,"Patient: Ashley Jackson (DOB 05/14/1955)
Diagnosis: migraine"
DOC-1611,invoice,"INVOICE INV-2023-510298
Date: 04/07/2024
Bill to: Susan Wright
6000 Pine Ln, Riverside, CA 55177
Card charged: 1095425275056888
Amount: $1,530.84
Questions? Contact billing at sarah.king23@gmail.com or (649) 360-7713."
DOC-1612,email,"Subject: Password reset request

Hello Mark Thomas,

We received a reset request for the account jessica.martinez@hotmail.com. If this was you, use the link below. Otherwise call us at 657-938-7037.

Security Team"
DOC-1613,intake_form,"NEW PATIENT REGISTRATION
Full name: Donna Martinez
Date of birth: 05/20/1977"
DOC-1614,medical_record,"DISCHARGE SUMMARY
Patient name: Mark Hill
DOB: 06/08/1941"
DOC-1615,intake_form,"NEW PATIENT REGISTRATION
Full name: Richard Jones
Date of birth: June 9, 1954
Home address: 1645 Lake Rd, Ashland, KY 57117
Preferred contact: ashley.thomas@postbox.io, (525) 793-1383"
DOC-1616,invoice,"INVOICE INV-2022-691744
Date: 10/16/2024
Bill to: Karen Young
2260 Hillcrest Blvd, Milton, FL 28953
Card charged: 5182-6135-0621-0847
Amount: $3,482.67"
DOC-1617,intake_form,"VISITOR LOG
All visitors must sign in at reception and wear a badge at all times. Parking is available in Lot B."
DOC-1618,email,"Reminder: your appointment is confirmed for next Tuesday. We have your contact as (284) 487-3238 and richard.flores2@yahoo.com.

- Mary Brown, Front Desk"
DOC-1619,invoice,"Receipt INV-2023-281320 (03/19/2025)
Customer: Charles Allen
Payment method: card ending 3812
Full card on file: 5798 8892 1327 3812
Total: $1,450.98
Account: ACCT-97899"
DOC-1620,email,"Subject: Password reset request

Hello Emily Jackson,

We received a reset request for the account ashley.white@citymail.net. If this was you, use the link below. Otherwise call us at 287-718-8798.

Security Team"
DOC-1621,medical_record,"DISCHARGE SUMMARY
Patient name: Margaret Wilson
Primary diagnosis: rheumatoid arthritis
Secondary: psoriasis"
DOC-1622,intake_form,"PATIENT INTAKE FORM
Name: Mark Martinez
DOB: November 3, 1952
SSN: 786-56-9626
Address: 4733 Hillcrest Blvd, Springfield, IL 35289
Phone: 414-442-1802
Email: anthony.nguyen@gmail.com
Emergency contact: Linda Brown ((285) 519-6647)"
DOC-1623,invoice,"INVOICE INV-2022-680994
Date: 02/20/2022
Bill to: Matthew Sanchez
2017 Cedar Blvd, Georgetown, TX 59694
Card charged: 1408-2310-1717-1999
Amount: $2,745.52
Questions? Contact billing at thomas.williams@example-health.org or 881-852-9382."
DOC-1624,medical_record,"DISCHARGE SUMMARY
Patient name: Joshua White
DOB: 08/26/1951
Primary diagnosis: osteoporosis
Secondary: coronary artery disease"
DOC-1625,invoice,"Receipt INV-2024-271142 (07/04/2024)
Customer: Mark Lewis
Payment method: card ending 2797
Full card on file: 4149057175322797
Total: $3,825.66
Account: ACCT-79064"
DOC-1626,invoice,"INVOICE INV-2025-521828
Date: 10/11/2024
Bill to: Betty Scott
7921 Cedar Blvd, Riverside, CA 23879
Card charged: 5111 4241 2484 5469
Amount: $458.69"
DOC-1627,invoice,"INVOICE INV-2022-697411
Date: 02/22/2024
Bill to: Ashley Sanchez
574 Oak Ave, Salem, OR 60718
Amount: $1,083.99
Questions? Contact billing at christopher.walker@outlook.com or (632) 465-0200."
DOC-1628,medical_record,"STAFF MEMO
Hand hygiene audits will be conducted next week on all wards. Please ensure dispensers are stocked."
DOC-1629,medical_record,Findings support a diagnosis of anxiety disorder. Ordering physician notified via margaret.martinez36@yahoo.com.
DOC-1630,email,"Subject: System maintenance

The portal will be down for maintenance on Sunday from 2am to 4am. No action required."
DOC-1631,intake_form,"PATIENT INTAKE FORM
Name: Ashley Jackson
DOB: 05/11/1994
Address: 5253 Pine Ln, Milton, FL 11251
Phone: 640-234-5301
Email: michael.miller@hotmail.com
Emergency contact: Michael Anderson (857-890-4761)"
DOC-1632,email,"Hi team,

Reminder that the office will be closed next Monday for the public holiday. Please submit timesheets by Friday.

Thanks,
Facilities"
DOC-1633,email,"
- Joshua Walker, Front Desk"
DOC-1634,medical_record,"DISCHARGE SUMMARY
Patient name: Patricia Taylor
DOB: 10/07/1940
Primary diagnosis: asthma
Secondary: major depressive disorder"
DOC-1635,invoice,"INVOICE INV-2025-626702
Date: 04/03/2022
Bill to: Kimberly Moore
6500 Lake Rd, Franklin, TN 62195
Card charged: 8063992416119548
Amount: $984.58"
DOC-1636,medical_record,"Patient: Jessica Garcia (DOB 06/13/1963)
Diagnosis: hyperlipidemia
Notes: Patient reports symptoms consistent with hyperlipidemia. Prescribed standard course of treatment. Follow-up in 30 days. Contact: 554-202-3509"
DOC-1637,medical_record,"Patient: Christopher Young (DOB December 16, 1969)
Diagnosis: coronary artery disease
Notes: Patient reports symptoms consistent with coronary artery disease. Prescribed standard course of treatment. Follow-up in 30 days. Contact: (303) 892-5071"
DOC-1638,intake_form,"VISITOR LOG
All visitors must sign in at reception and wear a badge at all times. Parking is available in Lot B."
DOC-1639,invoice,"INVOICE INV-2024-208704
Date: 02/22/2022
Bill to: James Torres
Card charged: 7993642737957236
Amount: $1,719.06
Questions? Contact billing at michael.ramirez@yahoo.com or (796) 352-1393."
DOC-1640,medical_record,"DISCHARGE SUMMARY
Patient name: Betty Torres
DOB: September 27, 1975
Primary diagnosis: COPD
Secondary: major depressive disorder"
DOC-1641,medical_record,"Patient: Donna Miller (DOB August 1, 1971)"
DOC-1642,intake_form,"PATIENT INTAKE FORM
Name: Mark Jones
DOB: 02/20/1987
SSN: 460-79-4941
Phone: (452) 753-0051
Email: mark.moore@citymail.net"
DOC-1643,email,"Subject: Password reset request

Hello Susan Taylor,

We received a reset request for the account emily.miller@postbox.io. If this was you, use the link below. Otherwise call us at (723) 228-9099.

Security Team"
DOC-1644,medical_record,"Lab results for Ashley Thompson (August 3, 1968):
Findings support a diagnosis of hypothyroidism. Ordering physician notified via charles.miller@yahoo.com."
DOC-1645,medical_record,"Diagnosis: atrial fibrillation
Notes: Patient reports symptoms consistent with atrial fibrillation. Prescribed standard course of treatment. Follow-up in 30 days. Contact: (545) 961-3608"
DOC-1646,invoice,"INVOICE INV-2025-700033
Date: 11/21/2023
Total due: $3,412.12
Payment terms: net 30. Thank you for your business."
DOC-1647,medical_record,"Patient: James Jackson (DOB 09/05/1987)
Diagnosis: hyperlipidemia
Notes: Patient reports symptoms consistent with hyperlipidemia. Prescribed standard course of treatment. Follow-up in 30 days. Contact: 298-600-2990"
DOC-1648,medical_record,"DISCHARGE SUMMARY
Patient name: Nancy Rodriguez
DOB: June 23, 1943
Primary diagnosis: anxiety disorder
Secondary: gastroesophageal reflux disease
Patient advised to contact Michelle Davis at (332) 224-7377 with concerns."
DOC-1649,medical_record,"DISCHARGE SUMMARY
Patient name: Paul Taylor
DOB: 06/14/1975
Primary diagnosis: gastroesophageal reflux disease"
DOC-1650,medical_record,"DISCHARGE SUMMARY
Patient name: Joshua Hill
DOB: 01/01/1971
Primary diagnosis: migraine"
DOC-1651,email,"Subject: System maintenance

The portal will be down for maintenance on Sunday from 2am to 4am. No action required."
DOC-1652,email,"Reminder: your appointment is confirmed for next Tuesday. We have your contact as 559-374-5919 and mary.jackson71@example-health.org.

- Elizabeth Jackson, Front Desk"
DOC-1653,medical_record,Lab results for Jennifer Garcia (02/06/2004):
DOC-1654,invoice,"INVOICE INV-2024-483226
Date: 11/17/2023
Bill to: Ashley Taylor
4598 Oak Ave, Madison, WI 73049
Card charged: 7631-0323-1976-7021
Amount: $2,545.10
Questions? Contact billing at michael.clark@outlook.com or 484-588-9727."
DOC-1655,email,"Hi team,

Reminder that the office will be closed next Monday for the public holiday. Please submit timesheets by Friday.

Thanks,
Facilities"
DOC-1656,email,"Hi team,

Please add Andrew Garcia (sarah.martin68@outlook.com) to the distribution list. Their direct line is 220-205-9411.

Thanks,
Matthew Perez"
DOC-1657,email,"Subject: Password reset request

Hello Donald Sanchez,


Security Team"
DOC-1658,email,"Subject: System maintenance

The portal will be down for maintenance on Sunday from 2am to 4am. No action required."
DOC-1659,invoice,"INVOICE INV-2025-608493
Date: 01/22/2024
Bill to: Donna Davis
6077 Park Ln, Georgetown, TX 31454
Card charged: 6425-9931-7697-0853
Amount: $3,668.61
Questions? Contact billing at christopher.torres@citymail.net or (583) 868-7144."
DOC-1660,email,"Reminder: your appointment is confirmed for next Tuesday. We have your contact as (256) 338-5983 and jennifer.white@outlook.com.

- Michelle Jackson, Front Desk"
DOC-1661,email,"Hi team,

Please add Emily Moore (daniel.perez@citymail.net) to the distribution list. Their direct line is 885-870-7756.

Thanks,
Anthony Wilson"
DOC-1662,invoice,"INVOICE INV-2024-377036
Date: 09/06/2024
Bill to: Mark Hernandez
Card charged: 2769-5887-0894-2660
Amount: $2,972.05
Questions? Contact billing at margaret.flores@postbox.io or 851-391-7613."
DOC-1663,intake_form,"NEW PATIENT REGISTRATION
Full name: Sandra King
Date of birth: 03/09/1972
Social Security: 431-46-9244"
DOC-1664,email,"Hi Kimberly Jones,

Thanks for contacting support. I have updated the phone number on your account to (401) 420-5044. Please confirm the change by replying to this email.

Best,
Elizabeth Wilson
Customer Support"
DOC-1665,email,"Subject: System maintenance

The portal will be down for maintenance on Sunday from 2am to 4am. No action required."
DOC-1666,medical_record,"DISCHARGE SUMMARY
Patient name: Robert Thomas
DOB: 02/18/1948
Primary diagnosis: gastroesophageal reflux disease
Secondary: major depressive disorder
Patient advised to contact Thomas Ramirez at (565) 804-5716 with concerns."
DOC-1667,intake_form,"PATIENT INTAKE FORM
Name: Susan Torres
DOB: 04/18/1977
SSN: 740-71-5853
Address: 8782 Pine Ln, Franklin, TN 75655
Phone: 507-594-3970
Email: donald.thomas40@example-health.org
Emergency contact: Christopher Brown ((952) 449-0159)"
DOC-1668,intake_form,"VISITOR LOG
All visitors must sign in at reception and wear a badge at all times. Parking is available in Lot B."
DOC-1669,medical_record,"Patient: Steven King (DOB October 3, 1974)
Diagnosis: hypothyroidism
Notes: Patient reports symptoms consistent with hypothyroidism. Prescribed standard course of treatment. Follow-up in 30 days. Contact: 653-369-8297"
DOC-1670,invoice,"Receipt INV-2025-944809 (02/19/2022)
Customer: Michelle Harris
Payment method: card ending 4046
Full card on file: 5241 5731 8020 4046
Total: $4,895.99
Account: ACCT-27648"
DOC-1671,email,"Reminder: your appointment is confirmed for next Tuesday. We have your contact as 257-384-6919 and mark.king@example-health.org.
"
DOC-1672,email,"Hi team,


Thanks,
Sandra Moore"
DOC-1673,medical_record,"DISCHARGE SUMMARY
Patient name: Susan Robinson
DOB: 04/27/1967
Primary diagnosis: hypertension
Secondary: asthma
Patient advised to contact James Miller at (876) 496-9268 with concerns."
DOC-1674,medical_record,"DISCHARGE SUMMARY
Patient name: Patricia Hernandez
Primary diagnosis: hypertension
Secondary: migraine
Patient advised to contact Donald Garcia at (265) 770-0506 with concerns."
DOC-1675,medical_record,Patient: Donald Sanchez (DOB 12/28/1964)
DOC-1676,email,"Hi team,

Please add Patricia Harris (donna.taylor85@citymail.net) to the distribution list. Their direct line is 712-624-1796.

Thanks,
Nancy Taylor"
DOC-1677,email,"Hi John Torres,

Thanks for contacting support. I have updated the phone number on your account to 711-887-5411. Please confirm the change by replying to this email.

Best,
Ashley Williams
Customer Support"
DOC-1678,invoice,"Receipt INV-2025-908355 (03/14/2024)
Customer: William Flores
Payment method: card ending 1377
Full card on file: 4267088050151377
Total: $3,659.05
Account: ACCT-90926"
DOC-1679,email,"Hi Charles Martinez,

Thanks for contacting support. I have updated the phone number on your account to (205) 655-6261. Please confirm the change by replying to this email.

Best,
Customer Support"
DOC-1680,invoice,"Receipt INV-2022-105708 (08/16/2024)
Customer: Betty Clark
Payment method: card ending 0170
Full card on file: 1054 1715 0076 0170
Total: $4,172.36
Account: ACCT-33464"
DOC-1681,email,"Reminder: your appointment is confirmed for next Tuesday. We have your contact as 694-693-0749 and margaret.young17@gmail.com.

- Joshua Hernandez, Front Desk"
DOC-1682,email,"Reminder: your appointment is confirmed for next Tuesday. We have your contact as 380-963-5956 and paul.anderson@postbox.io.

- Sandra Moore, Front Desk"
DOC-1683,medical_record,Findings support a diagnosis of coronary artery disease. Ordering physician notified via nancy.sanchez@example-health.org.
DOC-1684,medical_record,Lab results for David Brown (12/08/1990):
DOC-1685,invoice,"Receipt INV-2022-506019 (10/09/2022)
Customer: Richard Harris
Payment method: card ending 2543
Full card on file: 0253687320922543
Total: $3,617.71
Account: ACCT-90285"
DOC-1686,intake_form,"NEW PATIENT REGISTRATION
Full name: Michael Wright
Date of birth: November 10, 1965
Social Security: 774-17-0833
Home address: 6482 Main St, Madison, WI 52285"
DOC-1687,medical_record,"DISCHARGE SUMMARY
Patient name: Robert Harris
Primary diagnosis: rheumatoid arthritis
Secondary: psoriasis"
DOC-1688,intake_form,"PATIENT INTAKE FORM
Name: James Brown
DOB: 11/26/1981
Address: 5481 Elm St, Salem, OR 49161
Email: paul.jackson@outlook.com"
DOC-1689,email,"Hi Jennifer Lewis,

Thanks for contacting support. I have updated the phone number on your account to 766-722-7765. Please confirm the change by replying to this email.

Best,
James White
Customer Support"
DOC-1690,email,"Subject: Password reset request

Hello Mary Smith,

We received a reset request for the account ashley.taylor@outlook.com. If this was you, use the link below. Otherwise call us at 952-582-1109.

Security Team"
DOC-1691,medical_record,Lab results for Donna Taylor (04/17/1997):
DOC-1692,email,"Hi Susan Walker,

Thanks for contacting support. I have updated the phone number on your account to (410) 824-4867. Please confirm the change by replying to this email.

Best,
William Lee
Customer Support"
DOC-1693,intake_form,"PATIENT INTAKE FORM
Name: Jennifer Martin
DOB: December 20, 1980
SSN: 287-57-6892
Address: 6132 Hillcrest Blvd, Riverside, CA 14158
Phone: 972-756-9562
Email: michael.jackson49@yahoo.com
Emergency contact: Michael Wright (658-832-9020)"
DOC-1694,email,"Hi Elizabeth Lee,

Thanks for contacting support. I have updated the phone number on your account to 227-825-2515. Please confirm the change by replying to this email.

Best,
Customer Support"
DOC-1695,intake_form,"PATIENT INTAKE FORM
Name: David Robinson
DOB: 08/24/1980
SSN: 429-64-3318
Phone: (410) 697-3170
Email: emily.king@yahoo.com
Emergency contact: Robert Torres ((671) 230-1529)"
DOC-1696,invoice,"Receipt INV-2024-862222 (03/12/2023)
Customer: Sandra King
Payment method: card ending 8122
Full card on file: 2816 8960 0668 8122
Total: $2,201.48
Account: ACCT-81342"
DOC-1697,invoice,"INVOICE INV-2023-301743
Date: 05/14/2024
Bill to: Mark Hill
4778 Maple Rd, Franklin, TN 23220
Card charged: 9979703108083489
Amount: $3,109.88"
DOC-1698,email,"Hi team,

Reminder that the office will be closed next Monday for the public holiday. Please submit timesheets by Friday.

Thanks,
Facilities"
DOC-1699,invoice,"Receipt INV-2025-124247 (05/03/2024)
Customer: Karen Anderson
Payment method: card ending 1268
Full card on file: 0878037825371268
Total: $4,006.69
Account: ACCT-51947"
DOC-1700,email,"Reminder: your appointment is confirmed for next Tuesday. We have your contact as 405-931-1275 and david.davis62@outlook.com.

- Matthew Rodriguez, Front Desk"
DOC-1701,intake_form,"PATIENT INTAKE FORM
Name: Daniel Flores
DOB: 07/14/2001
SSN: 541-49-0229
Address: 4594 Lake Rd, Ashland, KY 62556
Phone: 459-213-1883
Email: mark.lewis@hotmail.com"
DOC-1702,intake_form,"VISITOR LOG
All visitors must sign in at reception and wear a badge at all times. Parking is available in Lot B."
DOC-1703,email,"Hi Joseph King,

Thanks for contacting support. I have updated the phone number on your account to 367-648-3823. Please confirm the change by replying to this email.

Best,
Customer Support"
DOC-1704,intake_form,"NEW PATIENT REGISTRATION
Full name: Barbara Torres
Home address: 9188 Lake Rd, Clinton, NY 16790
Preferred contact: emily.martin@citymail.net, (281) 922-5003"
DOC-1705,email,"Reminder: your appointment is confirmed for next Tuesday. We have your contact as (277) 491-9910 and andrew.garcia@example-health.org.

- Michael Ramirez, Front Desk"
DOC-1706,email,"Hi team,

Please add Betty Rodriguez (ashley.martin98@citymail.net) to the distribution list. Their direct line is (360) 204-5157.

Thanks,
William Perez"
DOC-1707,invoice,"INVOICE INV-2025-806430
Date: 11/12/2022
Bill to: Robert Lewis
6720 Main St, Ashland, KY 18614
Card charged: 1713 4025 0064 2274
Amount: $1,596.36"
DOC-1708,invoice,"INVOICE INV-2024-301584
Date: 12/27/2025
Total due: $2,962.76
Payment terms: net 30. Thank you for your business."
DOC-1709,intake_form,"NEW PATIENT REGISTRATION
Full name: Andrew Lopez
Date of birth: 05/24/1947
Social Security: 353-51-2681
Preferred contact: michael.sanchez36@yahoo.com, (220) 874-4032"
DOC-1710,intake_form,"NEW PATIENT REGISTRATION
Full name: Charles Brown
Date of birth: 08/15/1977
Social Security: 652-91-6444"
DOC-1711,intake_form,"VISITOR LOG
All visitors must sign in at reception and wear a badge at all times. Parking is available in Lot B."
DOC-1712,email,"Subject: Password reset request

Hello Charles King,

We received a reset request for the account donna.jones@citymail.net. If this was you, use the link below. Otherwise call us at (572) 680-9236.

Security Team"
DOC-1713,email,"Hi team,

Reminder that the office will be closed next Monday for the public holiday. Please submit timesheets by Friday.

Thanks,
Facilities"
DOC-1714,email,"Reminder: your appointment is confirmed for next Tuesday. We have your contact as (867) 421-1165 and donna.perez79@outlook.com.

- Jessica Lee, Front Desk"
DOC-1715,medical_record,"STAFF MEMO
Hand hygiene audits will be conducted next week on all wards. Please ensure dispensers are stocked."
DOC-1716,intake_form,"VISITOR LOG
All visitors must sign in at reception and wear a badge at all times. Parking is available in Lot B."
DOC-1717,email,"Reminder: your appointment is confirmed for next Tuesday. We have your contact as 253-699-0954 and mary.lewis4@outlook.com.

- Mary Sanchez, Front Desk"
DOC-1718,invoice,"INVOICE INV-2024-479530
Date: 05/09/2022
Bill to: William Ramirez
2606 Elm St, Salem, OR 10434
Card charged: 7980-4707-8937-9876
Amount: $4,822.69
Questions? Contact billing at david.gonzalez80@example-health.org or (645) 399-6370."
DOC-1719,medical_record,"Lab results for David Sanchez (12/20/1958):
Findings support a diagnosis of hypothyroidism. Ordering physician notified via daniel.miller41@citymail.net."
DOC-1720,invoice,"INVOICE INV-2023-174693
Date: 11/07/2024
Total due: $2,719.49
Payment terms: net 30. Thank you for your business."
DOC-1721,invoice,"Receipt INV-2025-159140 (01/12/2022)
Customer: Michael Robinson
Payment method: card ending 4998
Full card on file: 6502100027864998
Total: $1,045.41
Account: ACCT-93427"
DOC-1722,invoice,"INVOICE INV-2023-200195
Date: 10/23/2022
Total due: $1,787.63
Payment terms: net 30. Thank you for your business."
DOC-1723,medical_record,Findings support a diagnosis of coronary artery disease. Ordering physician notified via ashley.jackson@postbox.io.
DOC-1724,email,"Reminder: your appointment is confirmed for next Tuesday. We have your contact as 337-872-0430 and christopher.lewis@citymail.net.

- Michael Martin, Front Desk"
DOC-1725,email,"Reminder: your appointment is confirmed for next Tuesday. We have your contact as (380) 848-4304 and emily.moore1@citymail.net.

- Elizabeth Young, Front Desk"
DOC-1726,email,"Hi team,

Please add Linda Wright (elizabeth.thompson12@gmail.com) to the distribution list. Their direct line is 231-396-1468.

Thanks,
Mark Rodriguez"
DOC-1727,intake_form,"NEW PATIENT REGISTRATION
Full name: Matthew Smith
Date of birth: 12/11/1951
Social Security: 277-40-4458
Home address: 117 Main St, Riverside, CA 34296"
DOC-1728,email,"Subject: System maintenance

The portal will be down for maintenance on Sunday from 2am to 4am. No action required."
DOC-1729,medical_record,"DISCHARGE SUMMARY
Patient name: Barbara Davis
DOB: 12/16/1979
Primary diagnosis: hypothyroidism
Patient advised to contact Matthew Perez at (425) 673-3600 with concerns."
DOC-1730,medical_record,"DISCHARGE SUMMARY
Patient name: Patricia Walker
DOB: 01/14/1954
Primary diagnosis: anxiety disorder
Secondary: hypertension"
DOC-1731,invoice,"INVOICE INV-2025-285563
Date: 08/09/2023
Bill to: Emily Robinson
6985 Pine Ln, Milton, FL 19073
Card charged: 2298308788477986
Amount: $120.99
Questions? Contact billing at elizabeth.taylor@outlook.com or 836-612-8700."
DOC-1732,email,"Hi team,


Thanks,
Christopher Harris"
DOC-1733,medical_record,"Lab results for Linda Thomas (February 14, 1997):"
DOC-1734,invoice,"INVOICE INV-2025-686913
Date: 10/03/2022
Bill to: Lisa Miller
4054 Hillcrest Blvd, Riverside, CA 59965
Card charged: 9004790464494056
Amount: $1,335.55"
DOC-1735,medical_record,"Lab results for Patricia Ramirez (May 10, 1949):
Findings support a diagnosis of hypothyroidism. Ordering physician notified via margaret.harris@hotmail.com."
DOC-1736,email,"Hi team,


Thanks,
Donald Lopez"
DOC-1737,email,"Reminder: your appointment is confirmed for next Tuesday. We have your contact as 382-991-2495 and michelle.martin@hotmail.com.
"
DOC-1738,email,"Reminder: your appointment is confirmed for next Tuesday. We have your contact as (437) 417-4298 and elizabeth.lewis@citymail.net.

- Donald Brown, Front Desk"
DOC-1739,email,"Subject: Password reset request

Hello Sarah Taylor,


Security Team"
DOC-1740,invoice,"INVOICE INV-2024-945136
Date: 04/06/2023
Total due: $2,982.01
Payment terms: net 30. Thank you for your business."
DOC-1741,intake_form,"NEW PATIENT REGISTRATION
Full name: Jessica Davis
Date of birth: June 6, 1999
Home address: 3946 Maple Rd, Clinton, NY 42914
Preferred contact: elizabeth.miller@example-health.org, 557-959-7906"
DOC-1742,email,"Hi team,


Thanks,
Barbara White"
DOC-1743,medical_record,"DISCHARGE SUMMARY
Patient name: Steven Robinson
Primary diagnosis: osteoporosis
Secondary: osteoporosis
Patient advised to contact Paul Rodriguez at (892) 339-6849 with concerns."
DOC-1744,email,"Hi team,

Please add Michael Jackson (mark.walker@postbox.io) to the distribution list. Their direct line is 914-757-8344.

Thanks,
Susan Young"
DOC-1745,email,"Hi Barbara Martinez,

Thanks for contacting support. I have updated the phone number on your account to 870-995-3653. Please confirm the change by replying to this email.

Best,
Customer Support"
DOC-1746,email,"Subject: Password reset request

Hello Elizabeth Smith,

We received a reset request for the account paul.wilson@postbox.io. If this was you, use the link below. Otherwise call us at (462) 892-4404.

Security Team"
DOC-1747,email,"Subject: Password reset request

Hello Joshua Hill,

We received a reset request for the account thomas.perez@hotmail.com. If this was you, use the link below. Otherwise call us at (873) 741-3271.

Security Team"
DOC-1748,medical_record,"Diagnosis: osteoporosis
Notes: Patient reports symptoms consistent with osteoporosis. Prescribed standard course of treatment. Follow-up in 30 days. Contact: 585-812-5456"
DOC-1749,intake_form,"PATIENT INTAKE FORM
Name: Emily Allen
DOB: 01/17/1989
SSN: 004-68-1629
Address: 2958 Pine Ln, Milton, FL 36782
Phone: (920) 609-0420
Email: anthony.allen4@citymail.net
Emergency contact: Nancy Scott (878-717-4689)"
DOC-1750,email,"Hi Steven Brown,


Best,
Customer Support"
DOC-1751,medical_record,"STAFF MEMO
Hand hygiene audits will be conducted next week on all wards. Please ensure dispensers are stocked."
DOC-1752,email,"Reminder: your appointment is confirmed for next Tuesday. We have your contact as (516) 596-0120 and patricia.rodriguez@gmail.com.
"
DOC-1753,invoice,"INVOICE INV-2024-167565
Date: 04/13/2023
Bill to: Jennifer Wright
2833 Elm St, Milton, FL 13168
Amount: $1,617.69
Questions? Contact billing at joseph.miller@postbox.io or (271) 670-9862."
DOC-1754,email,"Hi Joshua Martin,


Best,
Michelle Harris
Customer Support"
DOC-1755,email,"Hi team,


Thanks,
Jessica Wilson"
DOC-1756,intake_form,"PATIENT INTAKE FORM
Name: Ashley Thomas
DOB: 06/22/1944
SSN: 748-53-1646
Address: 2158 Cedar Blvd, Georgetown, TX 13842
Phone: (805) 605-7260
Email: patricia.nguyen@gmail.com
Emergency contact: Donald Martin (295-853-3301)"
DOC-1757,email,"Hi James Johnson,

Thanks for contacting support. I have updated the phone number on your account to 765-505-1670. Please confirm the change by replying to this email.

Best,
Elizabeth Harris
Customer Support"
DOC-1758,email,"Hi Joseph Torres,


Best,
Steven Jackson
Customer Support"
DOC-1759,intake_form,"VISITOR LOG
All visitors must sign in at reception and wear a badge at all times. Parking is available in Lot B."
DOC-1760,invoice,"INVOICE INV-2022-993013
Date: 08/25/2024
Total due: $3,759.43
Payment terms: net 30. Thank you for your business."
DOC-1761,email,"Subject: Password reset request

Hello Matthew Robinson,

We received a reset request for the account donald.thompson@hotmail.com. If this was you, use the link below. Otherwise call us at (296) 600-2613.

Security Team"
DOC-1762,intake_form,"NEW PATIENT REGISTRATION
Full name: David Smith
Date of birth: January 9, 1958
Social Security: 570-72-1316
Preferred contact: nancy.anderson@hotmail.com, 970-502-1448"
DOC-1763,email,"Hi Patricia Martinez,

Thanks for contacting support. I have updated the phone number on your account to 843-832-0302. Please confirm the change by replying to this email.

Best,
Donna Thompson
Customer Support"
DOC-1764,email,"Hi Michelle Johnson,

Thanks for contacting support. I have updated the phone number on your account to 779-733-2613. Please confirm the change by replying to this email.

Best,
Christopher Brown
Customer Support"
DOC-1765,intake_form,"VISITOR LOG
All visitors must sign in at reception and wear a badge at all times. Parking is available in Lot B."
DOC-1766,invoice,"INVOICE INV-2023-891824
Date: 10/24/2025
Bill to: Richard Taylor
7002 Oak Ave, Salem, OR 34441
Card charged: 2809-5417-5401-6378
Amount: $866.03
Questions? Contact billing at emily.moore@example-health.org or (316) 656-3079."
DOC-1767,medical_record,"Lab results for Daniel Ramirez (03/26/1953):
Findings support a diagnosis of anxiety disorder. Ordering physician notified via charles.harris36@hotmail.com."
DOC-1768,email,"Hi team,

Please add Jessica Torres (donna.torres@hotmail.com) to the distribution list. Their direct line is (215) 794-9485.

Thanks,
Steven Ramirez"
DOC-1769,invoice,"Receipt INV-2024-304222 (01/14/2025)
Customer: Elizabeth Smith
Payment method: card ending 5289
Full card on file: 3286 5918 1980 5289
Total: $142.93
Account: ACCT-38745"
DOC-1770,email,"Subject: System maintenance

The portal will be down for maintenance on Sunday from 2am to 4am. No action required."
DOC-1771,email,"Hi Donna Davis,

Thanks for contacting support. I have updated the phone number on your account to (952) 217-5380. Please confirm the change by replying to this email.

Best,
Ashley Miller
Customer Support"
DOC-1772,medical_record,"Patient: Karen Thomas (DOB 08/26/2005)
Diagnosis: chronic kidney disease
Notes: Patient reports symptoms consistent with chronic kidney disease. Prescribed standard course of treatment. Follow-up in 30 days. Contact: (765) 858-5000"
DOC-1773,intake_form,"PATIENT INTAKE FORM
Name: Anthony Anderson
DOB: 12/16/1961
SSN: 271-39-8012
Address: 1392 Main St, Georgetown, TX 84838
Email: betty.lee@outlook.com
Emergency contact: John Anderson (515-395-0345)"
DOC-1774,medical_record,"Lab results for Michael Walker (03/22/1940):
Findings support a diagnosis of rheumatoid arthritis. Ordering physician notified via margaret.thomas@citymail.net."
DOC-1775,email,"Reminder: your appointment is confirmed for next Tuesday. We have your contact as (932) 322-7167 and anthony.davis@citymail.net.

- Charles Robinson, Front Desk"
DOC-1776,email,"Hi Sarah Lee,

Thanks for contacting support. I have updated the phone number on your account to 557-627-5002. Please confirm the change by replying to this email.

Best,
Richard Jones
Customer Support"
DOC-1777,medical_record,"STAFF MEMO
Hand hygiene audits will be conducted next week on all wards. Please ensure dispensers are stocked."
DOC-1778,email,"Hi Betty White,

Thanks for contacting support. I have updated the phone number on your account to (643) 210-8504. Please confirm the change by replying to this email.

Best,
Thomas Jones
Customer Support"
DOC-1779,email,"Hi team,

Reminder that the office will be closed next Monday for the public holiday. Please submit timesheets by Friday.

Thanks,
Facilities"
DOC-1780,email,"Hi Kimberly Garcia,

Thanks for contacting support. I have updated the phone number on your account to (394) 662-2190. Please confirm the change by replying to this email.

Best,
Donna Gonzalez
Customer Support"
DOC-1781,medical_record,"DISCHARGE SUMMARY
Patient name: Anthony Taylor
DOB: 12/16/1963
Primary diagnosis: hypothyroidism
Secondary: major depressive disorder
Patient advised to contact Susan Anderson at (945) 686-2154 with concerns."
DOC-1782,email,"Hi Richard Sanchez,

Thanks for contacting support. I have updated the phone number on your account to (698) 264-6686. Please confirm the change by replying to this email.

Best,
Jessica Thomas
Customer Support"
DOC-1783,invoice,"Receipt INV-2023-730967 (11/18/2024)
Customer: Thomas King
Payment method: card ending 2887
Full card on file: 8105-0391-6781-2887
Total: $4,667.28
Account: ACCT-93126"
DOC-1784,invoice,"INVOICE INV-2022-957313
Date: 12/13/2025
Bill to: Barbara Lewis
4588 Hillcrest Blvd, Riverside, CA 65797
Card charged: 9539536982320727
Amount: $260.08
Questions? Contact billing at anthony.miller@outlook.com or (642) 888-2609."
DOC-1785,email,"Subject: Password reset request

Hello Emily Smith,

We received a reset request for the account thomas.jackson@postbox.io. If this was you, use the link below. Otherwise call us at (362) 238-9205.

Security Team"
DOC-1786,intake_form,"NEW PATIENT REGISTRATION
Full name: John Walker
Date of birth: 03/26/1968
Social Security: 418-13-6815
Home address: 5537 Cedar Blvd, Milton, FL 93967
Preferred contact: john.thomas53@example-health.org, 796-250-6990"
DOC-1787,email,"Hi team,


Thanks,
Kimberly White"
DOC-1788,intake_form,"NEW PATIENT REGISTRATION
Full name: Charles Martin
Date of birth: 04/25/1961
Social Security: 387-14-4621
Home address: 4475 Maple Rd, Clinton, NY 52519
Preferred contact: james.lopez@hotmail.com, (855) 263-2546"
DOC-1789,intake_form,"PATIENT INTAKE FORM
Name: Donna Jackson
Address: 4286 Cedar Blvd, Salem, OR 21800
Email: steven.harris@postbox.io
Emergency contact: Linda Smith (736-623-1665)"
DOC-1790,email,"Subject: System maintenance

The portal will be down for maintenance on Sunday from 2am to 4am. No action required."
DOC-1791,email,"Hi James Young,

Thanks for contacting support. I have updated the phone number on your account to 885-966-0052. Please confirm the change by replying to this email.

Best,
Betty Brown
Customer Support"
DOC-1792,medical_record,"Diagnosis: anxiety disorder
Notes: Patient reports symptoms consistent with anxiety disorder. Prescribed standard course of treatment. Follow-up in 30 days. Contact: 221-909-2695"
DOC-1793,invoice,"Receipt INV-2024-737534 (12/19/2025)
Customer: Nancy Robinson
Payment method: card ending 5338
Full card on file: 5546 0683 4260 5338
Total: $3,298.48
Account: ACCT-87120"
DOC-1794,intake_form,"PATIENT INTAKE FORM
Name: Steven Robinson
DOB: 09/18/1980
SSN: 111-47-0321
Address: 3755 Cedar Blvd, Madison, WI 50082
Emergency contact: Andrew Thomas ((660) 827-0926)"
DOC-1795,medical_record,"DISCHARGE SUMMARY
Patient name: Joshua Flores
DOB: 01/16/1943
Secondary: anxiety disorder
Patient advised to contact Emily Young at 334-455-0940 with concerns."
DOC-1796,intake_form,"NEW PATIENT REGISTRATION
Full name: Ashley Hill
Home address: 6376 Pine Ln, Milton, FL 72841
Preferred contact: susan.robinson11@hotmail.com, 682-521-5381"
DOC-1797,email,"Subject: Password reset request

Hello Matthew Nguyen,

We received a reset request for the account mark.sanchez@gmail.com. If this was you, use the link below. Otherwise call us at 441-891-6367.

Security Team"
DOC-1798,intake_form,"NEW PATIENT REGISTRATION
Full name: Joseph Torres
Date of birth: 05/04/1950
Home address: 4775 Main St, Milton, FL 89941
Preferred contact: patricia.jackson@hotmail.com, (485) 390-7504"
DOC-1799,email,"Hi Sandra Lee,

Thanks for contacting support. I have updated the phone number on your account to (292) 828-4025. Please confirm the change by replying to this email.

Best,
Thomas Harris
Customer Support"
DOC-1800,intake_form,"PATIENT INTAKE FORM
Name: Emily White
DOB: 08/15/2003
SSN: 738-70-5869
Phone: (869) 888-3530
Email: christopher.sanchez58@hotmail.com
Emergency contact: Karen Sanchez (450-294-7851)"
DOC-1801,medical_record,"STAFF MEMO
Hand hygiene audits will be conducted next week on all wards. Please ensure dispensers are stocked."
DOC-1802,medical_record,"DISCHARGE SUMMARY
Patient name: Mary Flores
Secondary: psoriasis"
DOC-1803,medical_record,"Lab results for Barbara King (05/17/1971):
Findings support a diagnosis of Type 2 diabetes mellitus. Ordering physician notified via mary.nguyen@outlook.com."
DOC-1804,email,"Hi team,

Reminder that the office will be closed next Monday for the public holiday. Please submit timesheets by Friday.

Thanks,
Facilities"
DOC-1805,invoice,"INVOICE INV-2025-188053
Date: 07/28/2023
Bill to: Christopher Robinson
4473 Elm St, Ashland, KY 29056
Card charged: 7686-1277-9333-3569
Amount: $3,001.06"
DOC-1806,email,"Reminder: your appointment is confirmed for next Tuesday. We have your contact as 451-884-2958 and lisa.rodriguez@citymail.net.

- Margaret White, Front Desk"
DOC-1807,medical_record,"Lab results for Barbara Ramirez (05/22/1973):
Findings support a diagnosis of coronary artery disease. Ordering physician notified via steven.hill@citymail.net."
DOC-1808,email,"
- Steven Jackson, Front Desk"
DOC-1809,intake_form,"NEW PATIENT REGISTRATION
Full name: Mary White
Date of birth: 11/09/1957
Social Security: 355-95-5165
Home address: 5857 Pine Ln, Madison, WI 20234
Preferred contact: william.brown52@gmail.com, (877) 842-7057"
DOC-1810,email,"Hi team,

Please add Sarah Rodriguez (emily.johnson@outlook.com) to the distribution list. Their direct line is (888) 217-1002.

Thanks,
Susan Miller"
DOC-1811,email,"Subject: Password reset request

Hello Barbara Flores,

We received a reset request for the account david.harris@outlook.com. If this was you, use the link below. Otherwise call us at 897-573-6024.

Security Team"
DOC-1812,invoice,"INVOICE INV-2023-112705
Date: 11/28/2022
Bill to: Joseph Hill
9611 Cedar Blvd, Milton, FL 47917
Card charged: 3109 5188 8578 7828
Amount: $4,955.71
Questions? Contact billing at andrew.perez@citymail.net or 721-448-9895."
DOC-1813,medical_record,Lab results for Mary Lewis (06/28/1977):
DOC-1814,invoice,"INVOICE INV-2022-667719
Date: 11/20/2022
Bill to: Ashley Perez
Card charged: 9074 3906 4847 7393
Amount: $573.23
Questions? Contact billing at karen.taylor@citymail.net or 689-441-1658."
DOC-1815,intake_form,"PATIENT INTAKE FORM
Name: Betty Flores
DOB: 03/14/1972
SSN: 654-60-6801
Phone: (229) 700-9390
Email: daniel.lopez@hotmail.com"
DOC-1816,invoice,"Receipt INV-2024-394411 (08/04/2022)
Customer: Matthew Moore
Payment method: card ending 2324
Total: $415.50
Account: ACCT-59909"
DOC-1817,intake_form,"NEW PATIENT REGISTRATION
Full name: Sandra King
Date of birth: 02/09/1961
Social Security: 121-15-0982
Home address: 517 Lake Rd, Franklin, TN 76031
Preferred contact: thomas.walker80@citymail.net, (247) 943-1715"
DOC-1818,email,"Subject: Password reset request

Hello Joseph Sanchez,

We received a reset request for the account sandra.lee82@postbox.io. If this was you, use the link below. Otherwise call us at (945) 486-8015.

Security Team"
DOC-1819,email,"Hi Paul Smith,


Best,
Customer Support"
DOC-1820,invoice,"Receipt INV-2023-983621 (06/17/2023)
Customer: Thomas Lewis
Payment method: card ending 1723
Full card on file: 5396 4163 8251 1723
Total: $3,908.22
Account: ACCT-21761"
DOC-1821,invoice,"INVOICE INV-2022-992373
Date: 11/28/2025
Bill to: Paul Brown
314 Pine Ln, Ashland, KY 80158
Amount: $3,533.29
Questions? Contact billing at michael.rodriguez@citymail.net or (614) 728-1731."
DOC-1822,intake_form,"NEW PATIENT REGISTRATION
Full name: Linda Jones
Date of birth: 08/25/1941
Social Security: 405-78-6724
Home address: 4591 Hillcrest Blvd, Madison, WI 64943
Preferred contact: karen.miller@yahoo.com, 558-821-5093"
DOC-1823,medical_record,"Patient: Andrew White (DOB July 21, 1951)
Diagnosis: hypertension"
DOC-1824,intake_form,"PATIENT INTAKE FORM
Name: Daniel Miller
DOB: 12/22/1988
SSN: 228-28-3663
Address: 8090 Main St, Clinton, NY 74396
Phone: 354-544-9683
Email: john.garcia47@citymail.net"
DOC-1825,invoice,"INVOICE INV-2024-187920
Date: 11/17/2023
Total due: $1,658.35
Payment terms: net 30. Thank you for your business."
DOC-1826,medical_record,"Patient: Christopher Ramirez (DOB 12/17/1947)
Diagnosis: rheumatoid arthritis
Notes: Patient reports symptoms consistent with rheumatoid arthritis. Prescribed standard course of treatment. Follow-up in 30 days. Contact: 491-698-2375"
DOC-1827,email,"Reminder: your appointment is confirmed for next Tuesday. We have your contact as (508) 333-9874 and william.sanchez@citymail.net.
"
DOC-1828,medical_record,"STAFF MEMO
Hand hygiene audits will be conducted next week on all wards. Please ensure dispensers are stocked."
DOC-1829,intake_form,"PATIENT INTAKE FORM
Name: Barbara Perez
DOB: March 22, 1952
SSN: 863-81-7617
Address: 3753 Washington Ave, Madison, WI 44858
Email: thomas.taylor@outlook.com
Emergency contact: Barbara Rodriguez (510-610-6571)"
DOC-1830,email,"Hi team,


Thanks,
Anthony Clark"
DOC-1831,email,"Subject: Password reset request

Hello Richard Thompson,

We received a reset request for the account joshua.jackson@citymail.net. If this was you, use the link below. Otherwise call us at (330) 462-5936.

Security Team"
DOC-1832,email,"Subject: System maintenance

The portal will be down for maintenance on Sunday from 2am to 4am. No action required."
DOC-1833,medical_record,Patient: Michael Jackson (DOB 04/19/1999)
DOC-1834,invoice,"Receipt INV-2023-274665 (10/21/2022)
Customer: Matthew Allen
Payment method: card ending 0802
Full card on file: 5390 9174 4794 0802
Total: $2,161.12
Account: ACCT-62737"
DOC-1835,medical_record,Lab results for Charles Williams (12/19/1959):
DOC-1836,intake_form,"PATIENT INTAKE FORM
Name: Lisa Nguyen
DOB: 11/28/1943
SSN: 539-80-8379
Address: 4154 Main St, Springfield, IL 10006
Phone: 200-540-3196
Email: paul.martinez@postbox.io
Emergency contact: Kimberly Walker ((844) 364-2532)"
DOC-1837,email,"Subject: System maintenance

The portal will be down for maintenance on Sunday from 2am to 4am. No action required."
DOC-1838,medical_record,"STAFF MEMO
Hand hygiene audits will be conducted next week on all wards. Please ensure dispensers are stocked."
DOC-1839,email,"Subject: Password reset request

Hello Karen Nguyen,

We received a reset request for the account david.harris26@example-health.org. If this was you, use the link below. Otherwise call us at 989-852-8857.

Security Team"
DOC-1840,email,"Hi team,


Thanks,
Margaret Garcia"
DOC-1841,email,"Hi Michelle Martin,

Thanks for contacting support. I have updated the phone number on your account to 266-638-7667. Please confirm the change by replying to this email.

Best,
Customer Support"
DOC-1842,email,"Hi Donald Hernandez,

Thanks for contacting support. I have updated the phone number on your account to 725-486-5524. Please confirm the change by replying to this email.

Best,
Paul Walker
Customer Support"
DOC-1843,intake_form,"PATIENT INTAKE FORM
Name: Ashley Lopez
Address: 9437 Main St, Riverside, CA 75239
Phone: 492-415-5272
Emergency contact: Nancy Thompson (914-977-6121)"
DOC-1844,email,"Hi team,

Please add Donald Williams (james.rodriguez@example-health.org) to the distribution list. Their direct line is 909-240-6441.

Thanks,
William Martin"
DOC-1845,intake_form,"PATIENT INTAKE FORM
Name: Paul Wilson
DOB: 08/05/1982
SSN: 618-13-1548
Address: 6942 Main St, Springfield, IL 42747
Phone: 473-856-7539
Email: jennifer.allen@postbox.io
Emergency contact: William Williams ((894) 357-2570)"
DOC-1846,email,"Hi team,

Please add Daniel Thompson (william.perez@example-health.org) to the distribution list. Their direct line is 531-593-8857.

Thanks,"
DOC-1847,email,"Subject: System maintenance

The portal will be down for maintenance on Sunday from 2am to 4am. No action required."
DOC-1848,email,"Hi team,

Please add William Nguyen (thomas.allen@hotmail.com) to the distribution list. Their direct line is 206-493-1937.

Thanks,
Lisa Williams"
DOC-1849,invoice,"Receipt INV-2022-745921 (11/20/2025)
Customer: Linda Gonzalez
Payment method: card ending 1332
Full card on file: 8759-5594-2298-1332
Total: $733.10
Account: ACCT-70557"
DOC-1850,invoice,"Receipt INV-2025-701297 (05/16/2024)
Customer: Mark Robinson
Payment method: card ending 2713
Full card on file: 4360489098592713
Total: $1,703.81
Account: ACCT-89227"
DOC-1851,intake_form,"PATIENT INTAKE FORM
Name: Steven Clark
DOB: 07/21/1950
SSN: 719-77-7872
Address: 5132 Lake Rd, Madison, WI 51469
Email: richard.garcia@citymail.net
Emergency contact: Christopher Hernandez ((943) 268-7324)"
DOC-1852,invoice,"Receipt INV-2022-919244 (09/23/2023)
Customer: Paul Lewis
Payment method: card ending 7839
Total: $4,783.39
Account: ACCT-55685"
DOC-1853,medical_record,"DISCHARGE SUMMARY
Patient name: Christopher Nguyen
DOB: April 6, 1962
Primary diagnosis: hypertension
Patient advised to contact Charles Thompson at (526) 711-1270 with concerns."
DOC-1854,intake_form,"VISITOR LOG
All visitors must sign in at reception and wear a badge at all times. Parking is available in Lot B."
DOC-1855,email,"Hi Ashley Harris,

Thanks for contacting support. I have updated the phone number on your account to (437) 503-4485. Please confirm the change by replying to this email.

Best,
Susan Moore
Customer Support"
DOC-1856,medical_record,Lab results for Emily Young (03/11/1944):
DOC-1857,medical_record,"DISCHARGE SUMMARY
Patient name: Paul White
DOB: 07/02/1961"
DOC-1858,email,"Subject: Password reset request

Hello Donald White,

We received a reset request for the account david.gonzalez@example-health.org. If this was you, use the link below. Otherwise call us at 703-236-6128.

Security Team"
DOC-1859,intake_form,"NEW PATIENT REGISTRATION
Full name: Susan Flores
Date of birth: May 17, 1996
Social Security: 594-81-0693
Preferred contact: susan.gonzalez@hotmail.com, 838-952-2060"
DOC-1860,email,"Reminder: your appointment is confirmed for next Tuesday. We have your contact as (555) 530-8451 and betty.lee@postbox.io.
"
DOC-1861,email,"Hi team,

Reminder that the office will be closed next Monday for the public holiday. Please submit timesheets by Friday.

Thanks,
Facilities"
DOC-1862,medical_record,"Patient: Jennifer Martin (DOB 01/27/1958)
Diagnosis: anxiety disorder
Notes: Patient reports symptoms consistent with anxiety disorder. Prescribed standard course of treatment. Follow-up in 30 days. Contact: (311) 336-2366"
DOC-1863,email,"Hi team,

Reminder that the office will be closed next Monday for the public holiday. Please submit timesheets by Friday.

Thanks,
Facilities"
DOC-1864,medical_record,"STAFF MEMO
Hand hygiene audits will be conducted next week on all wards. Please ensure dispensers are stocked."
DOC-1865,medical_record,"Lab results for Donna Young (12/08/1952):
Findings support a diagnosis of coronary artery disease. Ordering physician notified via joshua.lee@citymail.net."
DOC-1866,invoice,"Receipt INV-2022-235119 (08/07/2022)
Customer: Sandra Nguyen
Payment method: card ending 0633
Full card on file: 5361-4083-0709-0633
Total: $3,485.60
Account: ACCT-53825"
DOC-1867,email,"Hi team,

Reminder that the office will be closed next Monday for the public holiday. Please submit timesheets by Friday.

Thanks,
Facilities"
DOC-1868,intake_form,"NEW PATIENT REGISTRATION
Full name: Sandra Gonzalez
Date of birth: 12/10/1963
Social Security: 515-29-1049
Home address: 2823 Pine Ln, Madison, WI 87857"
DOC-1869,medical_record,"Patient: Michael Moore (DOB 02/06/1978)
Diagnosis: coronary artery disease
Notes: Patient reports symptoms consistent with coronary artery disease. Prescribed standard course of treatment. Follow-up in 30 days. Contact: 389-804-2536"
DOC-1870,intake_form,"VISITOR LOG
All visitors must sign in at reception and wear a badge at all times. Parking is available in Lot B."
DOC-1871,email,"Hi team,

Please add Emily Anderson (susan.king58@citymail.net) to the distribution list. Their direct line is (796) 573-1305.

Thanks,
Nancy Thomas"
DOC-1872,invoice,"Receipt INV-2024-589033 (12/21/2024)
Customer: William Anderson
Payment method: card ending 4849
Full card on file: 2300-7086-1869-4849
Total: $822.34
Account: ACCT-32044"
DOC-1873,medical_record,"DISCHARGE SUMMARY
Patient name: Lisa Williams
DOB: 10/05/1988
Primary diagnosis: hyperlipidemia
Secondary: gastroesophageal reflux disease"
DOC-1874,intake_form,"PATIENT INTAKE FORM
Name: Andrew Taylor
SSN: 310-71-0580
Address: 7052 Cedar Blvd, Georgetown, TX 44948
Phone: (374) 495-5323"
DOC-1875,invoice,"INVOICE INV-2022-867281
Date: 02/24/2022
Bill to: Michelle White
3153 Cedar Blvd, Riverside, CA 31434
Card charged: 5264974787067640
Amount: $1,127.37"
DOC-1876,email,"Subject: Password reset request

Hello Michael Davis,


Security Team"
DOC-1877,email,"Hi team,


Thanks,
Patricia Taylor"
DOC-1878,email,"Hi team,

Reminder that the office will be closed next Monday for the public holiday. Please submit timesheets by Friday.

Thanks,
Facilities"
DOC-1879,email,"Subject: System maintenance

The portal will be down for maintenance on Sunday from 2am to 4am. No action required."
DOC-1880,intake_form,"PATIENT INTAKE FORM
Name: Nancy Sanchez
DOB: 10/12/1942
SSN: 738-26-7501
Address: 2658 Lake Rd, Springfield, IL 18524
Phone: 550-997-3773
Email: linda.miller@gmail.com
Emergency contact: Jennifer Ramirez ((378) 942-7714)"
DOC-1881,email,"Subject: Password reset request

Hello Linda Williams,

We received a reset request for the account ashley.gonzalez@yahoo.com. If this was you, use the link below. Otherwise call us at (349) 207-7187.

Security Team"
DOC-1882,intake_form,"NEW PATIENT REGISTRATION
Full name: Donna Rodriguez
Date of birth: 04/27/1980
Social Security: 040-22-0244
Home address: 9523 Park Ln, Milton, FL 41136
Preferred contact: john.nguyen13@postbox.io, (475) 991-0965"
DOC-1883,invoice,"Receipt INV-2025-755728 (10/28/2025)
Customer: Donna Taylor
Payment method: card ending 2739
Total: $2,301.70
Account: ACCT-67323"
DOC-1884,email,"Subject: Password reset request

Hello Andrew Rodriguez,


Security Team"
DOC-1885,intake_form,"NEW PATIENT REGISTRATION
Full name: Patricia Allen
Date of birth: 11/12/1968
Social Security: 713-38-3129"
DOC-1886,invoice,"INVOICE INV-2025-913574
Date: 02/03/2022
Total due: $2,238.00
Payment terms: net 30. Thank you for your business."
DOC-1887,medical_record,"Lab results for Andrew Lopez (07/16/2001):
Findings support a diagnosis of hypothyroidism. Ordering physician notified via mary.king@postbox.io."
DOC-1888,email,"Hi team,

Please add Mary King (mary.williams@citymail.net) to the distribution list. Their direct line is (823) 254-8984.

Thanks,"
DOC-1889,intake_form,"PATIENT INTAKE FORM
Name: William Taylor
DOB: 07/03/1967
SSN: 381-11-2950
Email: steven.davis@example-health.org
Emergency contact: Paul Wilson (622-705-8550)"
DOC-1890,invoice,"INVOICE INV-2023-909523
Date: 06/03/2024
Bill to: Sarah Gonzalez
3362 Lake Rd, Fairview, OH 23790
Card charged: 5752-2950-8386-0390
Amount: $2,139.84
Questions? Contact billing at ashley.jackson@hotmail.com or 568-605-7732."
DOC-1891,email,"Hi team,

Reminder that the office will be closed next Monday for the public holiday. Please submit timesheets by Friday.

Thanks,
Facilities"
DOC-1892,intake_form,"PATIENT INTAKE FORM
Name: James Thomas
DOB: 01/17/1958
SSN: 246-42-1586
Address: 9886 Washington Ave, Springfield, IL 99831
Phone: 829-225-9450
Email: daniel.young91@example-health.org
Emergency contact: Daniel Davis ((610) 608-1382)"
DOC-1893,intake_form,"VISITOR LOG
All visitors must sign in at reception and wear a badge at all times. Parking is available in Lot B."
DOC-1894,email,"Hi David Harris,

Thanks for contacting support. I have updated the phone number on your account to 219-963-2950. Please confirm the change by replying to this email.

Best,
Anthony Thompson
Customer Support"
DOC-1895,invoice,"INVOICE INV-2024-559650
Date: 06/08/2025
Bill to: Richard Nguyen
5872 Lake Rd, Clinton, NY 34928
Card charged: 9180238487614447
Amount: $2,526.56
Questions? Contact billing at joseph.lewis@postbox.io or (859) 861-0606."
DOC-1896,email,"Hi James Hernandez,


Best,
Paul Perez
Customer Support"
DOC-1897,invoice,"INVOICE INV-2025-522829
Date: 12/01/2025
Total due: $746.02
Payment terms: net 30. Thank you for your business."
DOC-1898,email,"Hi team,

Please add Steven Flores (mark.allen@citymail.net) to the distribution list. Their direct line is 517-332-6054.

Thanks,
Lisa Scott"
DOC-1899,email,"Reminder: your appointment is confirmed for next Tuesday. We have your contact as 398-739-3252 and matthew.harris@example-health.org.

- Linda Taylor, Front Desk"
DOC-1900,email,"Subject: Password reset request

Hello John Thompson,

We received a reset request for the account richard.johnson@hotmail.com. If this was you, use the link below. Otherwise call us at 815-306-0695.

Security Team"
DOC-1901,email,"Hi team,

Please add Christopher Jones (barbara.hill@example-health.org) to the distribution list. Their direct line is 861-961-4120.

Thanks,
Sarah Garcia"
DOC-1902,email,"Hi team,

Please add Joseph King (william.williams26@outlook.com) to the distribution list. Their direct line is 889-260-0909.

Thanks,
Steven Ramirez"
DOC-1903,invoice,"Receipt INV-2024-557950 (07/23/2022)
Customer: Patricia Anderson
Payment method: card ending 5162
Full card on file: 6733614247415162
Total: $2,274.65
Account: ACCT-94051"
DOC-1904,medical_record,Lab results for Thomas Thomas (05/18/1993):
DOC-1905,intake_form,"PATIENT INTAKE FORM
Name: Joshua Harris
DOB: 01/24/1979
SSN: 847-85-2540
Address: 8469 Elm St, Madison, WI 36510
Phone: 893-537-9838"
DOC-1906,email,"Reminder: your appointment is confirmed for next Tuesday. We have your contact as (550) 385-9340 and matthew.walker@yahoo.com.

- Sandra White, Front Desk"
DOC-1907,intake_form,"PATIENT INTAKE FORM
Name: Joshua Lewis
DOB: 10/12/1986
SSN: 409-94-4888
Address: 905 Maple Rd, Franklin, TN 85809
Phone: 468-648-0550
Email: thomas.taylor@outlook.com"
DOC-1908,invoice,"INVOICE INV-2025-520026
Date: 04/27/2024
Bill to: Sarah Moore
Card charged: 9738-5442-4029-4808
Amount: $1,446.62"
DOC-1909,intake_form,"NEW PATIENT REGISTRATION
Full name: Paul Garcia
Date of birth: July 4, 1983
Social Security: 414-30-1064
Home address: 6295 Lake Rd, Georgetown, TX 72090
Preferred contact: jennifer.thomas95@citymail.net, 707-402-1033"
DOC-1910,medical_record,"Lab results for Paul King (08/13/1995):
Findings support a diagnosis of asthma. Ordering physician notified via steven.rodriguez@hotmail.com."
DOC-1911,email,"Hi team,

Please add Kimberly Torres (daniel.robinson@outlook.com) to the distribution list. Their direct line is (667) 749-6071.

Thanks,
Richard Lee"
DOC-1912,email,"Hi team,

Please add Donald Miller (john.thompson41@yahoo.com) to the distribution list. Their direct line is (385) 267-9131.

Thanks,
Andrew Perez"
DOC-1913,intake_form,"PATIENT INTAKE FORM
Name: Susan Miller
DOB: 05/11/1990
SSN: 202-34-6557
Address: 5815 Pine Ln, Franklin, TN 52256
Phone: (208) 428-5910
Email: jessica.lopez@gmail.com
Emergency contact: Michael Hernandez (545-507-6610)"
DOC-1914,intake_form,"PATIENT INTAKE FORM
Name: Lisa Scott
DOB: 03/02/1965
Phone: (605) 682-8360
Email: margaret.allen@hotmail.com
Emergency contact: Karen Martin ((936) 516-9495)"
DOC-1915,intake_form,"VISITOR LOG
All visitors must sign in at reception and wear a badge at all times. Parking is available in Lot B."
DOC-1916,invoice,"Receipt INV-2023-716062 (10/27/2022)
Customer: Patricia Ramirez
Payment method: card ending 1201
Full card on file: 9782 0993 8721 1201
Total: $3,043.00
Account: ACCT-23743"
DOC-1917,invoice,"Receipt INV-2024-540432 (09/01/2022)
Customer: Michelle Thompson
Payment method: card ending 4005
Full card on file: 4761680680304005
Total: $990.35
Account: ACCT-36288"
DOC-1918,email,"Subject: System maintenance

The portal will be down for maintenance on Sunday from 2am to 4am. No action required."
DOC-1919,email,"Subject: Password reset request

Hello Andrew Garcia,

We received a reset request for the account donald.hill@example-health.org. If this was you, use the link below. Otherwise call us at (588) 836-0773.

Security Team"
DOC-1920,email,"Hi team,

Please add Andrew Martin (paul.wilson@example-health.org) to the distribution list. Their direct line is (227) 276-6890.

Thanks,
Michael Garcia"
DOC-1921,invoice,"Receipt INV-2022-938294 (05/20/2025)
Customer: Susan Rodriguez
Payment method: card ending 3252
Full card on file: 0096-0153-5305-3252
Total: $2,188.52
Account: ACCT-15663"
DOC-1922,invoice,"Receipt INV-2023-638016 (11/25/2022)
Customer: Michael Sanchez
Payment method: card ending 5398
Full card on file: 9324 0574 1193 5398
Total: $3,299.63
Account: ACCT-61963"
DOC-1923,email,"Hi team,

Please add Elizabeth Jones (steven.perez87@postbox.io) to the distribution list. Their direct line is 587-743-0701.

Thanks,
Richard Hill"
DOC-1924,intake_form,"NEW PATIENT REGISTRATION
Full name: Steven Gonzalez
Social Security: 464-70-3377
Home address: 948 Oak Ave, Franklin, TN 58263
Preferred contact: emily.scott53@citymail.net, 904-513-8509"
DOC-1925,medical_record,"Patient: Christopher Brown (DOB 09/04/1949)
Diagnosis: anxiety disorder"
DOC-1926,email,"Hi James Nguyen,


Best,
Christopher Lee
Customer Support"
DOC-1927,invoice,"Receipt INV-2023-265203 (05/25/2022)
Customer: Patricia Jones
Payment method: card ending 1114
Full card on file: 0932152941761114
Total: $3,347.95
Account: ACCT-88500"
DOC-1928,medical_record,"DISCHARGE SUMMARY
Patient name: John Rodriguez
DOB: July 27, 1955
Primary diagnosis: COPD
Secondary: asthma
Patient advised to contact Patricia Smith at (278) 265-2698 with concerns."
DOC-1929,email,"Subject: Password reset request

Hello Matthew Allen,

We received a reset request for the account karen.miller@outlook.com. If this was you, use the link below. Otherwise call us at (488) 602-2783.

Security Team"
DOC-1930,intake_form,"NEW PATIENT REGISTRATION
Full name: Michelle White
Social Security: 748-44-2651
Home address: 7244 Hillcrest Blvd, Riverside, CA 81224
Preferred contact: joseph.sanchez@hotmail.com, (703) 383-1405"
DOC-1931,intake_form,"PATIENT INTAKE FORM
Name: Lisa Perez
SSN: 366-57-2743
Address: 4295 Park Ln, Madison, WI 42350
Phone: (841) 525-2302
Email: michael.walker@example-health.org
Emergency contact: Karen Martinez (470-995-8593)"
DOC-1932,email,"Subject: System maintenance

The portal will be down for maintenance on Sunday from 2am to 4am. No action required."
DOC-1933,invoice,"INVOICE INV-2023-163498
Date: 04/02/2023
Total due: $555.28
Payment terms: net 30. Thank you for your business."
DOC-1934,email,"Hi team,

Reminder that the office will be closed next Monday for the public holiday. Please submit timesheets by Friday.

Thanks,
Facilities"
DOC-1935,email,"Hi Lisa Perez,

Thanks for contacting support. I have updated the phone number on your account to (879) 831-2262. Please confirm the change by replying to this email.

Best,
Donald Walker
Customer Support"
DOC-1936,intake_form,"NEW PATIENT REGISTRATION
Full name: Barbara Thompson
Date of birth: 11/19/1991
Social Security: 800-49-1275
Home address: 5797 Oak Ave, Georgetown, TX 12020
Preferred contact: mark.ramirez38@example-health.org, 589-662-2750"
DOC-1937,medical_record,Lab results for Barbara Rodriguez (02/03/1945):
DOC-1938,email,"Hi Margaret Sanchez,

Thanks for contacting support. I have updated the phone number on your account to 956-836-7727. Please confirm the change by replying to this email.

Best,
Karen Clark
Customer Support"
DOC-1939,medical_record,"STAFF MEMO
Hand hygiene audits will be conducted next week on all wards. Please ensure dispensers are stocked."
DOC-1940,email,"Reminder: your appointment is confirmed for next Tuesday. We have your contact as 210-386-6591 and william.wilson@citymail.net.

- Karen Perez, Front Desk"
DOC-1941,email,"Hi team,

Reminder that the office will be closed next Monday for the public holiday. Please submit timesheets by Friday.

Thanks,
Facilities"
DOC-1942,email,"Hi Patricia Martinez,

Thanks for contacting support. I have updated the phone number on your account to 950-699-4267. Please confirm the change by replying to this email.

Best,
David Moore
Customer Support"
DOC-1943,intake_form,"NEW PATIENT REGISTRATION
Full name: Linda Davis
Social Security: 759-72-7217
Home address: 7398 Cedar Blvd, Clinton, NY 70771
Preferred contact: charles.nguyen@example-health.org, (958) 498-6142"
DOC-1944,medical_record,Lab results for Daniel Perez (10/15/1996):
DOC-1945,intake_form,"VISITOR LOG
All visitors must sign in at reception and wear a badge at all times. Parking is available in Lot B."
DOC-1946,intake_form,"NEW PATIENT REGISTRATION
Full name: Matthew Lewis
Date of birth: 05/02/1956"
DOC-1947,email,"
- Michael Moore, Front Desk"
DOC-1948,intake_form,"PATIENT INTAKE FORM
Name: Andrew Perez
DOB: December 27, 1989
SSN: 200-32-0970
Address: 7022 Elm St, Springfield, IL 55531"
DOC-1949,invoice,"INVOICE INV-2022-830361
Date: 08/11/2022
Total due: $3,102.60
Payment terms: net 30. Thank you for your business."
DOC-1950,intake_form,"NEW PATIENT REGISTRATION
Full name: Mary Perez
Date of birth: 06/08/1995
Social Security: 278-96-3470
Home address: 3041 Pine Ln, Franklin, TN 14299
Preferred contact: ashley.williams@gmail.com, 901-246-7461"
DOC-1951,intake_form,"PATIENT INTAKE FORM
Name: Ashley Sanchez
DOB: 11/28/2000
SSN: 219-74-8453
Address: 1802 Main St, Riverside, CA 18354
Phone: (411) 233-5735
Email: donna.martinez27@yahoo.com"
DOC-1952,invoice,"Receipt INV-2025-742417 (12/25/2022)
Customer: Michael Sanchez
Payment method: card ending 2145
Full card on file: 5542 7933 9970 2145
Total: $3,899.85
Account: ACCT-50877"
DOC-1953,email,"
- Thomas Gonzalez, Front Desk"
DOC-1954,medical_record,"Patient: Mark Lopez (DOB 07/22/1975)
Diagnosis: atrial fibrillation
Notes: Patient reports symptoms consistent with atrial fibrillation. Prescribed standard course of treatment. Follow-up in 30 days. Contact: 606-209-4818"
DOC-1955,medical_record,Patient: Linda Jones (DOB 09/11/2002)
DOC-1956,email,"Hi team,

Please add John Scott (mark.perez@gmail.com) to the distribution list. Their direct line is 701-614-6133.

Thanks,
David Hernandez"
DOC-1957,medical_record,"STAFF MEMO
Hand hygiene audits will be conducted next week on all wards. Please ensure dispensers are stocked."
DOC-1958,medical_record,"DISCHARGE SUMMARY
Patient name: Anthony King
DOB: 07/21/1991
Primary diagnosis: Type 2 diabetes mellitus
Secondary: psoriasis"
DOC-1959,email,"Hi Jessica Anderson,

Thanks for contacting support. I have updated the phone number on your account to (663) 289-4339. Please confirm the change by replying to this email.

Best,
Linda Wilson
Customer Support"
DOC-1960,medical_record,Lab results for Steven Flores (10/11/1975):
DOC-1961,email,"Hi team,


Thanks,
Joshua Wright"
DOC-1962,email,"Subject: Password reset request

Hello Donald White,

We received a reset request for the account joshua.taylor@hotmail.com. If this was you, use the link below. Otherwise call us at (438) 337-7935.

Security Team"
DOC-1963,email,"Subject: Password reset request

Hello Barbara Torres,

We received a reset request for the account mark.taylor@gmail.com. If this was you, use the link below. Otherwise call us at 921-881-6465.

Security Team"
DOC-1964,email,"
- Betty Martin, Front Desk"
DOC-1965,medical_record,"STAFF MEMO
Hand hygiene audits will be conducted next week on all wards. Please ensure dispensers are stocked."
DOC-1966,intake_form,"NEW PATIENT REGISTRATION
Full name: John Harris
Date of birth: 12/28/1998
Social Security: 896-56-5819
Home address: 9611 Park Ln, Milton, FL 19860
Preferred contact: joshua.harris53@hotmail.com, (615) 262-3011"
DOC-1967,invoice,"INVOICE INV-2022-132773
Date: 11/06/2024
Bill to: Anthony Martinez
2061 Washington Ave, Georgetown, TX 75201
Amount: $1,956.93
Questions? Contact billing at andrew.johnson@hotmail.com or 408-306-7433."
DOC-1968,intake_form,"VISITOR LOG
All visitors must sign in at reception and wear a badge at all times. Parking is available in Lot B."
DOC-1969,email,"Hi team,

Please add Joseph Jones (mark.jones78@citymail.net) to the distribution list. Their direct line is (266) 589-3772.

Thanks,
Daniel Taylor"
DOC-1970,email,"Reminder: your appointment is confirmed for next Tuesday. We have your contact as (620) 757-9362 and elizabeth.williams51@yahoo.com.
"
DOC-1971,intake_form,"PATIENT INTAKE FORM
Name: Andrew Allen
DOB: 07/24/1950
SSN: 301-86-9913
Address: 5056 Cedar Blvd, Riverside, CA 52237
Phone: 454-947-6852
Email: michael.gonzalez28@hotmail.com
Emergency contact: Linda Anderson (624-677-4764)"
DOC-1972,email,"Reminder: your appointment is confirmed for next Tuesday. We have your contact as 204-627-9920 and jessica.jones@hotmail.com.

- Kimberly Hill, Front Desk"
DOC-1973,invoice,"Receipt INV-2022-916981 (02/20/2023)
Customer: Jennifer Scott
Payment method: card ending 8640
Full card on file: 6293-1916-7875-8640
Total: $2,998.44
Account: ACCT-93648"
DOC-1974,email,"Hi team,

Please add James Taylor (betty.miller@outlook.com) to the distribution list. Their direct line is 922-439-8871.

Thanks,"
DOC-1975,email,"Hi team,

Please add Patricia Flores (daniel.sanchez@citymail.net) to the distribution list. Their direct line is 948-257-3572.

Thanks,
Christopher Hernandez"
DOC-1976,email,"Hi team,

Please add Michelle Nguyen (michael.hill@hotmail.com) to the distribution list. Their direct line is 453-724-5930.

Thanks,"
DOC-1977,intake_form,"VISITOR LOG
All visitors must sign in at reception and wear a badge at all times. Parking is available in Lot B."
DOC-1978,invoice,"Receipt INV-2024-828215 (11/09/2022)
Customer: Patricia Ramirez
Payment method: card ending 9978
Full card on file: 9895-8294-8630-9978
Total: $4,774.26
Account: ACCT-68546"
DOC-1979,medical_record,"Patient: Jennifer Martin (DOB May 6, 1955)"
DOC-1980,medical_record,Findings support a diagnosis of gastroesophageal reflux disease. Ordering physician notified via margaret.harris@hotmail.com.
DOC-1981,medical_record,Findings support a diagnosis of rheumatoid arthritis. Ordering physician notified via sarah.clark@citymail.net.
DOC-1982,email,"Subject: Password reset request

Hello Michelle Johnson,

We received a reset request for the account james.lopez75@outlook.com. If this was you, use the link below. Otherwise call us at 245-265-1534.

Security Team"
DOC-1983,email,"Subject: Password reset request

Hello Michelle Johnson,

We received a reset request for the account thomas.flores@hotmail.com. If this was you, use the link below. Otherwise call us at 919-988-4799.

Security Team"
DOC-1984,medical_record,Lab results for Paul Martin (06/03/1993):
DOC-1985,medical_record,"Lab results for Thomas Nguyen (04/12/1945):
Findings support a diagnosis of rheumatoid arthritis. Ordering physician notified via charles.davis63@hotmail.com."
DOC-1986,intake_form,"PATIENT INTAKE FORM
Name: Paul Hernandez
DOB: 07/22/1951
SSN: 445-95-3085
Address: 3701 Park Ln, Franklin, TN 18785
Emergency contact: Jessica Wright (770-446-6539)"
DOC-1987,email,"Subject: Password reset request

Hello Kimberly Sanchez,

We received a reset request for the account jessica.nguyen73@hotmail.com. If this was you, use the link below. Otherwise call us at (366) 513-0272.

Security Team"
DOC-1988,email,"Hi Joshua Johnson,

Thanks for contacting support. I have updated the phone number on your account to 870-395-5983. Please confirm the change by replying to this email.

Best,
William King
Customer Support"
DOC-1989,email,"Reminder: your appointment is confirmed for next Tuesday. We have your contact as (431) 425-3490 and mark.harris@postbox.io.
"
DOC-1990,invoice,"Receipt INV-2022-937327 (12/27/2025)
Customer: Nancy Lopez
Payment method: card ending 2077
Total: $1,566.86
Account: ACCT-11824"
DOC-1991,email,"
- Kimberly Thomas, Front Desk"
DOC-1992,email,"Hi Elizabeth Hill,


Best,
Mark Lee
Customer Support"
DOC-1993,intake_form,"PATIENT INTAKE FORM
Name: Susan Johnson
DOB: 03/12/1963
SSN: 397-64-7158
Address: 2956 Hillcrest Blvd, Milton, FL 25476
Email: david.miller@outlook.com
Emergency contact: Lisa Torres ((934) 555-9203)"
DOC-1994,email,"Hi team,

Please add Susan Lewis (margaret.gonzalez@postbox.io) to the distribution list. Their direct line is 768-927-2873.

Thanks,
Anthony Jackson"
DOC-1995,intake_form,"VISITOR LOG
All visitors must sign in at reception and wear a badge at all times. Parking is available in Lot B."
DOC-1996,invoice,"INVOICE INV-2023-629038
Date: 06/02/2024
Bill to: Michael White
5229 Park Ln, Springfield, IL 90772
Card charged: 2568704264697951
Amount: $3,440.18
Questions? Contact billing at paul.brown39@hotmail.com or (617) 206-6385."
DOC-1997,email,"Subject: Password reset request

Hello Barbara Perez,

We received a reset request for the account barbara.davis@example-health.org. If this was you, use the link below. Otherwise call us at 212-378-9516.

Security Team"
DOC-1998,invoice,"Receipt INV-2024-698192 (10/21/2022)
Customer: Thomas Nguyen
Payment method: card ending 8533
Full card on file: 7151-2954-5893-8533
Total: $4,856.44
Account: ACCT-66787"
DOC-1999,email,"Hi team,


Thanks,
John Scott"
DOC-2000,email,"Hi Patricia Lee,

Thanks for contacting support. I have updated the phone number on your account to 885-202-4617. Please confirm the change by replying to this email.

Best,
Joshua Harris
Customer Support"
DOC-2001,medical_record,Findings support a diagnosis of COPD. Ordering physician notified via david.johnson87@outlook.com.
DOC-2002,email,"Subject: System maintenance

The portal will be down for maintenance on Sunday from 2am to 4am. No action required."
DOC-2003,email,"Reminder: your appointment is confirmed for next Tuesday. We have your contact as 202-653-9490 and mary.sanchez12@hotmail.com.

- Donna Moore, Front Desk"
DOC-2004,email,"Hi team,

Please add Donna White (paul.hernandez@citymail.net) to the distribution list. Their direct line is (263) 909-6704.

Thanks,
William Clark"
DOC-2005,intake_form,"VISITOR LOG
All visitors must sign in at reception and wear a badge at all times. Parking is available in Lot B."
DOC-2006,invoice,"Receipt INV-2024-721026 (12/03/2023)
Customer: Lisa Nguyen
Payment method: card ending 6331
Full card on file: 6915734943856331
Total: $3,899.90
Account: ACCT-80859"
DOC-2007,invoice,"INVOICE INV-2022-225814
Date: 12/08/2023
Total due: $2,688.85
Payment terms: net 30. Thank you for your business."
DOC-2008,invoice,"INVOICE INV-2023-156809
Date: 05/10/2024
Bill to: Sarah Thomas
Card charged: 7071278796338797
Amount: $1,979.40
Questions? Contact billing at john.gonzalez@yahoo.com or (954) 251-8314."
DOC-2009,email,"Hi team,


Thanks,
James Lopez"
DOC-2010,invoice,"INVOICE INV-2025-746205
Date: 07/18/2024
Bill to: Jessica Young
Card charged: 0305-7925-1733-3583
Amount: $3,329.22
Questions? Contact billing at steven.hernandez@gmail.com or (283) 843-5483."
DOC-2011,intake_form,"VISITOR LOG
All visitors must sign in at reception and wear a badge at all times. Parking is available in Lot B."
DOC-2012,email,"Hi team,


Thanks,
Michael Miller"
DOC-2013,medical_record,Lab results for Donna Nguyen (06/09/1972):
DOC-2014,email,"
- Charles Martin, Front Desk"
DOC-2015,email,"Reminder: your appointment is confirmed for next Tuesday. We have your contact as (505) 588-5210 and emily.flores@outlook.com.

- Jessica Garcia, Front Desk"
DOC-2016,intake_form,"NEW PATIENT REGISTRATION
Full name: Thomas King
Date of birth: 10/07/1968
Social Security: 496-26-7230
Home address: 4219 Oak Ave, Fairview, OH 29871"
DOC-2017,invoice,"Receipt INV-2024-655161 (04/21/2025)
Customer: Susan Walker
Payment method: card ending 3352
Full card on file: 0063 2399 8877 3352
Total: $2,939.87
Account: ACCT-57933"
DOC-2018,invoice,"Receipt INV-2024-290152 (09/04/2025)
Customer: Joseph Hernandez
Payment method: card ending 9810
Total: $1,946.36
Account: ACCT-83437"
DOC-2019,intake_form,"PATIENT INTAKE FORM
Name: Richard Nguyen
DOB: June 7, 1980
Address: 1719 Park Ln, Salem, OR 88091
Email: patricia.torres@yahoo.com
Emergency contact: Charles Martinez ((483) 993-3210)"
DOC-2020,invoice,"Receipt INV-2022-696536 (09/27/2023)
Customer: Steven Thomas
Payment method: card ending 6917
Full card on file: 9071-2125-7989-6917
Total: $1,353.35
Account: ACCT-71703"
DOC-2021,intake_form,"PATIENT INTAKE FORM
Name: Mark Harris
DOB: June 5, 1949
Email: margaret.sanchez@gmail.com"
DOC-2022,email,"Reminder: your appointment is confirmed for next Tuesday. We have your contact as 968-750-5714 and karen.thomas@citymail.net.

- Jessica Scott, Front Desk"
DOC-2023,email,"Hi team,

Reminder that the office will be closed next Monday for the public holiday. Please submit timesheets by Friday.

Thanks,
Facilities"
DOC-2024,intake_form,"NEW PATIENT REGISTRATION
Full name: William Perez
Date of birth: 02/05/1954
Social Security: 534-14-3368
Home address: 2627 Oak Ave, Springfield, IL 59892
Preferred contact: elizabeth.anderson@outlook.com, 237-592-7444"
DOC-2025,medical_record,"Patient: John Ramirez (DOB 05/12/1951)
Diagnosis: hypertension
Notes: Patient reports symptoms consistent with hypertension. Prescribed standard course of treatment. Follow-up in 30 days. Contact: (411) 594-5543"
DOC-2026,medical_record,"Lab results for Donald Harris (08/10/1949):
Findings support a diagnosis of Type 2 diabetes mellitus. Ordering physician notified via sarah.thompson@yahoo.com."
DOC-2027,email,"Hi Matthew Moore,

Thanks for contacting support. I have updated the phone number on your account to 434-693-1361. Please confirm the change by replying to this email.

Best,
Customer Support"
DOC-2028,email,"Hi team,

Please add Barbara Garcia (michael.lee@outlook.com) to the distribution list. Their direct line is (204) 295-5690.

Thanks,
Thomas Wilson"
DOC-2029,medical_record,"Lab results for Joseph Ramirez (06/09/1973):
Findings support a diagnosis of gastroesophageal reflux disease. Ordering physician notified via lisa.flores58@example-health.org."
DOC-2030,email,"Reminder: your appointment is confirmed for next Tuesday. We have your contact as 534-613-8439 and donna.young87@outlook.com.

- Patricia Lewis, Front Desk"
DOC-2031,email,"Reminder: your appointment is confirmed for next Tuesday. We have your contact as 734-890-9754 and lisa.miller14@yahoo.com.

- David Jackson, Front Desk"
DOC-2032,email,"Hi team,

Reminder that the office will be closed next Monday for the public holiday. Please submit timesheets by Friday.

Thanks,
Facilities"
DOC-2033,intake_form,"NEW PATIENT REGISTRATION
Full name: Patricia White
Date of birth: 03/02/1966
Social Security: 252-58-1250
Home address: 1167 Cedar Blvd, Springfield, IL 47815
Preferred contact: karen.clark@example-health.org, 693-361-9246"
DOC-2034,medical_record,"Lab results for Sarah Williams (02/15/1949):
Findings support a diagnosis of chronic kidney disease. Ordering physician notified via robert.thomas@gmail.com."
DOC-2035,intake_form,"PATIENT INTAKE FORM
Name: Anthony Torres
Address: 807 Main St, Riverside, CA 12126
Phone: 609-852-9982
Email: donald.jackson@example-health.org"
DOC-2036,email,"Hi team,

Reminder that the office will be closed next Monday for the public holiday. Please submit timesheets by Friday.

Thanks,
Facilities"
DOC-2037,medical_record,"Lab results for Robert Lee (12/02/1952):
Findings support a diagnosis of asthma. Ordering physician notified via paul.jones@example-health.org."
DOC-2038,email,"Hi Charles Flores,

Thanks for contacting support. I have updated the phone number on your account to 512-281-1336. Please confirm the change by replying to this email.

Best,
Joseph Lopez
Customer Support"
DOC-2039,invoice,"Receipt INV-2023-850783 (02/28/2023)
Customer: Linda Ramirez
Payment method: card ending 5504
Full card on file: 7211702544965504
Total: $2,177.81
Account: ACCT-52676"
DOC-2040,email,"Hi team,

Please add Michelle Perez (james.hernandez@outlook.com) to the distribution list. Their direct line is 866-985-2266.

Thanks,"
DOC-2041,medical_record,Patient: Elizabeth Johnson (DOB 02/23/1991)
DOC-2042,intake_form,"PATIENT INTAKE FORM
Name: Michelle Brown
DOB: 05/20/1945
SSN: 033-99-9479
Address: 6513 Washington Ave, Madison, WI 68866
Phone: 975-647-2861
Email: robert.hernandez91@postbox.io
Emergency contact: Margaret Martin ((824) 812-1148)"
DOC-2043,intake_form,"PATIENT INTAKE FORM
Name: Jessica Lewis
DOB: 06/07/1954
Phone: (988) 420-2392
Email: sandra.harris@outlook.com
Emergency contact: Paul Jackson (331-711-4999)"
DOC-2044,medical_record,"Lab results for Charles Thompson (09/18/1965):
Findings support a diagnosis of chronic kidney disease. Ordering physician notified via william.thomas@citymail.net."
DOC-2045,medical_record,"DISCHARGE SUMMARY
Patient name: Lisa Martin
DOB: November 1, 1959
Secondary: Type 2 diabetes mellitus"
DOC-2046,email,"Hi Matthew Martinez,

Thanks for contacting support. I have updated the phone number on your account to (416) 270-5794. Please confirm the change by replying to this email.

Best,
Michelle Moore
Customer Support"
DOC-2047,intake_form,"VISITOR LOG
All visitors must sign in at reception and wear a badge at all times. Parking is available in Lot B."
DOC-2048,medical_record,"STAFF MEMO
Hand hygiene audits will be conducted next week on all wards. Please ensure dispensers are stocked."
DOC-2049,intake_form,"PATIENT INTAKE FORM
Name: James Williams
DOB: 08/16/1957
SSN: 770-11-6145
Address: 9372 Elm St, Madison, WI 47892
Phone: (349) 657-6767
Email: emily.smith82@yahoo.com
Emergency contact: Matthew Gonzalez (368-603-7295)"
DOC-2050,email,"Hi team,

Reminder that the office will be closed next Monday for the public holiday. Please submit timesheets by Friday.

Thanks,
Facilities"
DOC-2051,invoice,"Receipt INV-2025-372173 (04/18/2024)
Customer: Linda Jackson
Payment method: card ending 4050
Full card on file: 3838167428954050
Total: $2,772.17
Account: ACCT-74037"
DOC-2052,invoice,"INVOICE INV-2024-489823
Date: 04/19/2022
Bill to: Karen Perez
9340 Park Ln, Salem, OR 82856
Card charged: 9822455404210018
Amount: $3,625.90
Questions? Contact billing at michelle.sanchez@postbox.io or 684-656-8630."
DOC-2053,intake_form,"PATIENT INTAKE FORM
Name: Jessica Torres
DOB: April 24, 1983
SSN: 034-95-2094
Phone: 542-874-3003
Emergency contact: Susan Miller (379-567-2590)"
DOC-2054,intake_form,"NEW PATIENT REGISTRATION
Full name: Andrew Lopez
Date of birth: 06/03/1955
Social Security: 594-49-5103
Home address: 8218 Cedar Blvd, Ashland, KY 81780"
DOC-2055,invoice,"Receipt INV-2025-604797 (06/04/2024)
Customer: Sarah Gonzalez
Payment method: card ending 7843
Full card on file: 3161209928687843
Total: $3,272.84
Account: ACCT-39128"
DOC-2056,email,"
- William Wright, Front Desk"
DOC-2057,intake_form,"PATIENT INTAKE FORM
Name: Jennifer Lee
DOB: 11/23/1988
SSN: 320-13-2787
Address: 1729 Washington Ave, Franklin, TN 77881
Phone: (242) 602-0160
Emergency contact: Lisa Davis ((763) 533-2813)"
DOC-2058,medical_record,"DISCHARGE SUMMARY
Patient name: Richard Johnson
DOB: 08/21/1940
Primary diagnosis: atrial fibrillation
Secondary: gastroesophageal reflux disease
Patient advised to contact Ashley Walker at 497-324-4808 with concerns."
DOC-2059,medical_record,"DISCHARGE SUMMARY
Patient name: Sandra Thompson
DOB: December 17, 1999
Primary diagnosis: anxiety disorder"
DOC-2060,intake_form,"NEW PATIENT REGISTRATION
Full name: Susan Rodriguez
Date of birth: 05/16/1989
Social Security: 110-93-4254
Home address: 4557 Oak Ave, Franklin, TN 11835
Preferred contact: thomas.gonzalez@example-health.org, 490-727-3446"
DOC-2061,email,"Subject: Password reset request

Hello Donald Garcia,

We received a reset request for the account andrew.miller65@example-health.org. If this was you, use the link below. Otherwise call us at 425-772-1733.

Security Team"
DOC-2062,intake_form,"VISITOR LOG
All visitors must sign in at reception and wear a badge at all times. Parking is available in Lot B."
DOC-2063,email,"Hi Nancy Rodriguez,


Best,
Customer Support"
DOC-2064,intake_form,"NEW PATIENT REGISTRATION
Full name: Andrew Thomas
Date of birth: 04/11/1954
Social Security: 814-72-6991
Home address: 5715 Maple Rd, Fairview, OH 90851
Preferred contact: jessica.young55@outlook.com, (264) 295-8497"
DOC-2065,medical_record,"Lab results for Jennifer Gonzalez (February 8, 1976):
Findings support a diagnosis of Type 2 diabetes mellitus. Ordering physician notified via richard.gonzalez@gmail.com."
DOC-2066,email,"Subject: Password reset request

Hello Linda Allen,

We received a reset request for the account ashley.wilson79@citymail.net. If this was you, use the link below. Otherwise call us at 381-308-2082.

Security Team"
DOC-2067,email,"Subject: System maintenance

The portal will be down for maintenance on Sunday from 2am to 4am. No action required."
DOC-2068,intake_form,"PATIENT INTAKE FORM
Name: Paul Young
DOB: May 16, 1974
SSN: 081-39-5045
Address: 5662 Oak Ave, Franklin, TN 41241
Phone: 856-731-4078
Email: jennifer.johnson@postbox.io
Emergency contact: Sandra Rodriguez (825-947-7299)"
DOC-2069,intake_form,"PATIENT INTAKE FORM
Name: Robert Scott
DOB: 04/19/1972
SSN: 125-24-8515
Phone: (887) 481-0576
Email: nancy.allen@citymail.net
Emergency contact: Linda Young ((402) 903-2215)"
DOC-2070,intake_form,"NEW PATIENT REGISTRATION
Full name: Kimberly Scott
Social Security: 641-72-5824
Home address: 7917 Lake Rd, Milton, FL 21180
Preferred contact: michael.jackson@hotmail.com, (816) 500-6827"
DOC-2071,invoice,"Receipt INV-2022-432244 (03/09/2022)
Customer: Kimberly Sanchez
Payment method: card ending 2651
Total: $2,252.96
Account: ACCT-22666"
DOC-2072,medical_record,"DISCHARGE SUMMARY
Patient name: Michael Anderson
DOB: June 6, 1967
Primary diagnosis: COPD
Secondary: osteoporosis
Patient advised to contact Donald Ramirez at 254-454-9334 with concerns."
DOC-2073,email,"Reminder: your appointment is confirmed for next Tuesday. We have your contact as (621) 702-6172 and linda.gonzalez@citymail.net.

- Christopher Sanchez, Front Desk"
DOC-2074,medical_record,"Lab results for Andrew Nguyen (04/03/1986):
Findings support a diagnosis of hypertension. Ordering physician notified via robert.king@example-health.org."
DOC-2075,medical_record,"Patient: Ashley Thomas (DOB 02/07/1967)
Diagnosis: hyperlipidemia
Notes: Patient reports symptoms consistent with hyperlipidemia. Prescribed standard course of treatment. Follow-up in 30 days. Contact: 518-264-4789"
DOC-2076,invoice,"Receipt INV-2025-347405 (02/08/2023)
Customer: Elizabeth Flores
Payment method: card ending 1757
Full card on file: 2101727482151757
Total: $514.84
Account: ACCT-45895"
DOC-2077,invoice,"INVOICE INV-2022-616585
Date: 07/24/2025
Bill to: Michelle Clark
Amount: $4,029.81
Questions? Contact billing at mark.robinson13@hotmail.com or (325) 382-1078."
DOC-2078,intake_form,"NEW PATIENT REGISTRATION
Full name: Karen Perez
Date of birth: August 17, 1963
Social Security: 298-35-0001
Home address: 9031 Main St, Georgetown, TX 75139"
DOC-2079,intake_form,"NEW PATIENT REGISTRATION
Full name: Steven Walker
Social Security: 376-57-8046
Home address: 4802 Hillcrest Blvd, Fairview, OH 52949"
DOC-2080,intake_form,"PATIENT INTAKE FORM
Name: Lisa Smith
DOB: June 12, 1975
SSN: 663-92-7266
Address: 4794 Cedar Blvd, Riverside, CA 84725
Phone: 354-875-6945
Email: barbara.martinez@hotmail.com
Emergency contact: Mark Ramirez ((202) 406-9100)"
DOC-2081,email,"Reminder: your appointment is confirmed for next Tuesday. We have your contact as (827) 689-9880 and joseph.flores@yahoo.com.

- Steven Gonzalez, Front Desk"
DOC-2082,intake_form,"PATIENT INTAKE FORM
Name: Daniel Allen
DOB: 08/07/1955
SSN: 739-65-8823
Phone: 960-345-4087
Email: robert.young82@postbox.io
Emergency contact: Michelle Thomas ((691) 756-8036)"
DOC-2083,medical_record,"DISCHARGE SUMMARY
Patient name: Patricia Wright
DOB: August 5, 1990
Primary diagnosis: hyperlipidemia
Secondary: hypothyroidism"
DOC-2084,invoice,"INVOICE INV-2024-551101
Date: 09/26/2023
Total due: $290.46
Payment terms: net 30. Thank you for your business."
DOC-2085,email,"Hi Margaret Hernandez,

Thanks for contacting support. I have updated the phone number on your account to (462) 343-6355. Please confirm the change by replying to this email.

Best,
Patricia Thomas
Customer Support"
DOC-2086,email,"Reminder: your appointment is confirmed for next Tuesday. We have your contact as (972) 602-1328 and elizabeth.nguyen@hotmail.com.

- Jessica White, Front Desk"
DOC-2087,medical_record,"Lab results for Christopher Williams (08/05/1941):
Findings support a diagnosis of COPD. Ordering physician notified via joseph.allen83@citymail.net."
DOC-2088,invoice,"INVOICE INV-2023-256760
Date: 03/05/2025
Bill to: Christopher Jones
571 Pine Ln, Milton, FL 50692
Card charged: 8735 9754 3453 6494
Amount: $3,123.93
Questions? Contact billing at patricia.young64@example-health.org or 819-851-7284."
DOC-2089,invoice,"INVOICE INV-2022-242408
Date: 08/25/2024
Total due: $3,921.53
Payment terms: net 30. Thank you for your business."
DOC-2090,medical_record,Lab results for Donald Ramirez (09/23/1971):
DOC-2091,invoice,"INVOICE INV-2024-787817
Date: 02/15/2025
Bill to: Patricia Johnson
1426 Washington Ave, Milton, FL 55610
Amount: $4,932.25
Questions? Contact billing at michael.martin96@example-health.org or (516) 486-1374."
DOC-2092,intake_form,"PATIENT INTAKE FORM
Name: Donald Smith
SSN: 446-86-6051
Address: 7168 Oak Ave, Springfield, IL 37350
Phone: (621) 314-1043
Email: kimberly.young@citymail.net
Emergency contact: Steven Davis ((265) 664-3125)"
DOC-2093,email,"Subject: Password reset request

Hello James Lopez,


Security Team"
DOC-2094,email,"Hi team,

Please add Kimberly Torres (anthony.lee34@example-health.org) to the distribution list. Their direct line is 269-761-4453.

Thanks,
James Hill"
DOC-2095,invoice,"Receipt INV-2024-756562 (07/28/2022)
Customer: Thomas Allen
Payment method: card ending 5609
Total: $106.12
Account: ACCT-57279"
DOC-2096,invoice,"INVOICE INV-2025-259346
Date: 10/27/2022
Bill to: Nancy Brown
Card charged: 6050-5908-5576-5783
Amount: $2,687.19
Questions? Contact billing at andrew.thomas@example-health.org or (515) 699-4367."
DOC-2097,invoice,"INVOICE INV-2023-107797
Date: 10/18/2023
Bill to: Donna Davis
7565 Main St, Franklin, TN 65389
Card charged: 4714243211190264
Amount: $2,175.47
Questions? Contact billing at william.thomas@yahoo.com or (847) 765-1786."
DOC-2098,email,"Subject: Password reset request

Hello Richard Lopez,


Security Team"
DOC-2099,intake_form,"PATIENT INTAKE FORM
Name: Paul Davis
DOB: 08/27/1981
SSN: 055-21-5144
Address: 9005 Pine Ln, Georgetown, TX 53649
Phone: (664) 753-1745"
DOC-2100,medical_record,"DISCHARGE SUMMARY
Patient name: Elizabeth Sanchez
DOB: 07/18/1990
Primary diagnosis: COPD
Patient advised to contact Nancy Thomas at (849) 901-6537 with concerns."
DOC-2101,invoice,"INVOICE INV-2024-186051
Date: 11/07/2022
Bill to: Emily Miller
3124 Washington Ave, Franklin, TN 59964
Card charged: 6484918614628837
Amount: $1,633.44
Questions? Contact billing at nancy.wright8@outlook.com or (969) 411-3289."
DOC-2102,email,"Reminder: your appointment is confirmed for next Tuesday. We have your contact as 392-504-5025 and andrew.gonzalez@citymail.net.

- Barbara Anderson, Front Desk"
DOC-2103,medical_record,"DISCHARGE SUMMARY
Patient name: Richard Davis
DOB: November 23, 1967
Primary diagnosis: psoriasis
Secondary: COPD
Patient advised to contact James King at 658-514-7323 with concerns."
DOC-2104,intake_form,"NEW PATIENT REGISTRATION
Full name: Linda Allen
Social Security: 337-25-1414
Home address: 9887 Hillcrest Blvd, Springfield, IL 51452"
DOC-2105,invoice,"Receipt INV-2022-498038 (11/10/2022)
Customer: Thomas Hill
Payment method: card ending 6917
Full card on file: 1445337520156917
Total: $3,903.29
Account: ACCT-55967"
DOC-2106,intake_form,"NEW PATIENT REGISTRATION
Full name: James Flores
Date of birth: 04/09/1951
Social Security: 504-74-1127
Home address: 195 Main St, Milton, FL 73827
Preferred contact: linda.torres@citymail.net, 304-872-4900"
DOC-2107,email,"Subject: System maintenance

The portal will be down for maintenance on Sunday from 2am to 4am. No action required."
DOC-2108,email,"Hi Matthew Wright,

Thanks for contacting support. I have updated the phone number on your account to 518-742-2292. Please confirm the change by replying to this email.

Best,
David Gonzalez
Customer Support"
DOC-2109,email,"Hi team,

Reminder that the office will be closed next Monday for the public holiday. Please submit timesheets by Friday.

Thanks,
Facilities"
DOC-2110,intake_form,"VISITOR LOG
All visitors must sign in at reception and wear a badge at all times. Parking is available in Lot B."
DOC-2111,medical_record,"Patient: Sandra Lopez (DOB 04/26/1961)
Diagnosis: hypothyroidism
Notes: Patient reports symptoms consistent with hypothyroidism. Prescribed standard course of treatment. Follow-up in 30 days. Contact: 827-531-0970"
DOC-2112,medical_record,"Lab results for Lisa Taylor (January 26, 1966):
Findings support a diagnosis of osteoporosis. Ordering physician notified via susan.torres@postbox.io."
DOC-2113,intake_form,"PATIENT INTAKE FORM
Name: Michelle Scott
DOB: 03/15/1998
SSN: 012-99-5148
Address: 4071 Oak Ave, Clinton, NY 25001
Email: joshua.flores12@yahoo.com
Emergency contact: Margaret White ((629) 517-0809)"
DOC-2114,intake_form,"NEW PATIENT REGISTRATION
Full name: Andrew Martin
Date of birth: 09/19/1987
Social Security: 334-18-7906
Home address: 5377 Pine Ln, Salem, OR 33060"
DOC-2115,email,"Hi team,

Reminder that the office will be closed next Monday for the public holiday. Please submit timesheets by Friday.

Thanks,
Facilities"
DOC-2116,email,"Hi team,


Thanks,
Charles Torres"
DOC-2117,intake_form,"NEW PATIENT REGISTRATION
Full name: Jessica Perez
Date of birth: 02/12/1962
Social Security: 201-97-4694
Preferred contact: paul.torres82@postbox.io, 929-952-2484"
DOC-2118,email,"Subject: Password reset request

Hello Susan Nguyen,

We received a reset request for the account nancy.white@gmail.com. If this was you, use the link below. Otherwise call us at (627) 810-8389.

Security Team"
DOC-2119,intake_form,"PATIENT INTAKE FORM
Name: Anthony Rodriguez
DOB: 05/09/1954
SSN: 487-23-5506
Address: 5374 Main St, Clinton, NY 26336
Phone: 832-602-8003
Email: ashley.scott@postbox.io
Emergency contact: Jennifer Davis ((854) 561-9920)"
DOC-2120,medical_record,"Lab results for Richard Garcia (06/15/1944):
Findings support a diagnosis of gastroesophageal reflux disease. Ordering physician notified via jessica.lopez26@example-health.org."
DOC-2121,intake_form,"VISITOR LOG
All visitors must sign in at reception and wear a badge at all times. Parking is available in Lot B."
DOC-2122,email,"Reminder: your appointment is confirmed for next Tuesday. We have your contact as 721-821-1282 and james.walker90@hotmail.com.

- Ashley Torres, Front Desk"
DOC-2123,email,"Hi team,

Please add Emily Robinson (sarah.harris@yahoo.com) to the distribution list. Their direct line is (875) 285-9807.

Thanks,
Robert Martinez"
DOC-2124,invoice,"INVOICE INV-2023-925293
Date: 10/13/2024
Bill to: Richard Hernandez
2240 Lake Rd, Springfield, IL 76151
Amount: $2,397.95
Questions? Contact billing at patricia.sanchez@outlook.com or 917-830-4146."
DOC-2125,medical_record,Findings support a diagnosis of atrial fibrillation. Ordering physician notified via emily.harris@example-health.org.
DOC-2126,email,"Subject: System maintenance

The portal will be down for maintenance on Sunday from 2am to 4am. No action required."
DOC-2127,intake_form,"PATIENT INTAKE FORM
Name: Andrew Flores
DOB: June 4, 1954
SSN: 310-23-4781
Address: 1077 Main St, Fairview, OH 83184
Phone: (557) 214-1297
Email: sarah.walker@citymail.net
Emergency contact: David Hill (904-611-3590)"
DOC-2128,invoice,"Receipt INV-2023-120091 (10/04/2022)
Customer: William Taylor
Payment method: card ending 5276
Full card on file: 0817442539685276
Total: $1,268.39
Account: ACCT-31687"
DOC-2129,medical_record,"DISCHARGE SUMMARY
Patient name: David Wright
DOB: 10/26/1945
Primary diagnosis: coronary artery disease
Secondary: Type 2 diabetes mellitus"
DOC-2130,medical_record,Patient: Ashley Hill (DOB 01/18/2000)
DOC-2131,email,"Hi Richard Lopez,

Thanks for contacting support. I have updated the phone number on your account to 544-591-9427. Please confirm the change by replying to this email.

Best,
Sarah Lewis
Customer Support"
DOC-2132,intake_form,"NEW PATIENT REGISTRATION
Full name: David Martinez
Date of birth: 11/14/1992
Social Security: 377-48-3477
Home address: 581 Main St, Milton, FL 37046
Preferred contact: karen.torres@gmail.com, (564) 590-5613"
DOC-2133,email,"Subject: Password reset request

Hello Susan Rodriguez,

We received a reset request for the account christopher.wilson40@citymail.net. If this was you, use the link below. Otherwise call us at 528-942-3063.

Security Team"
DOC-2134,intake_form,"PATIENT INTAKE FORM
Name: Joshua Young
Phone: 487-241-2548
Email: thomas.robinson@gmail.com
Emergency contact: Mark Perez ((214) 309-6551)"
DOC-2135,medical_record,"DISCHARGE SUMMARY
Patient name: David Robinson
DOB: 12/03/1959
Primary diagnosis: anxiety disorder
Secondary: migraine
Patient advised to contact Christopher Jackson at 407-596-7969 with concerns."
DOC-2136,invoice,"INVOICE INV-2023-331314
Date: 03/16/2023
Total due: $3,724.00
Payment terms: net 30. Thank you for your business."
DOC-2137,email,"Reminder: your appointment is confirmed for next Tuesday. We have your contact as 323-817-9284 and john.jackson@example-health.org.

- Michael Wright, Front Desk"
DOC-2138,medical_record,"Lab results for Christopher Martinez (01/27/1990):
Findings support a diagnosis of coronary artery disease. Ordering physician notified via david.allen59@outlook.com."
DOC-2139,email,"Subject: Password reset request

Hello Nancy Lewis,

We received a reset request for the account kimberly.hill6@example-health.org. If this was you, use the link below. Otherwise call us at (543) 244-6939.

Security Team"
DOC-2140,medical_record,"STAFF MEMO
Hand hygiene audits will be conducted next week on all wards. Please ensure dispensers are stocked."
DOC-2141,invoice,"Receipt INV-2024-170903 (02/23/2022)
Customer: Andrew Perez
Payment method: card ending 5824
Full card on file: 1292072230335824
Total: $4,792.63
Account: ACCT-41600"
DOC-2142,intake_form,"NEW PATIENT REGISTRATION
Full name: Joshua Hernandez
Date of birth: 09/15/1996
Social Security: 449-78-2562
Home address: 226 Cedar Blvd, Madison, WI 93206"
DOC-2143,intake_form,"NEW PATIENT REGISTRATION
Full name: Andrew Flores
Date of birth: 10/17/1955
Social Security: 145-16-2837"
DOC-2144,intake_form,"NEW PATIENT REGISTRATION
Full name: Patricia Jackson
Date of birth: April 28, 1976
Home address: 9250 Maple Rd, Milton, FL 95208
Preferred contact: james.martinez91@outlook.com, 865-470-1826"
DOC-2145,email,"Reminder: your appointment is confirmed for next Tuesday. We have your contact as (438) 335-3940 and richard.young2@outlook.com.

- Donald Jackson, Front Desk"
DOC-2146,email,"Subject: Password reset request

Hello Lisa Wright,

We received a reset request for the account susan.king@postbox.io. If this was you, use the link below. Otherwise call us at 641-439-5158.

Security Team"
DOC-2147,intake_form,"PATIENT INTAKE FORM
Name: Michelle Brown
SSN: 665-22-5544
Emergency contact: Robert Rodriguez ((395) 984-6073)"
DOC-2148,medical_record,"DISCHARGE SUMMARY
Patient name: Betty Brown
DOB: 08/04/1958
Primary diagnosis: coronary artery disease
Secondary: gastroesophageal reflux disease"
DOC-2149,intake_form,"NEW PATIENT REGISTRATION
Full name: Donald Anderson
Date of birth: 11/18/1940
Social Security: 530-31-1546
Home address: 1389 Cedar Blvd, Riverside, CA 49068
Preferred contact: steven.lopez40@postbox.io, (294) 957-4929"
DOC-2150,intake_form,"PATIENT INTAKE FORM
Name: Mary Garcia
DOB: 07/17/1997
SSN: 624-38-4042
Address: 219 Pine Ln, Fairview, OH 18019
Phone: (464) 306-5964
Email: jennifer.gonzalez@yahoo.com"
DOC-2151,email,"Reminder: your appointment is confirmed for next Tuesday. We have your contact as (329) 743-5071 and steven.miller@example-health.org.

- Betty Hill, Front Desk"
DOC-2152,email,"Subject: Password reset request

Hello Jennifer Anderson,

We received a reset request for the account andrew.clark26@hotmail.com. If this was you, use the link below. Otherwise call us at (356) 226-9550.

Security Team"
DOC-2153,email,"Hi Mark Brown,

Thanks for contacting support. I have updated the phone number on your account to 915-599-6938. Please confirm the change by replying to this email.

Best,
Jessica Lewis
Customer Support"
DOC-2154,email,"Hi Karen Walker,

Thanks for contacting support. I have updated the phone number on your account to 240-997-5999. Please confirm the change by replying to this email.

Best,
Jennifer Hernandez
Customer Support"
DOC-2155,intake_form,"VISITOR LOG
All visitors must sign in at reception and wear a badge at all times. Parking is available in Lot B."
DOC-2156,intake_form,"NEW PATIENT REGISTRATION
Full name: Kimberly Torres
Date of birth: 06/19/1964
Social Security: 647-85-3043
Home address: 6024 Washington Ave, Franklin, TN 54442
Preferred contact: william.thompson@gmail.com, (557) 228-3893"
DOC-2157,medical_record,"Patient: Thomas Wilson (DOB 03/06/1975)
Diagnosis: psoriasis"
DOC-2158,email,"Hi team,

Reminder that the office will be closed next Monday for the public holiday. Please submit timesheets by Friday.

Thanks,
Facilities"
DOC-2159,medical_record,"STAFF MEMO
Hand hygiene audits will be conducted next week on all wards. Please ensure dispensers are stocked."
DOC-2160,intake_form,"VISITOR LOG
All visitors must sign in at reception and wear a badge at all times. Parking is available in Lot B."
DOC-2161,email,"Hi Joshua Torres,

Thanks for contacting support. I have updated the phone number on your account to 314-728-3160. Please confirm the change by replying to this email.

Best,
Sarah King
Customer Support"
DOC-2162,medical_record,Diagnosis: COPD
DOC-2163,email,"Subject: Password reset request

Hello Mark Walker,

We received a reset request for the account robert.white5@postbox.io. If this was you, use the link below. Otherwise call us at (683) 545-5537.

Security Team"
DOC-2164,medical_record,Lab results for Paul Harris (09/19/1996):
DOC-2165,medical_record,"Lab results for Karen Wilson (September 22, 1962):"
DOC-2166,invoice,"INVOICE INV-2025-567576
Date: 07/03/2025
Bill to: Jessica Martin
5178 Elm St, Clinton, NY 62005
Amount: $4,908.73"
DOC-2167,email,"Subject: Password reset request

Hello Christopher Walker,

We received a reset request for the account betty.rodriguez@citymail.net. If this was you, use the link below. Otherwise call us at (840) 809-0551.

Security Team"
DOC-2168,email,"Subject: System maintenance

The portal will be down for maintenance on Sunday from 2am to 4am. No action required."
DOC-2169,email,"Subject: Password reset request

Hello Mary Hernandez,

We received a reset request for the account linda.lewis41@example-health.org. If this was you, use the link below. Otherwise call us at (383) 774-3475.

Security Team"
DOC-2170,invoice,"INVOICE INV-2025-562744
Date: 06/16/2024
Bill to: James Wilson
8611 Maple Rd, Clinton, NY 89670
Card charged: 3237 7567 7946 6859
Amount: $2,842.67
Questions? Contact billing at sarah.davis@example-health.org or (489) 359-6857."
DOC-2171,email,"Hi team,

Reminder that the office will be closed next Monday for the public holiday. Please submit timesheets by Friday.

Thanks,
Facilities"
DOC-2172,medical_record,"Lab results for Emily White (07/12/1951):
Findings support a diagnosis of psoriasis. Ordering physician notified via susan.lee@example-health.org."
DOC-2173,intake_form,"NEW PATIENT REGISTRATION
Full name: Richard Nguyen
Date of birth: 11/24/1997
Home address: 7290 Hillcrest Blvd, Ashland, KY 33469
Preferred contact: ashley.young@gmail.com, 619-883-8836"
DOC-2174,email,"Hi Betty Wilson,


Best,
Jennifer Wright
Customer Support"
DOC-2175,email,"Subject: Password reset request

Hello Michelle Allen,


Security Team"
DOC-2176,email,"Hi team,


Thanks,
Barbara Harris"
DOC-2177,email,"
- Barbara Hernandez, Front Desk"
DOC-2178,medical_record,Patient: Robert Wright (DOB 08/22/1972)
DOC-2179,medical_record,"Lab results for Jessica Clark (10/26/1989):
Findings support a diagnosis of migraine. Ordering physician notified via michelle.king@example-health.org."
DOC-2180,email,"Subject: Password reset request

Hello Donald Miller,

We received a reset request for the account richard.robinson7@yahoo.com. If this was you, use the link below. Otherwise call us at 465-506-6428.

Security Team"
DOC-2181,intake_form,"PATIENT INTAKE FORM
Name: Patricia Clark
DOB: 07/10/1958
Phone: 381-474-4389
Emergency contact: Kimberly Moore ((343) 903-0702)"
DOC-2182,intake_form,"PATIENT INTAKE FORM
Name: Susan Harris
SSN: 862-23-6352
Address: 3868 Elm St, Franklin, TN 74035
Phone: 208-201-8805
Email: ashley.walker@example-health.org
Emergency contact: Patricia Williams (410-380-2595)"
DOC-2183,medical_record,"Patient: William Wilson (DOB September 22, 1969)
Diagnosis: migraine
Notes: Patient reports symptoms consistent with migraine. Prescribed standard course of treatment. Follow-up in 30 days. Contact: 448-657-7121"
DOC-2184,email,"Reminder: your appointment is confirmed for next Tuesday. We have your contact as 758-352-2270 and susan.garcia18@citymail.net.

- Jennifer Martinez, Front Desk"
DOC-2185,email,"Subject: System maintenance

The portal will be down for maintenance on Sunday from 2am to 4am. No action required."
DOC-2186,medical_record,Findings support a diagnosis of psoriasis. Ordering physician notified via christopher.hill@gmail.com.
DOC-2187,email,"Reminder: your appointment is confirmed for next Tuesday. We have your contact as 436-785-4583 and kimberly.jackson48@yahoo.com.

- Michael Smith, Front Desk"
DOC-2188,medical_record,"Patient: Barbara Young (DOB 10/05/1949)
Diagnosis: coronary artery disease
Notes: Patient reports symptoms consistent with coronary artery disease. Prescribed standard course of treatment. Follow-up in 30 days. Contact: (313) 963-0109"
DOC-2189,medical_record,"Lab results for Karen Torres (01/13/2003):
Findings support a diagnosis of atrial fibrillation. Ordering physician notified via donna.flores1@citymail.net."
DOC-2190,email,"Hi team,

Reminder that the office will be closed next Monday for the public holiday. Please submit timesheets by Friday.

Thanks,
Facilities"
DOC-2191,invoice,"INVOICE INV-2022-610750
Date: 04/19/2022
Bill to: Daniel Thomas
Card charged: 9395 6089 8046 6175
Amount: $3,450.41
Questions? Contact billing at jennifer.jackson61@yahoo.com or (469) 676-5774."
DOC-2192,email,"Hi Barbara Robinson,


Best,
Jessica Thompson
Customer Support"
DOC-2193,medical_record,"STAFF MEMO
Hand hygiene audits will be conducted next week on all wards. Please ensure dispensers are stocked."
DOC-2194,medical_record,"DISCHARGE SUMMARY
Patient name: Karen Harris
DOB: 07/15/1993
Primary diagnosis: migraine
Secondary: hypothyroidism
Patient advised to contact Michelle Davis at 484-369-8274 with concerns."
DOC-2195,email,"Subject: Password reset request

Hello Steven Lopez,

We received a reset request for the account richard.lopez@postbox.io. If this was you, use the link below. Otherwise call us at (940) 878-8883.

Security Team"
DOC-2196,email,"Hi Donald Young,


Best,
Margaret Garcia
Customer Support"
DOC-2197,intake_form,"NEW PATIENT REGISTRATION
Full name: Ashley Hill
Date of birth: 10/07/1970
Social Security: 212-48-8326
Home address: 4773 Park Ln, Riverside, CA 17352
Preferred contact: william.sanchez76@citymail.net, 598-430-1412"
DOC-2198,email,"Subject: Password reset request

Hello Emily Rodriguez,

We received a reset request for the account richard.young7@citymail.net. If this was you, use the link below. Otherwise call us at 750-487-4499.

Security Team"
DOC-2199,email,"Hi team,


Thanks,
Sandra Williams"
DOC-2200,email,"
- David Walker, Front Desk"
DOC-2201,medical_record,"STAFF MEMO
Hand hygiene audits will be conducted next week on all wards. Please ensure dispensers are stocked."
DOC-2202,invoice,"Receipt INV-2025-706984 (02/17/2025)
Customer: Christopher Allen
Payment method: card ending 6319
Full card on file: 6435 8309 7533 6319
Total: $3,910.40
Account: ACCT-25738"
DOC-2203,intake_form,"NEW PATIENT REGISTRATION
Full name: Sarah Nguyen
Social Security: 177-13-6816
Preferred contact: nancy.king@gmail.com, (402) 558-8760"
DOC-2204,email,"Subject: Password reset request

Hello Jennifer Hill,


Security Team"
DOC-2205,medical_record,"STAFF MEMO
Hand hygiene audits will be conducted next week on all wards. Please ensure dispensers are stocked."
DOC-2206,email,"Reminder: your appointment is confirmed for next Tuesday. We have your contact as 424-647-1082 and karen.lee@gmail.com.

- Donald Flores, Front Desk"
DOC-2207,email,"Subject: Password reset request

Hello Linda Moore,

We received a reset request for the account emily.nguyen@gmail.com. If this was you, use the link below. Otherwise call us at (281) 295-4050.

Security Team"
DOC-2208,email,"Reminder: your appointment is confirmed for next Tuesday. We have your contact as 927-630-4734 and matthew.jones67@citymail.net.

- Karen Ramirez, Front Desk"
DOC-2209,intake_form,"VISITOR LOG
All visitors must sign in at reception and wear a badge at all times. Parking is available in Lot B."
DOC-2210,medical_record,Lab results for Joseph Anderson (12/13/1956):
DOC-2211,intake_form,"PATIENT INTAKE FORM
Name: Sandra Lewis
DOB: 11/27/1943
SSN: 650-64-6173
Address: 4957 Elm St, Salem, OR 80651
Phone: 950-634-6081
Email: mark.lee@hotmail.com
Emergency contact: Margaret Walker ((419) 908-8306)"
DOC-2212,email,"Hi team,

Reminder that the office will be closed next Monday for the public holiday. Please submit timesheets by Friday.

Thanks,
Facilities"
DOC-2213,intake_form,"NEW PATIENT REGISTRATION
Full name: Thomas Sanchez
Date of birth: December 24, 1940
Social Security: 160-20-7535
Home address: 1193 Cedar Blvd, Franklin, TN 42577
Preferred contact: susan.smith@example-health.org, (649) 896-9182"
DOC-2214,intake_form,"NEW PATIENT REGISTRATION
Full name: Robert Lewis
Social Security: 745-11-6839
Home address: 1462 Maple Rd, Georgetown, TX 55324"
DOC-2215,intake_form,"NEW PATIENT REGISTRATION
Full name: Jessica Taylor
Date of birth: July 12, 1965
Social Security: 743-16-4106
Home address: 2415 Oak Ave, Madison, WI 92724"
DOC-2216,email,"Reminder: your appointment is confirmed for next Tuesday. We have your contact as 313-207-4387 and michelle.torres@citymail.net.

- Robert Walker, Front Desk"
DOC-2217,intake_form,"NEW PATIENT REGISTRATION
Full name: Robert Gonzalez
Social Security: 650-21-7760
Home address: 1573 Cedar Blvd, Clinton, NY 73238"
DOC-2218,medical_record,Patient: Richard Harris (DOB 04/17/1965)
DOC-2219,email,"Reminder: your appointment is confirmed for next Tuesday. We have your contact as 465-672-0322 and margaret.flores55@postbox.io.

- Donald Young, Front Desk"
DOC-2220,intake_form,"PATIENT INTAKE FORM
Name: Christopher Wilson
DOB: 01/19/1984
SSN: 272-35-5753
Address: 4644 Oak Ave, Ashland, KY 15148
Phone: (587) 413-9807
Email: joshua.taylor82@hotmail.com
Emergency contact: Lisa Miller ((409) 348-7467)"
DOC-2221,email,"Hi Andrew Hernandez,


Best,
Joshua Miller
Customer Support"
DOC-2222,email,"Reminder: your appointment is confirmed for next Tuesday. We have your contact as (569) 701-1961 and joshua.hernandez@example-health.org.

- Michael Rodriguez, Front Desk"
DOC-2223,invoice,"Receipt INV-2023-348664 (04/23/2024)
Customer: Lisa Davis
Payment method: card ending 9110
Full card on file: 6791776196079110
Total: $1,026.31
Account: ACCT-84055"
DOC-2224,email,"Subject: System maintenance

The portal will be down for maintenance on Sunday from 2am to 4am. No action required."
DOC-2225,medical_record,"DISCHARGE SUMMARY
Patient name: Mary Torres
Primary diagnosis: psoriasis
Secondary: asthma
Patient advised to contact Margaret Scott at (369) 744-9992 with concerns."
DOC-2226,email,"Hi team,


Thanks,"
DOC-2227,intake_form,"NEW PATIENT REGISTRATION
Full name: Donald Thompson
Social Security: 715-21-7254
Home address: 3620 Washington Ave, Clinton, NY 45794
Preferred contact: sarah.jones@hotmail.com, 800-506-0550"
DOC-2228,medical_record,"STAFF MEMO
Hand hygiene audits will be conducted next week on all wards. Please ensure dispensers are stocked."
DOC-2229,intake_form,"PATIENT INTAKE FORM
Name: Christopher Lewis
DOB: 07/14/1943
Phone: 507-399-7349
Email: linda.taylor@example-health.org"
DOC-2230,intake_form,"PATIENT INTAKE FORM
Name: Joshua Allen
SSN: 595-26-5839
Phone: (920) 807-4485
Email: richard.thompson@hotmail.com
Emergency contact: Andrew Garcia (416-250-2569)"
DOC-2231,medical_record,Lab results for Steven King (06/26/1971):
DOC-2232,intake_form,"NEW PATIENT REGISTRATION
Full name: Michael Thompson
Date of birth: 07/18/1946
Social Security: 301-58-0221
Home address: 9309 Hillcrest Blvd, Ashland, KY 86746
Preferred contact: lisa.torres21@gmail.com, 754-534-1918"
DOC-2233,email,"Subject: System maintenance

The portal will be down for maintenance on Sunday from 2am to 4am. No action required."
DOC-2234,medical_record,"Patient: Daniel Flores (DOB 02/05/1942)
Diagnosis: hypothyroidism
Notes: Patient reports symptoms consistent with hypothyroidism. Prescribed standard course of treatment. Follow-up in 30 days. Contact: (718) 485-8538"
DOC-2235,email,"Subject: Password reset request

Hello Andrew Perez,


Security Team"
DOC-2236,intake_form,"PATIENT INTAKE FORM
Name: Joseph White
DOB: April 13, 1964
SSN: 358-89-2433
Phone: (472) 211-5544
Email: lisa.lee69@example-health.org
Emergency contact: Margaret Clark ((453) 312-4457)"
DOC-2237,intake_form,"PATIENT INTAKE FORM
Name: Michelle Martinez
DOB: 06/22/1989
SSN: 121-70-3363
Address: 6490 Cedar Blvd, Madison, WI 65449
Phone: 512-761-1965
Email: joseph.garcia@outlook.com
Emergency contact: Mary Smith ((916) 295-9286)"
DOC-2238,medical_record,"STAFF MEMO
Hand hygiene audits will be conducted next week on all wards. Please ensure dispensers are stocked."
DOC-2239,intake_form,"PATIENT INTAKE FORM
Name: Betty Nguyen
SSN: 617-42-8746
Address: 569 Park Ln, Georgetown, TX 47175
Phone: (831) 479-0809
Email: joshua.jones@hotmail.com"
DOC-2240,email,"Hi Margaret Moore,


Best,
Matthew Lewis
Customer Support"
DOC-2241,invoice,"INVOICE INV-2022-591741
Date: 11/26/2025
Bill to: Paul Harris
Card charged: 9455-8393-1856-6543
Amount: $1,972.22"
DOC-2242,email,"Hi Sandra Ramirez,

Thanks for contacting support. I have updated the phone number on your account to 331-455-2831. Please confirm the change by replying to this email.

Best,
Nancy King
Customer Support"
DOC-2243,invoice,"Receipt INV-2024-369088 (05/28/2024)
Customer: Steven Moore
Payment method: card ending 7653
Full card on file: 4246 7600 4259 7653
Total: $2,488.56
Account: ACCT-81442"
DOC-2244,invoice,"Receipt INV-2023-968488 (02/14/2024)
Customer: John Taylor
Payment method: card ending 9628
Full card on file: 9901-4090-5444-9628
Total: $4,539.78
Account: ACCT-42265"
DOC-2245,medical_record,"Patient: Donna Brown (DOB 07/13/1998)
Diagnosis: psoriasis
Notes: Patient reports symptoms consistent with psoriasis. Prescribed standard course of treatment. Follow-up in 30 days. Contact: 565-918-2486"
DOC-2246,invoice,"INVOICE INV-2022-188988
Date: 08/21/2025
Bill to: Michael Rodriguez
1057 Pine Ln, Fairview, OH 71970
Amount: $3,433.43"
DOC-2247,invoice,"INVOICE INV-2024-243179
Date: 08/28/2022
Total due: $4,532.16
Payment terms: net 30. Thank you for your business."
DOC-2248,email,"Subject: Password reset request

Hello Patricia Brown,

We received a reset request for the account david.lee@gmail.com. If this was you, use the link below. Otherwise call us at 482-940-6538.

Security Team"
DOC-2249,email,"Hi team,

Please add Anthony Lopez (emily.robinson@citymail.net) to the distribution list. Their direct line is 309-995-8340.

Thanks,
Paul Thomas"
DOC-2250,email,"Reminder: your appointment is confirmed for next Tuesday. We have your contact as 969-264-6196 and richard.flores27@gmail.com.

- Susan Rodriguez, Front Desk"
DOC-2251,email,"Hi team,

Please add Nancy Young (thomas.garcia@gmail.com) to the distribution list. Their direct line is (382) 306-8924.

Thanks,
Richard Jackson"
DOC-2252,email,"Reminder: your appointment is confirmed for next Tuesday. We have your contact as 647-954-6360 and elizabeth.thompson@hotmail.com.

- Michael Miller, Front Desk"
DOC-2253,email,"Reminder: your appointment is confirmed for next Tuesday. We have your contact as (548) 589-5644 and susan.smith@yahoo.com.

- Charles Lopez, Front Desk"
DOC-2254,email,"Hi team,

Please add Jennifer Hill (michelle.flores58@citymail.net) to the distribution list. Their direct line is (363) 267-1082.

Thanks,"
DOC-2255,invoice,"INVOICE INV-2023-242036
Date: 08/25/2023
Bill to: Jennifer Young
758 Cedar Blvd, Riverside, CA 20196
Amount: $1,516.94
Questions? Contact billing at daniel.garcia@example-health.org or 811-566-3449."
DOC-2256,email,"Hi Ashley Clark,

Thanks for contacting support. I have updated the phone number on your account to 812-942-7138. Please confirm the change by replying to this email.

Best,
Sandra Walker
Customer Support"
DOC-2257,email,"Subject: System maintenance

The portal will be down for maintenance on Sunday from 2am to 4am. No action required."
DOC-2258,medical_record,"Patient: John Sanchez (DOB 12/17/1944)
Diagnosis: gastroesophageal reflux disease
Notes: Patient reports symptoms consistent with gastroesophageal reflux disease. Prescribed standard course of treatment. Follow-up in 30 days. Contact: (757) 897-1974"
DOC-2259,medical_record,"Lab results for Karen King (November 13, 1985):"
DOC-2260,email,"Hi Sarah Anderson,

Thanks for contacting support. I have updated the phone number on your account to 747-332-7220. Please confirm the change by replying to this email.

Best,
Charles Sanchez
Customer Support"
DOC-2261,invoice,"INVOICE INV-2023-642110
Date: 11/19/2022
Bill to: Susan Lewis
6871 Maple Rd, Springfield, IL 71419
Card charged: 7309780399346865
Amount: $1,746.92
Questions? Contact billing at donald.perez28@gmail.com or (813) 289-9538."
DOC-2262,intake_form,"PATIENT INTAKE FORM
Name: Lisa Williams
DOB: 09/04/1990
SSN: 703-21-4343
Address: 7647 Washington Ave, Franklin, TN 75827
Email: john.walker@yahoo.com
Emergency contact: Sandra Lopez ((517) 435-8280)"
DOC-2263,email,"Hi team,

Please add James Garcia (william.martinez@example-health.org) to the distribution list. Their direct line is 903-733-8237.

Thanks,
Emily Miller"
DOC-2264,email,"Subject: Password reset request

Hello Barbara Martinez,


Security Team"
DOC-2265,intake_form,"VISITOR LOG
All visitors must sign in at reception and wear a badge at all times. Parking is available in Lot B."
DOC-2266,invoice,"Receipt INV-2023-552619 (12/09/2025)
Customer: Barbara White
Payment method: card ending 1251
Full card on file: 9590121355301251
Total: $4,783.28
Account: ACCT-66299"
DOC-2267,intake_form,"NEW PATIENT REGISTRATION
Full name: Karen Jackson
Social Security: 528-32-3006
Home address: 4366 Oak Ave, Riverside, CA 53316"
DOC-2268,invoice,"Receipt INV-2022-132654 (07/21/2024)
Customer: Patricia Robinson
Payment method: card ending 6688
Full card on file: 2288 4993 9288 6688
Total: $4,363.44
Account: ACCT-33596"
DOC-2269,email,"Hi team,

Please add Barbara Wilson (margaret.miller@hotmail.com) to the distribution list. Their direct line is (439) 868-7293.

Thanks,
Sandra Hernandez"
DOC-2270,email,"Subject: Password reset request

Hello Joshua Lewis,

We received a reset request for the account donald.scott@gmail.com. If this was you, use the link below. Otherwise call us at (468) 720-6052.

Security Team"
DOC-2271,email,"Hi team,

Reminder that the office will be closed next Monday for the public holiday. Please submit timesheets by Friday.

Thanks,
Facilities"
DOC-2272,invoice,"Receipt INV-2022-423121 (12/16/2025)
Customer: Andrew Thompson
Payment method: card ending 0164
Full card on file: 1569-9229-1379-0164
Total: $1,902.01
Account: ACCT-40884"
DOC-2273,medical_record,"DISCHARGE SUMMARY
Patient name: Donald Hill
DOB: May 4, 1952
Primary diagnosis: coronary artery disease
Secondary: COPD
Patient advised to contact William Robinson at 589-702-7482 with concerns."
DOC-2274,intake_form,"PATIENT INTAKE FORM
Name: Betty Jones
DOB: February 13, 1954
SSN: 378-85-6087
Address: 1262 Maple Rd, Clinton, NY 74777
Phone: 320-640-8554
Email: karen.young@outlook.com
Emergency contact: Anthony Thomas ((479) 949-3342)"
DOC-2275,email,"Hi team,

Reminder that the office will be closed next Monday for the public holiday. Please submit timesheets by Friday.

Thanks,
Facilities"
DOC-2276,medical_record,"STAFF MEMO
Hand hygiene audits will be conducted next week on all wards. Please ensure dispensers are stocked."
DOC-2277,intake_form,"PATIENT INTAKE FORM
Name: Barbara Taylor
DOB: 12/18/1981
SSN: 878-71-0143
Address: 8261 Hillcrest Blvd, Springfield, IL 15662
Email: mark.moore@hotmail.com
Emergency contact: Charles Hernandez (537-481-2923)"
DOC-2278,intake_form,"VISITOR LOG
All visitors must sign in at reception and wear a badge at all times. Parking is available in Lot B."
DOC-2279,invoice,"Receipt INV-2024-392030 (01/05/2025)
Customer: Sarah Thompson
Payment method: card ending 6980
Full card on file: 3975 0829 0385 6980
Total: $1,659.53
Account: ACCT-77834"
DOC-2280,medical_record,"Lab results for Sarah Flores (February 22, 1977):
Findings support a diagnosis of COPD. Ordering physician notified via sandra.hill@outlook.com."
DOC-2281,intake_form,"PATIENT INTAKE FORM
Name: Jessica King
DOB: 01/22/1958
SSN: 700-91-2822
Address: 8888 Park Ln, Salem, OR 11122
Phone: (631) 853-7892
Email: sarah.ramirez41@outlook.com"
DOC-2282,email,"Subject: Password reset request

Hello Karen Taylor,


Security Team"
DOC-2283,email,"Hi team,

Please add Margaret Sanchez (linda.hill75@hotmail.com) to the distribution list. Their direct line is (283) 246-8328.

Thanks,"
DOC-2284,email,"Hi team,

Please add Thomas Lewis (william.martinez@citymail.net) to the distribution list. Their direct line is 252-470-8452.

Thanks,
Thomas Taylor"
DOC-2285,intake_form,"NEW PATIENT REGISTRATION
Full name: Sarah Anderson
Date of birth: December 2, 1958
Social Security: 054-61-0072
Home address: 133 Hillcrest Blvd, Georgetown, TX 93762
Preferred contact: sandra.young@citymail.net, 880-590-7913"
DOC-2286,medical_record,"Patient: Barbara Thomas (DOB 11/02/1977)
Diagnosis: COPD
Notes: Patient reports symptoms consistent with COPD. Prescribed standard course of treatment. Follow-up in 30 days. Contact: (895) 669-6222"
DOC-2287,email,"Hi team,

Please add David Hernandez (thomas.rodriguez@outlook.com) to the distribution list. Their direct line is (636) 318-7370.

Thanks,
Mark Martinez"
DOC-2288,intake_form,"NEW PATIENT REGISTRATION
Full name: Jessica White
Date of birth: 01/14/1954
Social Security: 311-48-4266
Preferred contact: robert.young16@hotmail.com, (699) 842-8055"
DOC-2289,email,"Hi team,


Thanks,
Susan Miller"
DOC-2290,intake_form,"PATIENT INTAKE FORM
Name: Michelle Wright
DOB: 12/12/2003
SSN: 580-69-3740
Address: 9657 Maple Rd, Franklin, TN 27455
Phone: (692) 737-0638
Email: kimberly.thomas90@example-health.org
Emergency contact: Paul Sanchez ((415) 791-1542)"
DOC-2291,medical_record,"DISCHARGE SUMMARY
Patient name: Robert Robinson
DOB: December 20, 1988
Secondary: migraine"
DOC-2292,email,"Hi Kimberly Young,

Thanks for contacting support. I have updated the phone number on your account to 338-545-8243. Please confirm the change by replying to this email.

Best,
Barbara Anderson
Customer Support"
DOC-2293,email,"Subject: Password reset request

Hello Ashley Martinez,

We received a reset request for the account jessica.jones16@outlook.com. If this was you, use the link below. Otherwise call us at 426-494-1110.

Security Team"
DOC-2294,email,"Hi Andrew Allen,

Thanks for contacting support. I have updated the phone number on your account to (917) 481-6674. Please confirm the change by replying to this email.

Best,
Daniel Gonzalez
Customer Support"
DOC-2295,email,"Reminder: your appointment is confirmed for next Tuesday. We have your contact as 840-809-8256 and michael.ramirez@postbox.io.

- Betty Hernandez, Front Desk"
DOC-2296,medical_record,"Lab results for John Garcia (01/02/1941):
Findings support a diagnosis of psoriasis. Ordering physician notified via paul.thomas15@postbox.io."
DOC-2297,email,"Hi team,

Please add Patricia Allen (jennifer.flores@example-health.org) to the distribution list. Their direct line is 890-353-2636.

Thanks,
Thomas Jackson"
DOC-2298,medical_record,"DISCHARGE SUMMARY
Patient name: Charles Lewis
DOB: 02/15/1998
Primary diagnosis: hypothyroidism
Secondary: anxiety disorder
Patient advised to contact Emily Harris at 660-782-9467 with concerns."
DOC-2299,medical_record,"STAFF MEMO
Hand hygiene audits will be conducted next week on all wards. Please ensure dispensers are stocked."
DOC-2300,email,"Hi Barbara Garcia,


Best,
Emily Davis
Customer Support"
DOC-2301,medical_record,"STAFF MEMO
Hand hygiene audits will be conducted next week on all wards. Please ensure dispensers are stocked."
DOC-2302,medical_record,"Patient: Steven Taylor (DOB December 4, 1943)"
DOC-2303,invoice,"Receipt INV-2025-815359 (09/26/2024)
Customer: Margaret Robinson
Payment method: card ending 3755
Full card on file: 8303-1729-4099-3755
Total: $940.38
Account: ACCT-79526"
DOC-2304,email,"
- Steven Moore, Front Desk"
DOC-2305,intake_form,"NEW PATIENT REGISTRATION
Full name: Donna Wilson
Date of birth: 01/04/1972
Social Security: 473-56-2860
Home address: 7864 Hillcrest Blvd, Salem, OR 31573
Preferred contact: william.perez61@citymail.net, (923) 528-0775"
DOC-2306,intake_form,"NEW PATIENT REGISTRATION
Full name: James Thomas
Date of birth: 08/19/1941
Social Security: 136-52-4118
Home address: 7315 Washington Ave, Salem, OR 29465"
DOC-2307,medical_record,"Patient: Sandra Wilson (DOB 12/05/1999)
Diagnosis: major depressive disorder"
DOC-2308,invoice,"Receipt INV-2023-473828 (02/03/2025)
Customer: Mary Lee
Payment method: card ending 6021
Full card on file: 8484149228356021
Total: $4,206.81
Account: ACCT-49329"
DOC-2309,intake_form,"PATIENT INTAKE FORM
Name: Daniel Wright
SSN: 678-43-3749
Address: 8078 Elm St, Riverside, CA 59097
Phone: 820-396-1317
Email: david.ramirez@example-health.org
Emergency contact: Thomas Lee (606-405-1251)"
DOC-2310,invoice,"Receipt INV-2025-303571 (03/03/2025)
Customer: Paul Allen
Payment method: card ending 8874
Full card on file: 1668-0965-1198-8874
Total: $3,727.65
Account: ACCT-93944"
DOC-2311,email,"Reminder: your appointment is confirmed for next Tuesday. We have your contact as 898-673-0382 and robert.king99@postbox.io.

- Nancy Perez, Front Desk"
DOC-2312,email,"Hi team,


Thanks,
Daniel Harris"
DOC-2313,email,"Hi team,

Please add Betty Thomas (michael.ramirez@citymail.net) to the distribution list. Their direct line is 618-240-6549.

Thanks,
Karen Torres"
DOC-2314,email,"Hi team,

Reminder that the office will be closed next Monday for the public holiday. Please submit timesheets by Friday.

Thanks,
Facilities"
DOC-2315,medical_record,Patient: James Sanchez (DOB 07/11/1994)
DOC-2316,intake_form,"VISITOR LOG
All visitors must sign in at reception and wear a badge at all times. Parking is available in Lot B."
DOC-2317,medical_record,"DISCHARGE SUMMARY
Patient name: James Martinez
DOB: 03/12/1977
Primary diagnosis: asthma
Secondary: hyperlipidemia"
DOC-2318,email,"Subject: Password reset request

Hello Susan King,

We received a reset request for the account mary.davis@postbox.io. If this was you, use the link below. Otherwise call us at (969) 685-0728.

Security Team"
DOC-2319,email,"
- Joseph Davis, Front Desk"
DOC-2320,email,"Subject: Password reset request

Hello Mark Thompson,


Security Team"
DOC-2321,email,"Hi team,

Please add Michelle Clark (susan.white@citymail.net) to the distribution list. Their direct line is (882) 217-1114.

Thanks,
John Hill"
DOC-2322,invoice,"INVOICE INV-2024-384768
Date: 10/24/2025
Total due: $2,778.79
Payment terms: net 30. Thank you for your business."
DOC-2323,invoice,"Receipt INV-2025-123249 (05/05/2022)
Customer: Donna Torres
Payment method: card ending 0718
Total: $833.00
Account: ACCT-28506"
DOC-2324,intake_form,"NEW PATIENT REGISTRATION
Full name: Daniel Martinez
Date of birth: 01/02/1950
Social Security: 565-65-5139
Home address: 5787 Pine Ln, Franklin, TN 98828"
DOC-2325,email,"Reminder: your appointment is confirmed for next Tuesday. We have your contact as 972-787-0539 and james.harris33@example-health.org.

- Ashley Martinez, Front Desk"
DOC-2326,email,"Subject: Password reset request

Hello Patricia Martin,

We received a reset request for the account sandra.walker@outlook.com. If this was you, use the link below. Otherwise call us at 733-400-0119.

Security Team"
DOC-2327,medical_record,"Patient: Elizabeth Sanchez (DOB 03/11/1960)
Diagnosis: chronic kidney disease
Notes: Patient reports symptoms consistent with chronic kidney disease. Prescribed standard course of treatment. Follow-up in 30 days. Contact: 511-742-3455"
DOC-2328,intake_form,"PATIENT INTAKE FORM
Name: Jessica King
DOB: 10/11/1947
SSN: 088-79-5166
Address: 3575 Maple Rd, Springfield, IL 86653
Phone: (706) 307-0714
Email: mary.moore@yahoo.com
Emergency contact: Susan Williams ((572) 981-0708)"
DOC-2329,medical_record,"DISCHARGE SUMMARY
Patient name: Barbara Robinson
DOB: 07/17/1996
Secondary: osteoporosis
Patient advised to contact Margaret Jackson at (519) 344-9524 with concerns."
DOC-2330,email,"Subject: Password reset request

Hello Jennifer Ramirez,

We received a reset request for the account matthew.brown@yahoo.com. If this was you, use the link below. Otherwise call us at 395-721-1676.

Security Team"
DOC-2331,intake_form,"PATIENT INTAKE FORM
Name: Thomas Brown
DOB: 10/08/1977
SSN: 730-37-6144
Address: 1214 Maple Rd, Georgetown, TX 74274
Phone: (546) 854-5754
Email: susan.robinson26@outlook.com"
DOC-2332,medical_record,"Lab results for Ashley Anderson (11/08/1943):
Findings support a diagnosis of atrial fibrillation. Ordering physician notified via kimberly.miller35@postbox.io."
DOC-2333,email,"Hi Daniel Thompson,

Thanks for contacting support. I have updated the phone number on your account to 572-299-0710. Please confirm the change by replying to this email.

Best,
Karen Hill
Customer Support"
DOC-2334,email,"Subject: System maintenance

The portal will be down for maintenance on Sunday from 2am to 4am. No action required."
DOC-2335,email,"Subject: System maintenance

The portal will be down for maintenance on Sunday from 2am to 4am. No action required."
DOC-2336,intake_form,"PATIENT INTAKE FORM
Name: Betty Flores
DOB: 07/20/2001
Address: 9140 Maple Rd, Madison, WI 26433
Phone: 952-994-1100
Email: mark.garcia75@gmail.com
Emergency contact: William Thomas ((377) 708-1726)"
DOC-2337,intake_form,"PATIENT INTAKE FORM
Name: Christopher Clark
DOB: 04/03/1972
Address: 3533 Pine Ln, Madison, WI 18739
Phone: 272-737-6328
Email: mary.jones73@hotmail.com
Emergency contact: Paul Wilson (558-220-5234)"
DOC-2338,email,"Subject: System maintenance

The portal will be down for maintenance on Sunday from 2am to 4am. No action required."
DOC-2339,medical_record,Findings support a diagnosis of hypothyroidism. Ordering physician notified via emily.davis@outlook.com.
DOC-2340,invoice,"Receipt INV-2025-232640 (06/06/2025)
Customer: Kimberly Moore
Payment method: card ending 1803
Full card on file: 5840-2227-7602-1803
Total: $1,592.96
Account: ACCT-87414"
DOC-2341,medical_record,"DISCHARGE SUMMARY
Patient name: Daniel Davis
DOB: 07/15/1944
Primary diagnosis: hyperlipidemia
Secondary: asthma
Patient advised to contact James Scott at (396) 215-6813 with concerns."
DOC-2342,invoice,"INVOICE INV-2023-642976
Date: 05/16/2022
Bill to: Sandra Thomas
4329 Elm St, Georgetown, TX 84123
Card charged: 7248 6898 3225 3501
Amount: $3,926.01
Questions? Contact billing at mark.lewis34@hotmail.com or (855) 793-0120."
DOC-2343,medical_record,"STAFF MEMO
Hand hygiene audits will be conducted next week on all wards. Please ensure dispensers are stocked."
DOC-2344,email,"Subject: Password reset request

Hello Sarah Rodriguez,

We received a reset request for the account patricia.gonzalez29@postbox.io. If this was you, use the link below. Otherwise call us at 758-690-3453.

Security Team"
DOC-2345,email,"Reminder: your appointment is confirmed for next Tuesday. We have your contact as (625) 779-4584 and anthony.perez@citymail.net.

- Michelle Martin, Front Desk"
DOC-2346,medical_record,"Patient: David Hill (DOB 08/16/1989)
Diagnosis: atrial fibrillation
Notes: Patient reports symptoms consistent with atrial fibrillation. Prescribed standard course of treatment. Follow-up in 30 days. Contact: (795) 519-2558"
DOC-2347,medical_record,"Lab results for Jennifer Miller (05/24/1983):
Findings support a diagnosis of coronary artery disease. Ordering physician notified via charles.hill@gmail.com."
DOC-2348,invoice,"INVOICE INV-2023-986970
Date: 01/20/2024
Bill to: Barbara Ramirez
9884 Lake Rd, Clinton, NY 12301
Card charged: 7535138345629338
Amount: $3,305.04
Questions? Contact billing at christopher.ramirez@outlook.com or (909) 744-2515."
DOC-2349,email,"Hi David Moore,

Thanks for contacting support. I have updated the phone number on your account to (778) 761-3579. Please confirm the change by replying to this email.

Best,
Karen Taylor
Customer Support"
DOC-2350,email,"Hi team,

Please add Joshua Anderson (donald.wilson@citymail.net) to the distribution list. Their direct line is (867) 873-2614.

Thanks,
Kimberly Anderson"
DOC-2351,medical_record,"DISCHARGE SUMMARY
Patient name: Kimberly Lewis
Secondary: major depressive disorder
Patient advised to contact Betty Flores at (459) 457-1878 with concerns."
DOC-2352,email,"Hi team,

Please add Sarah Jones (andrew.jones75@example-health.org) to the distribution list. Their direct line is 506-935-9856.

Thanks,
Linda Davis"
DOC-2353,email,"Subject: Password reset request

Hello Kimberly Perez,

We received a reset request for the account steven.torres@citymail.net. If this was you, use the link below. Otherwise call us at (671) 230-9168.

Security Team"
DOC-2354,invoice,"INVOICE INV-2023-367615
Date: 07/02/2022
Total due: $4,460.80
Payment terms: net 30. Thank you for your business."
DOC-2355,email,"Reminder: your appointment is confirmed for next Tuesday. We have your contact as (382) 609-3735 and nancy.brown@gmail.com.
"
DOC-2356,email,"Hi Matthew Moore,

Thanks for contacting support. I have updated the phone number on your account to (353) 963-8654. Please confirm the change by replying to this email.

Best,
Joseph White
Customer Support"
DOC-2357,invoice,"Receipt INV-2023-510367 (05/23/2023)
Customer: John Lopez
Payment method: card ending 6279
Full card on file: 1234-9605-9370-6279
Total: $750.14
Account: ACCT-60010"
DOC-2358,invoice,"Receipt INV-2022-379886 (07/19/2024)
Customer: Patricia Lee
Payment method: card ending 0099
Full card on file: 7162-9847-5487-0099
Total: $2,025.65
Account: ACCT-77431"
DOC-2359,intake_form,"PATIENT INTAKE FORM
Name: Linda Ramirez
DOB: 09/11/1994
SSN: 781-62-7446
Address: 5555 Lake Rd, Ashland, KY 40253
Phone: 950-340-5028
Email: nancy.wilson@gmail.com"
DOC-2360,invoice,"Receipt INV-2022-823801 (03/02/2024)
Customer: Paul Gonzalez
Payment method: card ending 8078
Full card on file: 7803-7171-8658-8078
Total: $2,787.38
Account: ACCT-64235"
DOC-2361,email,"
- Michelle Martinez, Front Desk"
DOC-2362,medical_record,"Lab results for Barbara Johnson (11/18/1978):
Findings support a diagnosis of chronic kidney disease. Ordering physician notified via ashley.williams@yahoo.com."
DOC-2363,intake_form,"VISITOR LOG
All visitors must sign in at reception and wear a badge at all times. Parking is available in Lot B."
DOC-2364,email,"Reminder: your appointment is confirmed for next Tuesday. We have your contact as 473-930-0115 and patricia.walker@example-health.org.

- Jennifer Garcia, Front Desk"
DOC-2365,email,"Reminder: your appointment is confirmed for next Tuesday. We have your contact as (774) 429-1434 and emily.smith@citymail.net.

- Susan Thomas, Front Desk"
DOC-2366,email,"Hi Joshua Jackson,

Thanks for contacting support. I have updated the phone number on your account to 573-630-1429. Please confirm the change by replying to this email.

Best,
Customer Support"
DOC-2367,invoice,"INVOICE INV-2024-380455
Date: 02/01/2023
Bill to: David Thomas
Card charged: 9589 3201 0898 1079
Amount: $2,227.32
Questions? Contact billing at elizabeth.young39@hotmail.com or (731) 442-0567."
DOC-2368,medical_record,"STAFF MEMO
Hand hygiene audits will be conducted next week on all wards. Please ensure dispensers are stocked."
DOC-2369,intake_form,"PATIENT INTAKE FORM
Name: Jennifer Brown
DOB: June 15, 1948
SSN: 612-21-0173
Address: 9812 Pine Ln, Georgetown, TX 68279
Phone: (987) 791-2866
Email: karen.garcia4@citymail.net
Emergency contact: Elizabeth Martin (347-556-0754)"
DOC-2370,invoice,"INVOICE INV-2022-221430
Date: 08/14/2023
Bill to: Donald Ramirez
3164 Hillcrest Blvd, Salem, OR 83794
Card charged: 6204297581014108
Amount: $993.40
Questions? Contact billing at elizabeth.thompson76@yahoo.com or 416-248-6339."
DOC-2371,invoice,"Receipt INV-2023-980486 (01/17/2025)
Customer: Mary White
Payment method: card ending 0424
Full card on file: 4690-5084-9517-0424
Total: $4,468.56
Account: ACCT-83256"
DOC-2372,email,"Subject: Password reset request

Hello Kimberly Taylor,


Security Team"
DOC-2373,email,"Subject: Password reset request

Hello Nancy Johnson,

We received a reset request for the account margaret.lopez@citymail.net. If this was you, use the link below. Otherwise call us at 284-959-6062.

Security Team"
DOC-2374,email,"Hi team,

Please add Joseph Martin (donna.davis92@citymail.net) to the distribution list. Their direct line is 715-786-2477.

Thanks,"
DOC-2375,medical_record,"Patient: Nancy Scott (DOB 09/04/1950)
Diagnosis: osteoporosis
Notes: Patient reports symptoms consistent with osteoporosis. Prescribed standard course of treatment. Follow-up in 30 days. Contact: 441-551-0052"
DOC-2376,medical_record,"DISCHARGE SUMMARY
Patient name: Richard Thomas
DOB: February 6, 1967
Primary diagnosis: chronic kidney disease
Secondary: anxiety disorder
Patient advised to contact Daniel Perez at 612-994-9034 with concerns."
DOC-2377,medical_record,"Diagnosis: migraine
Notes: Patient reports symptoms consistent with migraine. Prescribed standard course of treatment. Follow-up in 30 days. Contact: (605) 533-1245"
DOC-2378,intake_form,"PATIENT INTAKE FORM
Name: Sarah Johnson
DOB: 08/27/1940
SSN: 078-97-6900
Address: 611 Main St, Riverside, CA 83611
Phone: (942) 950-3611
Email: mark.thomas40@citymail.net"
DOC-2379,email,"Hi team,

Please add Mary Brown (robert.rodriguez41@yahoo.com) to the distribution list. Their direct line is (705) 925-5474.

Thanks,
Paul Anderson"
DOC-2380,intake_form,"NEW PATIENT REGISTRATION
Full name: Kimberly Taylor
Date of birth: 04/12/1957
Social Security: 575-96-0623
Home address: 5193 Maple Rd, Madison, WI 33756
Preferred contact: linda.martin@postbox.io, 745-926-8364"
DOC-2381,medical_record,"Patient: Michelle Martinez (DOB June 12, 1940)
Diagnosis: osteoporosis
Notes: Patient reports symptoms consistent with osteoporosis. Prescribed standard course of treatment. Follow-up in 30 days. Contact: (958) 865-7623"
DOC-2382,email,"Subject: Password reset request

Hello Matthew King,

We received a reset request for the account donald.jackson@yahoo.com. If this was you, use the link below. Otherwise call us at (889) 704-3379.

Security Team"
DOC-2383,medical_record,"Patient: John Davis (DOB 01/16/1978)
Diagnosis: gastroesophageal reflux disease
Notes: Patient reports symptoms consistent with gastroesophageal reflux disease. Prescribed standard course of treatment. Follow-up in 30 days. Contact: (750) 647-2756"
DOC-2384,medical_record,"DISCHARGE SUMMARY
Patient name: Daniel Johnson
DOB: 03/08/2005
Primary diagnosis: major depressive disorder
Secondary: anxiety disorder
Patient advised to contact Jennifer Anderson at 668-868-1396 with concerns."
DOC-2385,intake_form,"NEW PATIENT REGISTRATION
Full name: Barbara Brown
Date of birth: 03/07/1966
Home address: 5215 Lake Rd, Springfield, IL 89900"
DOC-2386,email,"Hi team,

Please add Paul Johnson (christopher.garcia@citymail.net) to the distribution list. Their direct line is 728-734-2880.

Thanks,
Joseph Young"
DOC-2387,intake_form,"PATIENT INTAKE FORM
Name: Richard Martinez
SSN: 074-46-6702
Address: 3649 Oak Ave, Georgetown, TX 56018
Email: donald.brown@outlook.com
Emergency contact: Daniel Sanchez ((395) 497-9001)"
DOC-2388,email,"Reminder: your appointment is confirmed for next Tuesday. We have your contact as 569-339-8723 and michael.taylor14@gmail.com.

- Steven Lopez, Front Desk"
DOC-2389,medical_record,"DISCHARGE SUMMARY
Patient name: Mary Young
Primary diagnosis: rheumatoid arthritis
Secondary: hypothyroidism
Patient advised to contact Charles Gonzalez at 582-973-3778 with concerns."
DOC-2390,email,"Reminder: your appointment is confirmed for next Tuesday. We have your contact as (422) 352-3927 and patricia.lopez@citymail.net.

- Christopher Young, Front Desk"
DOC-2391,invoice,"INVOICE INV-2023-412355
Date: 01/06/2025
Total due: $50.79
Payment terms: net 30. Thank you for your business."
DOC-2392,email,"Subject: Password reset request

Hello Sarah Flores,


Security Team"
DOC-2393,intake_form,"PATIENT INTAKE FORM
Name: Anthony Walker
DOB: 02/07/1947
SSN: 598-21-6756
Phone: 345-323-7497
Email: daniel.nguyen@outlook.com
Emergency contact: Thomas Young ((690) 954-2921)"
DOC-2394,medical_record,"STAFF MEMO
Hand hygiene audits will be conducted next week on all wards. Please ensure dispensers are stocked."
DOC-2395,medical_record,"Lab results for John Walker (08/25/2004):
Findings support a diagnosis of osteoporosis. Ordering physician notified via anthony.anderson@gmail.com."
DOC-2396,intake_form,"PATIENT INTAKE FORM
Name: Patricia Thompson
DOB: 04/10/1999
SSN: 422-76-5622
Address: 4920 Main St, Springfield, IL 68766
Phone: 831-892-4276
Email: donna.hernandez@postbox.io
Emergency contact: Betty Miller ((597) 621-2526)"
DOC-2397,email,"
- James Scott, Front Desk"
DOC-2398,invoice,"INVOICE INV-2025-554163
Date: 02/23/2025
Bill to: James Walker
8248 Park Ln, Springfield, IL 73355
Card charged: 9886 1825 6166 4026
Amount: $777.60
Questions? Contact billing at william.scott@yahoo.com or 383-895-4929."
DOC-2399,email,"
- Kimberly Taylor, Front Desk"
DOC-2400,email,"Reminder: your appointment is confirmed for next Tuesday. We have your contact as 655-503-2744 and susan.lee73@outlook.com.

- Patricia Robinson, Front Desk"
DOC-2401,medical_record,"DISCHARGE SUMMARY
Patient name: Elizabeth Nguyen
DOB: 08/23/1992
Primary diagnosis: migraine
Secondary: psoriasis
Patient advised to contact Linda Allen at 818-279-7035 with concerns."
DOC-2402,email,"Hi Jessica Ramirez,

Thanks for contacting support. I have updated the phone number on your account to (515) 991-2142. Please confirm the change by replying to this email.

Best,
Customer Support"
DOC-2403,email,"
- Mary Torres, Front Desk"
DOC-2404,email,"Hi team,

Please add Anthony Flores (emily.anderson@postbox.io) to the distribution list. Their direct line is (816) 531-0427.

Thanks,
Anthony Martinez"
DOC-2405,email,"Hi team,

Reminder that the office will be closed next Monday for the public holiday. Please submit timesheets by Friday.

Thanks,
Facilities"
DOC-2406,medical_record,"Patient: Anthony Hill (DOB 09/19/1954)
Diagnosis: psoriasis"
DOC-2407,invoice,"Receipt INV-2024-322578 (12/25/2024)
Customer: Steven Lee
Payment method: card ending 8754
Full card on file: 8039127790538754
Total: $4,750.57
Account: ACCT-33659"
DOC-2408,email,"Reminder: your appointment is confirmed for next Tuesday. We have your contact as (949) 979-8087 and joseph.allen@outlook.com.

- Jennifer Taylor, Front Desk"
DOC-2409,medical_record,"Patient: Elizabeth Smith (DOB 12/28/1944)
Diagnosis: anxiety disorder
Notes: Patient reports symptoms consistent with anxiety disorder. Prescribed standard course of treatment. Follow-up in 30 days. Contact: (573) 759-6146"
DOC-2410,email,"Hi team,


Thanks,
Nancy Clark"
DOC-2411,invoice,"Receipt INV-2022-510001 (10/27/2025)
Customer: Betty Davis
Payment method: card ending 1723
Full card on file: 7403-5300-5684-1723
Total: $2,172.14
Account: ACCT-53216"
DOC-2412,medical_record,"Lab results for James Miller (January 18, 1980):
Findings support a diagnosis of hyperlipidemia. Ordering physician notified via william.flores@gmail.com."
DOC-2413,email,"Reminder: your appointment is confirmed for next Tuesday. We have your contact as 216-708-2692 and richard.williams@example-health.org.
"
DOC-2414,medical_record,"DISCHARGE SUMMARY
Patient name: Ashley Flores
DOB: February 13, 1970
Primary diagnosis: hypertension
Secondary: hyperlipidemia
Patient advised to contact Donald Allen at 635-400-4848 with concerns."
DOC-2415,invoice,"INVOICE INV-2023-992465
Date: 04/18/2024
Bill to: Linda Miller
5525 Main St, Milton, FL 37793
Card charged: 1615 6678 5971 3415
Amount: $1,502.32
Questions? Contact billing at joshua.martinez81@citymail.net or 732-268-0140."
DOC-2416,invoice,"INVOICE INV-2024-373912
Date: 09/17/2024
Total due: $4,232.80
Payment terms: net 30. Thank you for your business."
DOC-2417,medical_record,"DISCHARGE SUMMARY
Patient name: Andrew Brown
DOB: April 19, 1979
Primary diagnosis: psoriasis"
DOC-2418,invoice,"INVOICE INV-2023-978938
Date: 12/15/2022
Bill to: Barbara Smith
8272 Lake Rd, Salem, OR 35427
Card charged: 0881 5302 9333 6772
Amount: $1,195.47
Questions? Contact billing at andrew.young@outlook.com or (439) 753-5039."
DOC-2419,intake_form,"PATIENT INTAKE FORM
Name: Karen Garcia
DOB: 03/16/1994
SSN: 141-22-2108
Address: 5443 Oak Ave, Riverside, CA 49463
Phone: 867-478-5079
Email: james.martinez@postbox.io"
DOC-2420,email,"Reminder: your appointment is confirmed for next Tuesday. We have your contact as 210-657-3117 and barbara.brown@yahoo.com.

- Barbara Martin, Front Desk"
DOC-2421,invoice,"INVOICE INV-2023-316314
Date: 03/02/2024
Bill to: Karen Gonzalez
4588 Washington Ave, Riverside, CA 54186
Card charged: 5012-9043-1286-8662
Amount: $795.52"
DOC-2422,intake_form,"NEW PATIENT REGISTRATION
Full name: Robert Jones
Date of birth: July 4, 1978
Social Security: 481-17-2680
Home address: 2221 Lake Rd, Georgetown, TX 44935
Preferred contact: matthew.robinson@gmail.com, 512-906-6358"
DOC-2423,medical_record,"Lab results for Mark Young (03/08/1967):
Findings support a diagnosis of migraine. Ordering physician notified via donna.hernandez@citymail.net."
DOC-2424,intake_form,"PATIENT INTAKE FORM
Name: Mark Taylor
DOB: 01/12/1987
Address: 6365 Hillcrest Blvd, Franklin, TN 20940"
DOC-2425,medical_record,Patient: Margaret Jones (DOB 01/09/1990)
DOC-2426,medical_record,"Patient: Sandra Jackson (DOB July 13, 2001)
Diagnosis: rheumatoid arthritis"
DOC-2427,intake_form,"NEW PATIENT REGISTRATION
Full name: Michael Rodriguez
Date of birth: March 14, 2004
Preferred contact: joshua.torres@citymail.net, 717-275-9549"
DOC-2428,intake_form,"PATIENT INTAKE FORM
Name: Christopher King
SSN: 031-58-2616
Address: 1317 Pine Ln, Salem, OR 60748
Emergency contact: Thomas Davis ((563) 331-8230)"
DOC-2429,email,"Hi team,

Reminder that the office will be closed next Monday for the public holiday. Please submit timesheets by Friday.

Thanks,
Facilities"
DOC-2430,intake_form,"PATIENT INTAKE FORM
Name: Richard Lee
DOB: 04/12/1977
SSN: 070-30-9640
Address: 5989 Main St, Clinton, NY 81427
Phone: 779-625-3589
Email: joshua.white@postbox.io
Emergency contact: Patricia Perez (240-258-4547)"
DOC-2431,intake_form,"PATIENT INTAKE FORM
Name: Nancy King
DOB: 04/06/2005
SSN: 384-72-0918
Address: 1859 Maple Rd, Riverside, CA 63963
Phone: 755-966-6397
Email: robert.hernandez69@citymail.net
Emergency contact: Barbara King (295-463-8288)"
DOC-2432,email,"Hi team,

Reminder that the office will be closed next Monday for the public holiday. Please submit timesheets by Friday.

Thanks,
Facilities"
DOC-2433,intake_form,"NEW PATIENT REGISTRATION
Full name: Donna Gonzalez
Date of birth: 08/23/1976
Home address: 7730 Maple Rd, Madison, WI 81729
Preferred contact: sarah.perez@citymail.net, 266-311-5391"
DOC-2434,email,"Hi Donald Wright,

Thanks for contacting support. I have updated the phone number on your account to (361) 892-6240. Please confirm the change by replying to this email.

Best,
Charles Walker
Customer Support"
DOC-2435,email,"Reminder: your appointment is confirmed for next Tuesday. We have your contact as 407-212-1832 and michelle.nguyen@postbox.io.

- Lisa Martinez, Front Desk"
DOC-2436,intake_form,"NEW PATIENT REGISTRATION
Full name: Emily Jackson
Date of birth: 04/23/1978
Social Security: 685-60-8560
Home address: 5076 Pine Ln, Riverside, CA 59002
Preferred contact: sandra.torres@citymail.net, (939) 665-3227"
DOC-2437,email,"Subject: Password reset request

Hello David Walker,

We received a reset request for the account betty.wilson@hotmail.com. If this was you, use the link below. Otherwise call us at 928-846-4654.

Security Team"
DOC-2438,invoice,"Receipt INV-2023-961668 (05/27/2024)
Customer: Michael Wright
Payment method: card ending 5115
Total: $3,398.06
Account: ACCT-17661"
DOC-2439,email,"Subject: System maintenance

The portal will be down for maintenance on Sunday from 2am to 4am. No action required."
DOC-2440,medical_record,"Lab results for Jessica Wilson (March 13, 1962):
Findings support a diagnosis of psoriasis. Ordering physician notified via richard.jones@postbox.io."
DOC-2441,email,"Hi team,


Thanks,"
DOC-2442,intake_form,"NEW PATIENT REGISTRATION
Full name: Daniel Hernandez
Date of birth: 04/02/1982
Social Security: 336-57-7691"
DOC-2443,invoice,"Receipt INV-2023-230419 (02/14/2025)
Customer: Elizabeth Smith
Payment method: card ending 0819
Total: $1,222.30
Account: ACCT-24246"
DOC-2444,email,"Subject: Password reset request

Hello Betty White,


Security Team"
DOC-2445,invoice,"INVOICE INV-2024-116254
Date: 12/15/2024
Bill to: Paul Harris
2384 Oak Ave, Springfield, IL 23169
Amount: $2,565.39
Questions? Contact billing at sarah.sanchez1@postbox.io or 771-348-4260."
DOC-2446,email,"Hi Joshua Sanchez,

Thanks for contacting support. I have updated the phone number on your account to (390) 289-3645. Please confirm the change by replying to this email.

Best,
Customer Support"
DOC-2447,medical_record,"STAFF MEMO
Hand hygiene audits will be conducted next week on all wards. Please ensure dispensers are stocked."
DOC-2448,email,"Hi Nancy Jones,

Thanks for contacting support. I have updated the phone number on your account to (946) 317-3676. Please confirm the change by replying to this email.

Best,
Customer Support"
DOC-2449,invoice,"INVOICE INV-2022-191784
Date: 09/12/2022
Total due: $1,331.61
Payment terms: net 30. Thank you for your business."
DOC-2450,email,"Subject: System maintenance

The portal will be down for maintenance on Sunday from 2am to 4am. No action required."
DOC-2451,email,"Hi team,

Please add Mary Thomas (kimberly.martin@gmail.com) to the distribution list. Their direct line is (892) 780-5798.

Thanks,
David Lopez"
DOC-2452,invoice,"INVOICE INV-2023-158147
Date: 09/21/2022
Bill to: William Rodriguez
8140 Main St, Milton, FL 60456
Card charged: 4861838255914321
Amount: $3,410.14
Questions? Contact billing at donald.hernandez@hotmail.com or (953) 262-5637."
DOC-2453,invoice,"INVOICE INV-2022-863886
Date: 08/05/2022
Bill to: Kimberly Martin
Card charged: 2057 0365 9592 5704
Amount: $1,887.61
Questions? Contact billing at donald.torres21@gmail.com or (916) 468-7052."
DOC-2454,email,"Reminder: your appointment is confirmed for next Tuesday. We have your contact as (385) 709-0876 and elizabeth.jackson@postbox.io.
"
DOC-2455,medical_record,Patient: Karen Anderson (DOB 10/08/1955)
DOC-2456,email,"Reminder: your appointment is confirmed for next Tuesday. We have your contact as 383-741-7379 and john.wilson@outlook.com.

- Elizabeth Anderson, Front Desk"
DOC-2457,medical_record,"DISCHARGE SUMMARY
Patient name: Charles Hernandez
DOB: 08/24/1998
Primary diagnosis: gastroesophageal reflux disease
Secondary: osteoporosis
Patient advised to contact Elizabeth White at (451) 986-9617 with concerns."
DOC-2458,email,"Hi team,


Thanks,
Nancy Jones"
DOC-2459,intake_form,"PATIENT INTAKE FORM
Name: Jennifer Perez
DOB: May 22, 1995
SSN: 716-11-9160
Phone: 711-707-8166
Email: jessica.allen98@gmail.com
Emergency contact: Mark Ramirez ((749) 430-6038)"
DOC-2460,medical_record,"Lab results for Richard Garcia (09/23/1993):
Findings support a diagnosis of osteoporosis. Ordering physician notified via john.harris37@gmail.com."
DOC-2461,invoice,"INVOICE INV-2023-861136
Date: 05/07/2024
Bill to: Matthew Ramirez
325 Oak Ave, Milton, FL 25020
Card charged: 7484-2524-6719-3064
Amount: $4,955.92
Questions? Contact billing at richard.nguyen4@hotmail.com or (561) 397-5573."
DOC-2462,email,"Reminder: your appointment is confirmed for next Tuesday. We have your contact as 960-811-6106 and richard.rodriguez@outlook.com.

- Anthony Torres, Front Desk"
DOC-2463,invoice,"Receipt INV-2024-472497 (06/24/2023)
Customer: Donald Hernandez
Payment method: card ending 1691
Full card on file: 0439-7188-8427-1691
Total: $1,349.66
Account: ACCT-88526"
DOC-2464,invoice,"Receipt INV-2025-710136 (04/01/2022)
Customer: Margaret Hill
Payment method: card ending 2537
Full card on file: 6454 4066 8994 2537
Total: $823.82
Account: ACCT-19626"
DOC-2465,intake_form,"PATIENT INTAKE FORM
Name: Andrew Wright
SSN: 037-98-0478
Address: 5695 Elm St, Madison, WI 68645
Email: linda.clark@gmail.com"
DOC-2466,invoice,"INVOICE INV-2022-223519
Date: 09/06/2022
Bill to: Jessica Davis
5048 Hillcrest Blvd, Ashland, KY 86964
Amount: $244.89
Questions? Contact billing at joseph.perez19@postbox.io or (294) 709-9400."
DOC-2467,email,"Hi Thomas Robinson,

Thanks for contacting support. I have updated the phone number on your account to (840) 788-6875. Please confirm the change by replying to this email.

Best,
Nancy Harris
Customer Support"
DOC-2468,intake_form,"NEW PATIENT REGISTRATION
Full name: Sarah Gonzalez
Date of birth: November 13, 1973
Social Security: 850-45-5322
Preferred contact: betty.wilson@yahoo.com, (424) 210-0685"
DOC-2469,email,"Hi team,

Reminder that the office will be closed next Monday for the public holiday. Please submit timesheets by Friday.

Thanks,
Facilities"
DOC-2470,intake_form,"VISITOR LOG
All visitors must sign in at reception and wear a badge at all times. Parking is available in Lot B."
DOC-2471,email,"Subject: Password reset request

Hello Mark Williams,

We received a reset request for the account ashley.williams@postbox.io. If this was you, use the link below. Otherwise call us at (906) 441-7779.

Security Team"
DOC-2472,email,"Subject: Password reset request

Hello Elizabeth Wright,

We received a reset request for the account karen.robinson@hotmail.com. If this was you, use the link below. Otherwise call us at 236-257-7978.

Security Team"
DOC-2473,email,"Hi team,

Please add Michelle Martin (patricia.brown40@example-health.org) to the distribution list. Their direct line is (611) 543-7122.

Thanks,
Emily Taylor"
DOC-2474,invoice,"Receipt INV-2024-278953 (01/04/2023)
Customer: John Hernandez
Payment method: card ending 1503
Full card on file: 3400 1522 9040 1503
Total: $3,780.17
Account: ACCT-24316"
DOC-2475,email,"Hi team,


Thanks,
Sandra Robinson"
DOC-2476,intake_form,"NEW PATIENT REGISTRATION
Full name: John Allen
Date of birth: 08/09/1996
Social Security: 527-85-5895"
DOC-2477,intake_form,"NEW PATIENT REGISTRATION
Full name: Robert Ramirez
Date of birth: November 4, 1973
Social Security: 306-48-2526
Home address: 9403 Elm St, Springfield, IL 98780"
DOC-2478,medical_record,"Lab results for Matthew Thompson (August 2, 1970):
Findings support a diagnosis of migraine. Ordering physician notified via donald.clark93@gmail.com."
DOC-2479,email,"Hi team,


Thanks,
Margaret Torres"
DOC-2480,intake_form,"VISITOR LOG
All visitors must sign in at reception and wear a badge at all times. Parking is available in Lot B."
DOC-2481,email,"Reminder: your appointment is confirmed for next Tuesday. We have your contact as (402) 517-9886 and anthony.harris@citymail.net.

- Christopher Young, Front Desk"
DOC-2482,invoice,"INVOICE INV-2025-504296
Date: 07/17/2024
Bill to: Jennifer Hill
2649 Cedar Blvd, Riverside, CA 99928
Amount: $1,627.11
Questions? Contact billing at kimberly.miller74@hotmail.com or (765) 993-7420."
DOC-2483,intake_form,"NEW PATIENT REGISTRATION
Full name: William Jackson
Date of birth: February 28, 1945
Home address: 3872 Cedar Blvd, Milton, FL 46622
Preferred contact: matthew.flores67@example-health.org, 471-689-4017"
DOC-2484,invoice,"Receipt INV-2024-438988 (12/12/2024)
Customer: Elizabeth Johnson
Payment method: card ending 6010
Total: $424.44
Account: ACCT-56388"
DOC-2485,intake_form,"NEW PATIENT REGISTRATION
Full name: Matthew Garcia
Date of birth: March 13, 1978
Social Security: 142-47-5008
Home address: 8202 Cedar Blvd, Madison, WI 72583
Preferred contact: james.taylor81@gmail.com, (288) 216-8212"
DOC-2486,intake_form,"NEW PATIENT REGISTRATION
Full name: William White
Home address: 210 Park Ln, Riverside, CA 57545"
DOC-2487,email,"Hi John Rodriguez,

Thanks for contacting support. I have updated the phone number on your account to (660) 673-6152. Please confirm the change by replying to this email.

Best,
Customer Support"
DOC-2488,email,"Hi team,


Thanks,
Patricia Jackson"
DOC-2489,invoice,"INVOICE INV-2023-620320
Date: 01/10/2025
Bill to: Elizabeth Harris
2180 Cedar Blvd, Ashland, KY 69168
Card charged: 9414 5509 7333 0983
Amount: $1,915.35
Questions? Contact billing at steven.hernandez@postbox.io or 374-806-8956."
DOC-2490,medical_record,"DISCHARGE SUMMARY
Patient name: Donald Taylor
DOB: 06/19/1995
Primary diagnosis: major depressive disorder
Secondary: asthma
Patient advised to contact James Jones at (581) 330-2710 with concerns."
DOC-2491,intake_form,"PATIENT INTAKE FORM
Name: Jessica White
Address: 9527 Elm St, Clinton, NY 99437
Phone: (493) 570-7366
Email: susan.garcia@example-health.org
Emergency contact: Michael Brown ((288) 974-3515)"
DOC-2492,medical_record,"DISCHARGE SUMMARY
Patient name: Linda Lewis
DOB: 11/07/1969
Primary diagnosis: hypothyroidism
Patient advised to contact Thomas Allen at 666-601-6043 with concerns."
DOC-2493,email,"Subject: Password reset request

Hello Margaret Brown,

We received a reset request for the account linda.walker@hotmail.com. If this was you, use the link below. Otherwise call us at 363-377-2056.

Security Team"
DOC-2494,medical_record,"Patient: Nancy Moore (DOB 01/17/1941)
Diagnosis: rheumatoid arthritis
Notes: Patient reports symptoms consistent with rheumatoid arthritis. Prescribed standard course of treatment. Follow-up in 30 days. Contact: 730-953-0222"
DOC-2495,medical_record,"Lab results for Andrew Garcia (02/04/1968):
Findings support a diagnosis of psoriasis. Ordering physician notified via mary.king59@citymail.net."
DOC-2496,medical_record,"DISCHARGE SUMMARY
Patient name: Margaret Young
DOB: 02/24/1982
Secondary: Type 2 diabetes mellitus"
DOC-2497,intake_form,"PATIENT INTAKE FORM
Name: Paul Scott
DOB: 02/13/1951
SSN: 789-72-8766
Address: 4554 Lake Rd, Georgetown, TX 77020
Phone: (256) 772-5249
Email: thomas.flores@hotmail.com
Emergency contact: Lisa Robinson (874-302-6236)"
DOC-2498,invoice,"Receipt INV-2023-146389 (04/18/2022)
Customer: Sandra Johnson
Payment method: card ending 3878
Full card on file: 0168451224023878
Total: $3,832.50
Account: ACCT-48730"
DOC-2499,email,"Subject: System maintenance

The portal will be down for maintenance on Sunday from 2am to 4am. No action required."
DOC-2500,invoice,"Receipt INV-2024-710187 (11/01/2024)
Customer: Richard Lewis
Payment method: card ending 2063
Full card on file: 6210-9853-2727-2063
Total: $4,097.27
Account: ACCT-85676"
DOC-2501,email,"Subject: Password reset request

Hello Donald Taylor,

We received a reset request for the account lisa.brown65@example-health.org. If this was you, use the link below. Otherwise call us at (408) 204-6564.

Security Team"
DOC-2502,intake_form,"VISITOR LOG
All visitors must sign in at reception and wear a badge at all times. Parking is available in Lot B."
DOC-2503,invoice,"INVOICE INV-2023-323945
Date: 10/15/2025
Total due: $4,619.56
Payment terms: net 30. Thank you for your business."
DOC-2504,intake_form,"NEW PATIENT REGISTRATION
Full name: David Martin
Date of birth: 05/10/1962
Social Security: 046-26-9396
Preferred contact: susan.sanchez61@postbox.io, (470) 236-0582"
DOC-2505,invoice,"INVOICE INV-2023-130760
Date: 08/04/2024
Total due: $4,531.82
Payment terms: net 30. Thank you for your business."
DOC-2506,email,"Subject: System maintenance

The portal will be down for maintenance on Sunday from 2am to 4am. No action required."
DOC-2507,invoice,"Receipt INV-2025-366304 (03/27/2024)
Customer: Kimberly White
Payment method: card ending 2231
Full card on file: 8197488467482231
Total: $2,500.52
Account: ACCT-11090"
DOC-2508,intake_form,"NEW PATIENT REGISTRATION
Full name: Charles Rodriguez
Date of birth: June 27, 1989
Home address: 1491 Washington Ave, Madison, WI 29677"
DOC-2509,invoice,"INVOICE INV-2023-701078
Date: 07/24/2022
Bill to: Anthony Lopez
9292 Oak Ave, Madison, WI 45552
Card charged: 7202063141092444
Amount: $1,436.98
Questions? Contact billing at daniel.martin1@outlook.com or 646-743-6399."
DOC-2510,medical_record,"Patient: Kimberly Scott (DOB January 14, 2002)
Diagnosis: COPD
Notes: Patient reports symptoms consistent with COPD. Prescribed standard course of treatment. Follow-up in 30 days. Contact: (473) 598-2328"
DOC-2511,email,"Hi Thomas Martinez,

Thanks for contacting support. I have updated the phone number on your account to (293) 301-4561. Please confirm the change by replying to this email.

Best,
Customer Support"
DOC-2512,email,"Subject: Password reset request

Hello Andrew Jackson,


Security Team"
DOC-2513,medical_record,"Patient: Anthony Jackson (DOB January 9, 1946)
Diagnosis: osteoporosis
Notes: Patient reports symptoms consistent with osteoporosis. Prescribed standard course of treatment. Follow-up in 30 days. Contact: 366-469-1920"
DOC-2514,medical_record,"STAFF MEMO
Hand hygiene audits will be conducted next week on all wards. Please ensure dispensers are stocked."
DOC-2515,email,"
- Sarah Harris, Front Desk"
DOC-2516,intake_form,"NEW PATIENT REGISTRATION
Full name: James Wilson
Date of birth: 05/25/1961
Social Security: 114-64-4191
Home address: 2325 Elm St, Georgetown, TX 99075
Preferred contact: charles.jackson89@yahoo.com, (322) 513-6538"
DOC-2517,email,"Reminder: your appointment is confirmed for next Tuesday. We have your contact as (795) 258-5286 and paul.anderson@outlook.com.
"
DOC-2518,intake_form,"PATIENT INTAKE FORM
Name: Donna Perez
DOB: November 7, 1947
SSN: 279-57-1839
Address: 4610 Cedar Blvd, Madison, WI 14897
Phone: 328-942-9955
Email: barbara.martinez@citymail.net"
DOC-2519,medical_record,"STAFF MEMO
Hand hygiene audits will be conducted next week on all wards. Please ensure dispensers are stocked."
DOC-2520,email,"Hi Susan Rodriguez,

Thanks for contacting support. I have updated the phone number on your account to (761) 245-4077. Please confirm the change by replying to this email.

Best,
Daniel Gonzalez
Customer Support"
DOC-2521,medical_record,"DISCHARGE SUMMARY
Patient name: Paul Davis
DOB: February 28, 1948
Primary diagnosis: COPD
Secondary: hypothyroidism"
DOC-2522,email,"Reminder: your appointment is confirmed for next Tuesday. We have your contact as (672) 429-1441 and michael.martinez@postbox.io.
"
DOC-2523,email,"Reminder: your appointment is confirmed for next Tuesday. We have your contact as (382) 280-5482 and donna.moore@postbox.io.

- Matthew Smith, Front Desk"
DOC-2524,intake_form,"NEW PATIENT REGISTRATION
Full name: Lisa Anderson
Social Security: 304-76-1786
Home address: 6154 Cedar Blvd, Georgetown, TX 40876
Preferred contact: susan.thomas55@outlook.com, (264) 653-5736"
DOC-2525,intake_form,"NEW PATIENT REGISTRATION
Full name: Jennifer Martinez
Social Security: 499-88-0034
Home address: 7953 Elm St, Springfield, IL 36965
Preferred contact: robert.hill@postbox.io, 330-779-4098"
DOC-2526,medical_record,"Patient: Paul Torres (DOB 06/10/1998)
Diagnosis: major depressive disorder
Notes: Patient reports symptoms consistent with major depressive disorder. Prescribed standard course of treatment. Follow-up in 30 days. Contact: (884) 281-2975"
DOC-2527,intake_form,"PATIENT INTAKE FORM
Name: Paul Allen
DOB: 06/14/1955
SSN: 640-58-0225
Phone: 873-675-4613
Email: sandra.robinson@outlook.com
Emergency contact: Paul Garcia (410-445-5524)"
DOC-2528,medical_record,"Lab results for Matthew Johnson (December 5, 1990):
Findings support a diagnosis of chronic kidney disease. Ordering physician notified via paul.martinez30@gmail.com."
DOC-2529,medical_record,Lab results for Linda Wright (09/27/1992):
DOC-2530,intake_form,"NEW PATIENT REGISTRATION
Full name: Joshua Garcia
Social Security: 114-39-6541
Home address: 7398 Pine Ln, Clinton, NY 71698"
DOC-2531,intake_form,"NEW PATIENT REGISTRATION
Full name: Thomas Hernandez
Social Security: 868-13-4335
Home address: 1600 Elm St, Fairview, OH 33036
Preferred contact: paul.hill@gmail.com, 365-311-7821"
DOC-2532,email,"Reminder: your appointment is confirmed for next Tuesday. We have your contact as 981-326-2671 and mary.harris@gmail.com.
"
DOC-2533,medical_record,"Lab results for Margaret Lopez (06/05/1973):
Findings support a diagnosis of osteoporosis. Ordering physician notified via lisa.allen@yahoo.com."
DOC-2534,medical_record,"Lab results for Mark Walker (03/12/1944):
Findings support a diagnosis of COPD. Ordering physician notified via daniel.scott@postbox.io."
DOC-2535,email,"Hi Barbara Hill,

Thanks for contacting support. I have updated the phone number on your account to 716-872-9227. Please confirm the change by replying to this email.

Best,
Mark Thomas
Customer Support"
DOC-2536,email,"Hi team,

Reminder that the office will be closed next Monday for the public holiday. Please submit timesheets by Friday.

Thanks,
Facilities"
DOC-2537,email,"Hi team,


Thanks,
Emily Harris"
DOC-2538,invoice,"INVOICE INV-2022-110952
Date: 04/10/2022
Bill to: William Harris
2010 Hillcrest Blvd, Salem, OR 99238
Card charged: 7584053188658528
Amount: $3,081.71
Questions? Contact billing at donald.harris@hotmail.com or 360-673-4467."
DOC-2539,medical_record,"DISCHARGE SUMMARY
Patient name: Jennifer Nguyen
Primary diagnosis: gastroesophageal reflux disease
Secondary: migraine"
DOC-2540,email,"Hi team,


Thanks,
Linda White"
DOC-2541,email,"Hi Daniel Rodriguez,

Thanks for contacting support. I have updated the phone number on your account to 350-973-3360. Please confirm the change by replying to this email.

Best,
Christopher Brown
Customer Support"
DOC-2542,email,"Hi Matthew Smith,

Thanks for contacting support. I have updated the phone number on your account to (638) 254-5627. Please confirm the change by replying to this email.

Best,
Anthony Jackson
Customer Support"
DOC-2543,medical_record,Findings support a diagnosis of chronic kidney disease. Ordering physician notified via christopher.anderson@yahoo.com.
DOC-2544,email,"Hi team,

Please add Emily Miller (william.clark94@example-health.org) to the distribution list. Their direct line is (336) 593-6060.

Thanks,
Christopher Lopez"
DOC-2545,invoice,"Receipt INV-2023-723249 (12/09/2024)
Customer: Betty Allen
Payment method: card ending 5914
Full card on file: 4709319579965914
Total: $4,999.32
Account: ACCT-94969"
DOC-2546,email,"Hi team,

Please add Nancy Robinson (steven.taylor33@citymail.net) to the distribution list. Their direct line is (936) 263-2762.

Thanks,
Patricia Walker"
DOC-2547,email,"Hi team,

Reminder that the office will be closed next Monday for the public holiday. Please submit timesheets by Friday.

Thanks,
Facilities"
DOC-2548,medical_record,"Lab results for Joshua Wright (December 21, 1952):
Findings support a diagnosis of psoriasis. Ordering physician notified via kimberly.brown@gmail.com."
DOC-2549,medical_record,"STAFF MEMO
Hand hygiene audits will be conducted next week on all wards. Please ensure dispensers are stocked."
DOC-2550,invoice,"INVOICE INV-2024-861730
Date: 11/22/2023
Total due: $2,916.96
Payment terms: net 30. Thank you for your business."
DOC-2551,intake_form,"PATIENT INTAKE FORM
Name: Anthony Perez
DOB: February 10, 1985
SSN: 177-97-0179
Address: 8835 Main St, Springfield, IL 77159
Phone: 755-966-8537
Email: anthony.martin@outlook.com"
DOC-2552,intake_form,"PATIENT INTAKE FORM
Name: Donna Hill
SSN: 463-41-1448
Address: 2886 Oak Ave, Springfield, IL 51815
Phone: 906-397-7448
Email: donna.anderson@example-health.org
Emergency contact: Christopher Davis (911-555-1114)"
DOC-2553,email,"Subject: Password reset request

Hello Michael Brown,

We received a reset request for the account mark.harris99@gmail.com. If this was you, use the link below. Otherwise call us at 531-882-9468.

Security Team"
DOC-2554,invoice,"Receipt INV-2024-577865 (02/05/2022)
Customer: Donald Thomas
Payment method: card ending 3725
Full card on file: 2549 6607 0287 3725
Total: $3,590.23
Account: ACCT-62828"
DOC-2555,medical_record,"Lab results for Barbara Walker (05/06/1969):
Findings support a diagnosis of hypertension. Ordering physician notified via thomas.hernandez51@outlook.com."
DOC-2556,intake_form,"PATIENT INTAKE FORM
Name: Elizabeth Jones
SSN: 235-34-0517
Address: 2173 Pine Ln, Clinton, NY 22445
Phone: (689) 819-5330
Email: karen.wright@outlook.com"
DOC-2557,email,"Hi team,

Reminder that the office will be closed next Monday for the public holiday. Please submit timesheets by Friday.

Thanks,
Facilities"
DOC-2558,email,"Reminder: your appointment is confirmed for next Tuesday. We have your contact as 889-604-0351 and steven.johnson89@postbox.io.

- Christopher Clark, Front Desk"
DOC-2559,email,"Hi team,

Please add Elizabeth Brown (donald.perez@postbox.io) to the distribution list. Their direct line is 774-909-7285.

Thanks,
Elizabeth Martinez"
DOC-2560,invoice,"INVOICE INV-2025-163047
Date: 11/19/2025
Bill to: Jennifer Lee
8771 Main St, Springfield, IL 58705
Card charged: 8549146516792126
Amount: $1,988.89"
DOC-2561,email,"Hi team,

Please add Thomas Robinson (jennifer.thomas@citymail.net) to the distribution list. Their direct line is 533-767-1500.

Thanks,
Susan Taylor"
DOC-2562,email,"Subject: System maintenance

The portal will be down for maintenance on Sunday from 2am to 4am. No action required."
DOC-2563,medical_record,"STAFF MEMO
Hand hygiene audits will be conducted next week on all wards. Please ensure dispensers are stocked."
DOC-2564,email,"Subject: System maintenance

The portal will be down for maintenance on Sunday from 2am to 4am. No action required."
DOC-2565,intake_form,"NEW PATIENT REGISTRATION
Full name: Christopher Gonzalez
Date of birth: 07/25/1994
Social Security: 366-12-1259
Home address: 9299 Hillcrest Blvd, Riverside, CA 72859"
DOC-2566,email,"Subject: Password reset request

Hello John Martinez,

We received a reset request for the account jennifer.flores@example-health.org. If this was you, use the link below. Otherwise call us at (665) 411-0281.

Security Team"
DOC-2567,email,"
- Karen White, Front Desk"
DOC-2568,email,"Hi Richard Thomas,

Thanks for contacting support. I have updated the phone number on your account to 223-807-8397. Please confirm the change by replying to this email.

Best,
Christopher White
Customer Support"
DOC-2569,email,"Hi Thomas Garcia,

Thanks for contacting support. I have updated the phone number on your account to (440) 970-6423. Please confirm the change by replying to this email.

Best,
Elizabeth Thompson
Customer Support"
DOC-2570,email,"Subject: Password reset request

Hello Michael Jones,


Security Team"
DOC-2571,email,"Hi team,

Reminder that the office will be closed next Monday for the public holiday. Please submit timesheets by Friday.

Thanks,
Facilities"
DOC-2572,invoice,"INVOICE INV-2025-609584
Date: 11/27/2025
Bill to: Richard King
9313 Park Ln, Riverside, CA 65412
Card charged: 0208-2896-8181-4338
Amount: $316.58"
DOC-2573,intake_form,"PATIENT INTAKE FORM
Name: Daniel Torres
DOB: 05/17/1988
SSN: 709-84-3043
Address: 2480 Lake Rd, Springfield, IL 85603
Phone: 241-696-6105
Email: elizabeth.martinez@example-health.org
Emergency contact: Donna Scott (237-292-4934)"
DOC-2574,intake_form,"NEW PATIENT REGISTRATION
Full name: Patricia Thomas
Date of birth: 09/28/1974
Social Security: 349-45-5314
Home address: 7550 Cedar Blvd, Madison, WI 84276
Preferred contact: richard.lopez@yahoo.com, (466) 552-7289"
DOC-2575,intake_form,"NEW PATIENT REGISTRATION
Full name: Donald Davis
Date of birth: 08/02/1946
Social Security: 099-42-0232
Preferred contact: nancy.nguyen@hotmail.com, 559-733-5484"
DOC-2576,medical_record,"Lab results for Betty Jones (08/10/1953):
Findings support a diagnosis of atrial fibrillation. Ordering physician notified via mark.sanchez@hotmail.com."
DOC-2577,email,"Subject: Password reset request

Hello Margaret Thompson,


Security Team"
DOC-2578,medical_record,"Patient: Susan Gonzalez (DOB 04/24/1977)
Diagnosis: psoriasis"
DOC-2579,medical_record,"STAFF MEMO
Hand hygiene audits will be conducted next week on all wards. Please ensure dispensers are stocked."
DOC-2580,medical_record,Lab results for Nancy Walker (09/23/2000):
DOC-2581,email,"Hi Steven Wright,

Thanks for contacting support. I have updated the phone number on your account to 294-489-9260. Please confirm the change by replying to this email.

Best,
Mark Taylor
Customer Support"
DOC-2582,medical_record,"STAFF MEMO
Hand hygiene audits will be conducted next week on all wards. Please ensure dispensers are stocked."
DOC-2583,email,"Subject: Password reset request

Hello Sarah Wilson,

We received a reset request for the account joshua.taylor@outlook.com. If this was you, use the link below. Otherwise call us at 657-951-1710.

Security Team"
DOC-2584,medical_record,"Diagnosis: Type 2 diabetes mellitus
Notes: Patient reports symptoms consistent with Type 2 diabetes mellitus. Prescribed standard course of treatment. Follow-up in 30 days. Contact: (652) 275-2097"
DOC-2585,medical_record,"DISCHARGE SUMMARY
Patient name: Jessica Nguyen
DOB: 08/22/1997
Primary diagnosis: Type 2 diabetes mellitus
Secondary: migraine"
DOC-2586,intake_form,"NEW PATIENT REGISTRATION
Full name: Thomas Allen
Date of birth: 01/27/1976
Social Security: 154-18-0061
Home address: 8068 Park Ln, Milton, FL 87416
Preferred contact: kimberly.king@hotmail.com, 927-204-1131"
DOC-2587,intake_form,"VISITOR LOG
All visitors must sign in at reception and wear a badge at all times. Parking is available in Lot B."
DOC-2588,invoice,"INVOICE INV-2025-588701
Date: 12/17/2024
Bill to: Jessica King
1872 Oak Ave, Springfield, IL 34803
Card charged: 6240-8319-5264-6745
Amount: $4,572.01
Questions? Contact billing at richard.lopez19@citymail.net or 536-223-5987."
DOC-2589,email,"Hi team,

Reminder that the office will be closed next Monday for the public holiday. Please submit timesheets by Friday.

Thanks,
Facilities"
DOC-2590,invoice,"Receipt INV-2024-615580 (04/17/2024)
Customer: Richard Allen
Payment method: card ending 0969
Full card on file: 8013-7249-2884-0969
Total: $3,832.40
Account: ACCT-40631"
DOC-2591,email,"Hi Ashley Rodriguez,


Best,
Nancy Harris
Customer Support"
DOC-2592,medical_record,Lab results for Richard Robinson (01/13/1942):
DOC-2593,medical_record,"STAFF MEMO
Hand hygiene audits will be conducted next week on all wards. Please ensure dispensers are stocked."
DOC-2594,email,"Subject: System maintenance

The portal will be down for maintenance on Sunday from 2am to 4am. No action required."
DOC-2595,intake_form,"VISITOR LOG
All visitors must sign in at reception and wear a badge at all times. Parking is available in Lot B."
DOC-2596,email,"Subject: Password reset request

Hello David Torres,

We received a reset request for the account lisa.brown@yahoo.com. If this was you, use the link below. Otherwise call us at (450) 383-3189.

Security Team"
DOC-2597,email,"Hi Barbara Rodriguez,


Best,
Betty Garcia
Customer Support"
DOC-2598,intake_form,"PATIENT INTAKE FORM
Name: Paul Garcia
DOB: 11/28/1977
SSN: 332-25-4991
Phone: 820-750-1420
Email: anthony.thomas3@gmail.com
Emergency contact: Joshua Miller ((310) 556-4527)"
DOC-2599,intake_form,"NEW PATIENT REGISTRATION
Full name: Thomas Thompson
Date of birth: 03/21/1988
Social Security: 645-13-8963
Home address: 8207 Cedar Blvd, Franklin, TN 34964
Preferred contact: margaret.white19@citymail.net, 884-776-3351"
DOC-2600,intake_form,"PATIENT INTAKE FORM
Name: Elizabeth Robinson
SSN: 234-12-5704
Address: 2240 Park Ln, Salem, OR 52097
Phone: 406-454-2704
Emergency contact: Richard Johnson (605-769-6968)"
DOC-2601,email,"Hi team,

Please add Christopher Brown (michael.lee56@citymail.net) to the distribution list. Their direct line is 333-369-5610.

Thanks,
Kimberly Davis"
DOC-2602,intake_form,"VISITOR LOG
All visitors must sign in at reception and wear a badge at all times. Parking is available in Lot B."
DOC-2603,email,"Hi Christopher Thomas,

Thanks for contacting support. I have updated the phone number on your account to (428) 477-5887. Please confirm the change by replying to this email.

Best,
Richard Wright
Customer Support"
DOC-2604,email,"Hi team,

Reminder that the office will be closed next Monday for the public holiday. Please submit timesheets by Friday.

Thanks,
Facilities"
DOC-2605,email,"Hi Richard Taylor,

Thanks for contacting support. I have updated the phone number on your account to 461-253-5581. Please confirm the change by replying to this email.

Best,
Margaret Thompson
Customer Support"
DOC-2606,email,"Hi team,

Please add Karen Torres (william.johnson@outlook.com) to the distribution list. Their direct line is (527) 574-4429.

Thanks,"
DOC-2607,medical_record,"Lab results for Andrew Perez (08/28/2004):
Findings support a diagnosis of gastroesophageal reflux disease. Ordering physician notified via joshua.clark@gmail.com."
DOC-2608,medical_record,"STAFF MEMO
Hand hygiene audits will be conducted next week on all wards. Please ensure dispensers are stocked."
DOC-2609,invoice,"INVOICE INV-2024-113317
Date: 08/22/2024
Bill to: Daniel Miller
2070 Maple Rd, Riverside, CA 76053
Amount: $3,324.72
Questions? Contact billing at charles.gonzalez@example-health.org or 241-280-5708."
DOC-2610,invoice,"Receipt INV-2025-521523 (05/01/2025)
Customer: Michelle Martinez
Payment method: card ending 6560
Full card on file: 8396-2577-4161-6560
Total: $2,015.49
Account: ACCT-37869"
DOC-2611,intake_form,"VISITOR LOG
All visitors must sign in at reception and wear a badge at all times. Parking is available in Lot B."
DOC-2612,intake_form,"PATIENT INTAKE FORM
Name: Sarah Nguyen
DOB: 03/08/1992
SSN: 206-64-9840
Address: 5271 Maple Rd, Ashland, KY 20944
Email: ashley.hill@hotmail.com
Emergency contact: Mark Jackson ((270) 711-3535)"
DOC-2613,email,"Hi Margaret White,

Thanks for contacting support. I have updated the phone number on your account to (516) 825-8849. Please confirm the change by replying to this email.

Best,
Betty Miller
Customer Support"
DOC-2614,intake_form,"NEW PATIENT REGISTRATION
Full name: Mary Wilson
Social Security: 290-26-8804
Home address: 3027 Washington Ave, Madison, WI 28827"
DOC-2615,email,"Subject: Password reset request

Hello Richard Clark,


Security Team"
DOC-2616,email,"Subject: Password reset request

Hello Richard Taylor,

We received a reset request for the account donna.taylor44@hotmail.com. If this was you, use the link below. Otherwise call us at (378) 473-4301.

Security Team"
DOC-2617,email,"Hi team,

Please add Donald Allen (john.scott@example-health.org) to the distribution list. Their direct line is 853-979-0277.

Thanks,
James Anderson"
DOC-2618,medical_record,"STAFF MEMO
Hand hygiene audits will be conducted next week on all wards. Please ensure dispensers are stocked."
DOC-2619,intake_form,"NEW PATIENT REGISTRATION
Full name: Anthony Torres
Date of birth: February 2, 1951
Social Security: 014-79-9638
Home address: 8750 Lake Rd, Fairview, OH 60450
Preferred contact: susan.scott89@postbox.io, 228-464-0900"
DOC-2620,invoice,"INVOICE INV-2024-923209
Date: 09/26/2022
Total due: $4,623.00
Payment terms: net 30. Thank you for your business."
DOC-2621,email,"Hi team,

Please add Donna King (ashley.white68@outlook.com) to the distribution list. Their direct line is 938-254-2773.

Thanks,
Donna Thomas"
DOC-2622,medical_record,"DISCHARGE SUMMARY
Patient name: Paul Flores
DOB: 06/28/1942
Primary diagnosis: chronic kidney disease
Secondary: hypertension
Patient advised to contact Linda Nguyen at (964) 814-5281 with concerns."
DOC-2623,intake_form,"VISITOR LOG
All visitors must sign in at reception and wear a badge at all times. Parking is available in Lot B."
DOC-2624,email,"Subject: System maintenance

The portal will be down for maintenance on Sunday from 2am to 4am. No action required."
DOC-2625,email,"Hi team,

Please add Mark Williams (patricia.davis43@gmail.com) to the distribution list. Their direct line is (922) 448-4431.

Thanks,
Linda Ramirez"
DOC-2626,email,"Subject: Password reset request

Hello Mary Lee,


Security Team"
DOC-2627,email,"Hi team,

Please add Joseph Davis (patricia.walker51@example-health.org) to the distribution list. Their direct line is (918) 256-7825.

Thanks,
James Torres"
DOC-2628,intake_form,"NEW PATIENT REGISTRATION
Full name: Ashley Jones
Date of birth: 12/22/1992
Social Security: 883-56-6974
Home address: 6479 Cedar Blvd, Georgetown, TX 12475
Preferred contact: anthony.garcia3@citymail.net, (280) 448-2680"
DOC-2629,intake_form,"PATIENT INTAKE FORM
Name: Nancy Johnson
DOB: 12/24/1966
SSN: 132-15-6559
Address: 5727 Maple Rd, Ashland, KY 79107
Phone: (963) 209-4498
Email: charles.scott@citymail.net
Emergency contact: John Ramirez ((738) 936-9147)"
DOC-2630,invoice,"Receipt INV-2024-117679 (09/17/2023)
Customer: Betty King
Payment method: card ending 7464
Full card on file: 2930 0737 0387 7464
Total: $3,714.03
Account: ACCT-58761"
DOC-2631,invoice,"Receipt INV-2025-982852 (10/21/2024)
Customer: Thomas Hernandez
Payment method: card ending 3808
Full card on file: 8358-8742-1094-3808
Total: $4,853.65
Account: ACCT-76965"
DOC-2632,invoice,"Receipt INV-2023-731536 (07/25/2024)
Customer: Patricia Wright
Payment method: card ending 0044
Full card on file: 0753 9398 5676 0044
Total: $4,325.80
Account: ACCT-48231"
DOC-2633,invoice,"INVOICE INV-2025-371472
Date: 06/19/2023
Bill to: Steven Smith
6834 Elm St, Georgetown, TX 40317
Card charged: 4716 7804 7805 4459
Amount: $4,170.73"
DOC-2634,intake_form,"NEW PATIENT REGISTRATION
Full name: Joshua Taylor
Date of birth: February 18, 1988
Social Security: 867-20-6294
Preferred contact: michael.young71@hotmail.com, (981) 519-1939"
DOC-2635,medical_record,"DISCHARGE SUMMARY
Patient name: Paul Clark
DOB: 04/11/1983
Primary diagnosis: anxiety disorder
Secondary: hypothyroidism
Patient advised to contact Betty Robinson at (418) 636-0460 with concerns."
DOC-2636,invoice,"Receipt INV-2025-214925 (01/12/2025)
Customer: Michael Wright
Payment method: card ending 9082
Full card on file: 5199 6832 7628 9082
Total: $1,366.25
Account: ACCT-11475"
DOC-2637,intake_form,"VISITOR LOG
All visitors must sign in at reception and wear a badge at all times. Parking is available in Lot B."
DOC-2638,medical_record,"DISCHARGE SUMMARY
Patient name: Paul Miller
DOB: 07/05/1953
Primary diagnosis: anxiety disorder
Secondary: gastroesophageal reflux disease"
DOC-2639,email,"Reminder: your appointment is confirmed for next Tuesday. We have your contact as (723) 969-6462 and jennifer.king96@gmail.com.

- Andrew Hernandez, Front Desk"
DOC-2640,medical_record,"Diagnosis: osteoporosis
Notes: Patient reports symptoms consistent with osteoporosis. Prescribed standard course of treatment. Follow-up in 30 days. Contact: 861-512-0995"
DOC-2641,medical_record,"DISCHARGE SUMMARY
Patient name: Joseph King
DOB: 07/18/1992
Primary diagnosis: COPD
Secondary: atrial fibrillation
Patient advised to contact Susan Nguyen at (333) 888-5024 with concerns."
DOC-2642,email,"Hi Elizabeth Johnson,

Thanks for contacting support. I have updated the phone number on your account to 733-503-2301. Please confirm the change by replying to this email.

Best,
Joseph Thompson
Customer Support"
DOC-2643,email,"Subject: Password reset request

Hello Andrew Ramirez,

We received a reset request for the account jennifer.hernandez@yahoo.com. If this was you, use the link below. Otherwise call us at (891) 722-7329.

Security Team"
DOC-2644,invoice,"INVOICE INV-2023-469885
Date: 07/05/2024
Total due: $1,813.59
Payment terms: net 30. Thank you for your business."
DOC-2645,intake_form,"PATIENT INTAKE FORM
Name: Robert Ramirez
DOB: 06/09/1993
SSN: 425-92-6890
Address: 3208 Lake Rd, Springfield, IL 67721
Phone: (249) 650-0770
Email: patricia.torres48@outlook.com
Emergency contact: Donald Thompson ((439) 719-8658)"
DOC-2646,invoice,"INVOICE INV-2023-898565
Date: 02/01/2022
Bill to: John Walker
8313 Hillcrest Blvd, Riverside, CA 83432
Amount: $2,136.62
Questions? Contact billing at steven.robinson9@outlook.com or 688-280-5647."
DOC-2647,intake_form,"NEW PATIENT REGISTRATION
Full name: Kimberly Perez
Date of birth: January 7, 1944
Home address: 7031 Oak Ave, Clinton, NY 36903"
DOC-2648,email,"Hi team,

Reminder that the office will be closed next Monday for the public holiday. Please submit timesheets by Friday.

Thanks,
Facilities"
DOC-2649,email,"Subject: Password reset request

Hello Matthew Rodriguez,


Security Team"
DOC-2650,email,"Hi team,


Thanks,
Ashley Jackson"
DOC-2651,intake_form,"PATIENT INTAKE FORM
Name: Andrew Davis
DOB: March 7, 2002
SSN: 567-76-2584
Address: 3100 Cedar Blvd, Milton, FL 69956
Email: kimberly.walker@outlook.com
Emergency contact: Charles Jackson (227-543-4871)"
DOC-2652,intake_form,"VISITOR LOG
All visitors must sign in at reception and wear a badge at all times. Parking is available in Lot B."
DOC-2653,intake_form,"NEW PATIENT REGISTRATION
Full name: Susan Harris
Date of birth: January 9, 1941
Social Security: 321-48-5600
Preferred contact: ashley.white@yahoo.com, 665-412-2722"
DOC-2654,intake_form,"NEW PATIENT REGISTRATION
Full name: Jessica Clark
Date of birth: 01/02/1960
Social Security: 797-28-5667
Home address: 3963 Hillcrest Blvd, Fairview, OH 50891
Preferred contact: patricia.rodriguez@gmail.com, (720) 789-5810"
DOC-2655,medical_record,"Patient: Ashley Harris (DOB 05/13/1956)
Diagnosis: atrial fibrillation
Notes: Patient reports symptoms consistent with atrial fibrillation. Prescribed standard course of treatment. Follow-up in 30 days. Contact: (937) 785-9826"
DOC-2656,email,"Subject: System maintenance

The portal will be down for maintenance on Sunday from 2am to 4am. No action required."
DOC-2657,invoice,"INVOICE INV-2024-438029
Date: 12/03/2025
Bill to: Mary White
1723 Main St, Springfield, IL 73630
Card charged: 1953-7281-7740-8987
Amount: $1,777.95
Questions? Contact billing at andrew.lewis47@yahoo.com or 276-896-1924."
DOC-2658,email,"Reminder: your appointment is confirmed for next Tuesday. We have your contact as 201-241-9717 and thomas.miller71@hotmail.com.

- Emily Rodriguez, Front Desk"
DOC-2659,medical_record,Lab results for Mark Perez (08/27/1984):
DOC-2660,medical_record,"Lab results for Steven Thomas (02/19/1993):
Findings support a diagnosis of asthma. Ordering physician notified via mary.lopez65@citymail.net."
DOC-2661,medical_record,"Patient: Joseph Jones (DOB February 21, 1984)
Diagnosis: coronary artery disease
Notes: Patient reports symptoms consistent with coronary artery disease. Prescribed standard course of treatment. Follow-up in 30 days. Contact: (961) 641-5167"
DOC-2662,email,"Hi team,


Thanks,
Barbara Thomas"
DOC-2663,medical_record,"DISCHARGE SUMMARY
Patient name: Daniel Rodriguez
Primary diagnosis: migraine
Secondary: atrial fibrillation"
DOC-2664,medical_record,"DISCHARGE SUMMARY
Patient name: Mary Martin
Primary diagnosis: atrial fibrillation
Secondary: hypertension
Patient advised to contact John Davis at 370-715-7464 with concerns."
DOC-2665,email,"Reminder: your appointment is confirmed for next Tuesday. We have your contact as (310) 814-1527 and sarah.white@gmail.com.

- Thomas Harris, Front Desk"
DOC-2666,invoice,"INVOICE INV-2024-984529
Date: 01/21/2024
Bill to: Nancy Hill
7761 Oak Ave, Franklin, TN 53999
Amount: $2,728.64
Questions? Contact billing at john.walker@outlook.com or 948-631-3136."
DOC-2667,email,"Reminder: your appointment is confirmed for next Tuesday. We have your contact as 662-569-7739 and margaret.rodriguez@gmail.com.

- Matthew Miller, Front Desk"
DOC-2668,email,"Subject: Password reset request

Hello Steven Jones,

We received a reset request for the account christopher.flores60@gmail.com. If this was you, use the link below. Otherwise call us at 209-938-7650.

Security Team"
DOC-2669,email,"Hi team,

Please add Kimberly Miller (thomas.martin@postbox.io) to the distribution list. Their direct line is 804-468-4599.

Thanks,"
DOC-2670,medical_record,"Patient: Richard Moore (DOB February 11, 1978)
Diagnosis: coronary artery disease
Notes: Patient reports symptoms consistent with coronary artery disease. Prescribed standard course of treatment. Follow-up in 30 days. Contact: 787-958-2608"
DOC-2671,email,"Hi Patricia Garcia,

Thanks for contacting support. I have updated the phone number on your account to (409) 306-1909. Please confirm the change by replying to this email.

Best,
Customer Support"
DOC-2672,invoice,"INVOICE INV-2025-594880
Date: 03/27/2024
Total due: $2,467.06
Payment terms: net 30. Thank you for your business."
DOC-2673,medical_record,"STAFF MEMO
Hand hygiene audits will be conducted next week on all wards. Please ensure dispensers are stocked."
DOC-2674,medical_record,"Diagnosis: coronary artery disease
Notes: Patient reports symptoms consistent with coronary artery disease. Prescribed standard course of treatment. Follow-up in 30 days. Contact: (572) 958-6056"
DOC-2675,email,"Hi Anthony Miller,

Thanks for contacting support. I have updated the phone number on your account to (707) 658-2239. Please confirm the change by replying to this email.

Best,
Customer Support"
DOC-2676,intake_form,"NEW PATIENT REGISTRATION
Full name: Charles Lewis
Date of birth: 05/17/1942
Home address: 1450 Maple Rd, Georgetown, TX 42564
Preferred contact: mark.jackson@postbox.io, 700-323-5644"
DOC-2677,intake_form,"PATIENT INTAKE FORM
Name: Patricia Garcia
DOB: 01/05/1958
SSN: 809-23-5221
Address: 2944 Maple Rd, Madison, WI 16292
Phone: 695-875-6972
Email: andrew.white@outlook.com
Emergency contact: Sandra Miller (947-974-8283)"
DOC-2678,medical_record,Lab results for Susan Davis (02/04/1984):
DOC-2679,invoice,"INVOICE INV-2024-421786
Date: 04/09/2022
Bill to: Kimberly Allen
6289 Cedar Blvd, Salem, OR 12816
Card charged: 6171255075849398
Amount: $4,259.66
Questions? Contact billing at donald.wright@outlook.com or 259-760-3231."
DOC-2680,email,"Reminder: your appointment is confirmed for next Tuesday. We have your contact as 310-700-5141 and matthew.thomas@example-health.org.

- James Gonzalez, Front Desk"
DOC-2681,intake_form,"NEW PATIENT REGISTRATION
Full name: Charles Anderson
Social Security: 404-86-9586
Home address: 7621 Maple Rd, Ashland, KY 94956
Preferred contact: william.rodriguez34@hotmail.com, 617-292-3589"
DOC-2682,email,"Hi team,


Thanks,
James Sanchez"
DOC-2683,medical_record,"Patient: Patricia Wilson (DOB May 19, 1996)
Diagnosis: chronic kidney disease
Notes: Patient reports symptoms consistent with chronic kidney disease. Prescribed standard course of treatment. Follow-up in 30 days. Contact: 634-506-5949"
DOC-2684,invoice,"INVOICE INV-2025-969363
Date: 12/27/2023
Total due: $2,051.08
Payment terms: net 30. Thank you for your business."
DOC-2685,medical_record,"Patient: Donna Harris (DOB 10/28/1970)
Diagnosis: hypertension
Notes: Patient reports symptoms consistent with hypertension. Prescribed standard course of treatment. Follow-up in 30 days. Contact: 372-713-2618"
DOC-2686,email,"Subject: Password reset request

Hello Richard Clark,


Security Team"
DOC-2687,email,"Hi team,

Please add Lisa Moore (andrew.ramirez@hotmail.com) to the distribution list. Their direct line is (361) 667-6584.

Thanks,
Thomas Jones"
DOC-2688,medical_record,"Diagnosis: psoriasis
Notes: Patient reports symptoms consistent with psoriasis. Prescribed standard course of treatment. Follow-up in 30 days. Contact: (241) 211-5083"
DOC-2689,email,"Hi Matthew Scott,

Thanks for contacting support. I have updated the phone number on your account to (385) 476-2310. Please confirm the change by replying to this email.

Best,
Michelle Hill
Customer Support"
DOC-2690,intake_form,"NEW PATIENT REGISTRATION
Full name: Nancy Hill
Date of birth: 06/17/1946
Social Security: 120-84-5076
Home address: 4617 Hillcrest Blvd, Franklin, TN 64714"
DOC-2691,medical_record,"Patient: Mark Hernandez (DOB 09/12/1949)
Diagnosis: hyperlipidemia
Notes: Patient reports symptoms consistent with hyperlipidemia. Prescribed standard course of treatment. Follow-up in 30 days. Contact: 340-602-1062"
DOC-2692,email,"Subject: System maintenance

The portal will be down for maintenance on Sunday from 2am to 4am. No action required."
DOC-2693,email,"Subject: Password reset request

Hello Christopher Lewis,

We received a reset request for the account emily.davis@yahoo.com. If this was you, use the link below. Otherwise call us at (683) 697-0391.

Security Team"
DOC-2694,email,"Hi team,

Reminder that the office will be closed next Monday for the public holiday. Please submit timesheets by Friday.

Thanks,
Facilities"
DOC-2695,email,"Hi Patricia Young,

Thanks for contacting support. I have updated the phone number on your account to 458-428-2349. Please confirm the change by replying to this email.

Best,
David Wright
Customer Support"
DOC-2696,email,"Hi team,

Please add Sarah Martinez (charles.walker@yahoo.com) to the distribution list. Their direct line is (633) 493-7845.

Thanks,
Steven Thomas"
DOC-2697,email,"Subject: System maintenance

The portal will be down for maintenance on Sunday from 2am to 4am. No action required."
DOC-2698,medical_record,"Patient: Sandra Anderson (DOB October 27, 1943)
Diagnosis: asthma
Notes: Patient reports symptoms consistent with asthma. Prescribed standard course of treatment. Follow-up in 30 days. Contact: (948) 727-1366"
DOC-2699,intake_form,"PATIENT INTAKE FORM
Name: Elizabeth Johnson
DOB: October 16, 1968
SSN: 633-80-0591
Address: 2987 Main St, Milton, FL 90085
Phone: 436-617-7253
Email: paul.white@outlook.com
Emergency contact: Nancy Moore (988-952-9733)"
DOC-2700,email,"Hi team,

Please add Mark Anderson (ashley.wright@yahoo.com) to the distribution list. Their direct line is (808) 400-1250.

Thanks,
Matthew Perez"
DOC-2701,email,"Hi team,

Please add Donald Miller (donald.garcia47@citymail.net) to the distribution list. Their direct line is (288) 867-8845.

Thanks,
Joseph Anderson"
DOC-2702,medical_record,"STAFF MEMO
Hand hygiene audits will be conducted next week on all wards. Please ensure dispensers are stocked."
DOC-2703,invoice,"INVOICE INV-2024-550052
Date: 09/04/2023
Bill to: William Williams
3844 Oak Ave, Salem, OR 80787
Card charged: 2260-6868-6630-7090
Amount: $4,683.97"
DOC-2704,email,"Hi team,

Please add Donna Wilson (kimberly.gonzalez@postbox.io) to the distribution list. Their direct line is 782-450-2398.

Thanks,"
DOC-2705,invoice,"INVOICE INV-2023-553540
Date: 10/01/2022
Bill to: Betty Lee
2913 Cedar Blvd, Georgetown, TX 41083
Amount: $141.00
Questions? Contact billing at nancy.hill@example-health.org or 625-995-6141."
DOC-2706,medical_record,"Lab results for Paul Martin (10/03/1964):
Findings support a diagnosis of migraine. Ordering physician notified via michelle.robinson@postbox.io."
DOC-2707,email,"Subject: Password reset request

Hello Jessica Clark,


Security Team"
DOC-2708,email,"Hi Joshua Young,

Thanks for contacting support. I have updated the phone number on your account to 727-509-9230. Please confirm the change by replying to this email.

Best,
Mary Jackson
Customer Support"
DOC-2709,medical_record,Patient: Patricia Hill (DOB 06/07/1979)
DOC-2710,email,"Subject: Password reset request

Hello Richard Anderson,


Security Team"
DOC-2711,email,"
- Elizabeth Lee, Front Desk"
DOC-2712,email,"Hi James Martinez,

Thanks for contacting support. I have updated the phone number on your account to (782) 529-7236. Please confirm the change by replying to this email.

Best,
Customer Support"
DOC-2713,email,"Subject: Password reset request

Hello Elizabeth Clark,

We received a reset request for the account karen.jones@outlook.com. If this was you, use the link below. Otherwise call us at (851) 481-2312.

Security Team"
DOC-2714,intake_form,"PATIENT INTAKE FORM
Name: Daniel Davis
SSN: 128-13-8871
Address: 8891 Pine Ln, Georgetown, TX 77103
Phone: (776) 404-9291
Email: jessica.miller56@hotmail.com
Emergency contact: Thomas Harris ((642) 729-0170)"
DOC-2715,email,"Reminder: your appointment is confirmed for next Tuesday. We have your contact as 857-764-5341 and matthew.ramirez@example-health.org.

- David Ramirez, Front Desk"
DOC-2716,medical_record,"DISCHARGE SUMMARY
Patient name: Paul Lopez
DOB: December 10, 1982
Primary diagnosis: gastroesophageal reflux disease
Secondary: anxiety disorder
Patient advised to contact Jessica Jackson at (501) 663-9150 with concerns."
DOC-2717,intake_form,"PATIENT INTAKE FORM
Name: Thomas Lopez
DOB: 05/14/1945
SSN: 233-50-2594
Address: 1113 Oak Ave, Salem, OR 54231
Emergency contact: Patricia Martinez ((938) 964-0802)"
DOC-2718,email,"Hi Andrew Flores,

Thanks for contacting support. I have updated the phone number on your account to (546) 579-5546. Please confirm the change by replying to this email.

Best,
Margaret Hernandez
Customer Support"
DOC-2719,email,"Reminder: your appointment is confirmed for next Tuesday. We have your contact as 598-660-6248 and margaret.rodriguez82@postbox.io.

- Robert Clark, Front Desk"
DOC-2720,intake_form,"PATIENT INTAKE FORM
Name: Sarah Hernandez
DOB: 05/04/1948
SSN: 242-81-7370
Address: 8174 Lake Rd, Ashland, KY 17793
Phone: 985-227-0102
Email: sarah.thompson@citymail.net
Emergency contact: Joshua Wilson (548-840-7779)"
DOC-2721,email,"Reminder: your appointment is confirmed for next Tuesday. We have your contact as 257-332-0639 and robert.lewis@yahoo.com.
"
DOC-2722,invoice,"INVOICE INV-2024-452661
Date: 06/15/2024
Bill to: Robert Perez
3975 Elm St, Milton, FL 18495
Card charged: 9949344991615904
Amount: $2,157.92
Questions? Contact billing at mark.flores90@yahoo.com or (626) 871-2832."
DOC-2723,invoice,"INVOICE INV-2022-343412
Date: 07/08/2024
Total due: $4,788.82
Payment terms: net 30. Thank you for your business."
DOC-2724,email,"Hi Anthony Torres,

Thanks for contacting support. I have updated the phone number on your account to (423) 326-4020. Please confirm the change by replying to this email.

Best,
Jessica Harris
Customer Support"
DOC-2725,medical_record,"DISCHARGE SUMMARY
Patient name: Sarah White
DOB: 02/13/2005
Secondary: hypothyroidism
Patient advised to contact Michael Perez at 361-850-8263 with concerns."
DOC-2726,email,"Hi Margaret Johnson,


Best,
Customer Support"
DOC-2727,invoice,"Receipt INV-2025-418169 (11/15/2022)
Customer: John Martin
Payment method: card ending 1979
Full card on file: 7067596500021979
Total: $2,561.88
Account: ACCT-95383"
DOC-2728,medical_record,"STAFF MEMO
Hand hygiene audits will be conducted next week on all wards. Please ensure dispensers are stocked."
DOC-2729,intake_form,"PATIENT INTAKE FORM
Name: Elizabeth White
DOB: July 26, 1948
SSN: 139-74-0481
Address: 1890 Maple Rd, Madison, WI 46016
Phone: 383-355-8615
Email: ashley.jackson50@hotmail.com
Emergency contact: Kimberly Thompson ((325) 415-6917)"
DOC-2730,intake_form,"PATIENT INTAKE FORM
Name: Mark Miller
DOB: 02/04/1974
SSN: 185-88-0666
Phone: (498) 269-9559
Email: betty.hernandez49@postbox.io
Emergency contact: Susan Garcia (426-904-4938)"
DOC-2731,email,"Subject: Password reset request

Hello Linda Jones,


Security Team"
DOC-2732,medical_record,"DISCHARGE SUMMARY
Patient name: Jessica Hernandez
DOB: May 12, 2005
Primary diagnosis: asthma
Secondary: hyperlipidemia
Patient advised to contact Joshua Torres at 414-748-7505 with concerns."
DOC-2733,email,"Hi team,

Reminder that the office will be closed next Monday for the public holiday. Please submit timesheets by Friday.

Thanks,
Facilities"
DOC-2734,medical_record,"Lab results for Richard Martinez (05/02/1958):
Findings support a diagnosis of anxiety disorder. Ordering physician notified via barbara.allen@postbox.io."
DOC-2735,intake_form,"NEW PATIENT REGISTRATION
Full name: Ashley Martinez
Date of birth: 09/27/1949
Social Security: 019-65-6868
Home address: 5577 Elm St, Springfield, IL 65795
Preferred contact: lisa.white@gmail.com, 251-353-7134"
DOC-2736,medical_record,Lab results for Margaret Miller (09/14/1949):
DOC-2737,invoice,"Receipt INV-2025-521161 (06/12/2025)
Customer: Betty Miller
Payment method: card ending 2072
Full card on file: 6611857001092072
Total: $2,772.42
Account: ACCT-25111"
DOC-2738,intake_form,"PATIENT INTAKE FORM
Name: Joseph Wright
DOB: 06/03/1993
SSN: 509-96-3769
Address: 8048 Lake Rd, Franklin, TN 32323
Phone: 552-803-0465
Email: richard.thompson79@yahoo.com"
DOC-2739,email,"Hi Sandra Robinson,

Thanks for contacting support. I have updated the phone number on your account to (904) 287-0928. Please confirm the change by replying to this email.

Best,
David Brown
Customer Support"
DOC-2740,email,"Hi team,

Please add Christopher Thomas (christopher.moore51@gmail.com) to the distribution list. Their direct line is (834) 627-6295.

Thanks,
Richard Brown"
DOC-2741,invoice,"INVOICE INV-2024-989472
Date: 03/16/2024
Bill to: Nancy Jones
7562 Hillcrest Blvd, Springfield, IL 74883
Card charged: 8336 8261 4464 5575
Amount: $600.34"
DOC-2742,email,"Subject: System maintenance

The portal will be down for maintenance on Sunday from 2am to 4am. No action required."
DOC-2743,intake_form,"VISITOR LOG
All visitors must sign in at reception and wear a badge at all times. Parking is available in Lot B."
DOC-2744,medical_record,"DISCHARGE SUMMARY
Patient name: David King
DOB: December 28, 1964
Primary diagnosis: migraine
Secondary: Type 2 diabetes mellitus"
DOC-2745,invoice,"Receipt INV-2024-693762 (06/27/2022)
Customer: Linda Martin
Payment method: card ending 1923
Full card on file: 2900 9401 7749 1923
Total: $69.75
Account: ACCT-24656"
DOC-2746,invoice,"Receipt INV-2024-882049 (07/15/2023)
Customer: Mary Lopez
Payment method: card ending 7622
Total: $3,803.18
Account: ACCT-10259"
DOC-2747,medical_record,"Lab results for Barbara Jones (August 20, 1957):
Findings support a diagnosis of hypertension. Ordering physician notified via betty.allen@postbox.io."
DOC-2748,invoice,"Receipt INV-2022-315489 (03/18/2022)
Customer: Richard Miller
Payment method: card ending 5643
Full card on file: 1135 4925 8674 5643
Total: $3,183.09
Account: ACCT-58960"
DOC-2749,intake_form,"PATIENT INTAKE FORM
Name: Elizabeth Flores
SSN: 004-76-4798
Address: 4973 Washington Ave, Salem, OR 14396
Phone: (681) 336-4714
Email: michael.allen62@example-health.org
Emergency contact: Joshua Walker ((304) 699-9911)"
DOC-2750,email,"Hi Jessica Lopez,

Thanks for contacting support. I have updated the phone number on your account to 236-511-0928. Please confirm the change by replying to this email.

Best,
Jessica Hernandez
Customer Support"
DOC-2751,email,"Hi team,

Reminder that the office will be closed next Monday for the public holiday. Please submit timesheets by Friday.

Thanks,
Facilities"
DOC-2752,medical_record,"DISCHARGE SUMMARY
Patient name: Linda Nguyen
DOB: October 14, 1996
Secondary: asthma"
DOC-2753,email,"Reminder: your appointment is confirmed for next Tuesday. We have your contact as (274) 883-2303 and daniel.davis99@postbox.io.

- Mark Johnson, Front Desk"
DOC-2754,intake_form,"VISITOR LOG
All visitors must sign in at reception and wear a badge at all times. Parking is available in Lot B."
DOC-2755,medical_record,"STAFF MEMO
Hand hygiene audits will be conducted next week on all wards. Please ensure dispensers are stocked."
DOC-2756,medical_record,"DISCHARGE SUMMARY
Patient name: Jessica Walker
DOB: 02/09/1941
Primary diagnosis: gastroesophageal reflux disease
Secondary: psoriasis
Patient advised to contact Michael White at (738) 863-9959 with concerns."
DOC-2757,invoice,"INVOICE INV-2023-940284
Date: 03/14/2024
Bill to: Anthony Allen
2702 Washington Ave, Clinton, NY 25411
Card charged: 5112-6109-1282-7755
Amount: $3,588.84"
DOC-2758,invoice,"Receipt INV-2025-129517 (11/11/2025)
Customer: William Young
Payment method: card ending 4784
Total: $984.29
Account: ACCT-42891"
DOC-2759,email,"Hi Elizabeth Flores,


Best,
Nancy Davis
Customer Support"
DOC-2760,medical_record,"STAFF MEMO
Hand hygiene audits will be conducted next week on all wards. Please ensure dispensers are stocked."
DOC-2761,intake_form,"PATIENT INTAKE FORM
Name: Margaret Hernandez
SSN: 757-90-4815
Phone: 210-362-7892
Email: matthew.lopez@hotmail.com"
DOC-2762,intake_form,"NEW PATIENT REGISTRATION
Full name: Kimberly Harris
Date of birth: 10/11/2003
Social Security: 294-12-8795
Home address: 1732 Lake Rd, Clinton, NY 51426"
DOC-2763,email,"Hi team,


Thanks,
William Martinez"
DOC-2764,invoice,"INVOICE INV-2025-549485
Date: 08/01/2024
Bill to: Sandra Wright
8667 Oak Ave, Clinton, NY 98778
Card charged: 0896586146921197
Amount: $2,545.60
Questions? Contact billing at matthew.wright@hotmail.com or (481) 292-2792."
DOC-2765,email,"Hi team,

Please add Robert Wright (patricia.allen@citymail.net) to the distribution list. Their direct line is 949-733-3792.

Thanks,
Christopher Walker"
DOC-2766,email,"Hi team,


Thanks,
Barbara Williams"
DOC-2767,email,"Hi William Johnson,

Thanks for contacting support. I have updated the phone number on your account to (292) 567-0552. Please confirm the change by replying to this email.

Best,
Matthew Garcia
Customer Support"
DOC-2768,email,"Subject: System maintenance

The portal will be down for maintenance on Sunday from 2am to 4am. No action required."
DOC-2769,invoice,"INVOICE INV-2024-754342
Date: 12/11/2023
Total due: $246.42
Payment terms: net 30. Thank you for your business."
DOC-2770,medical_record,"STAFF MEMO
Hand hygiene audits will be conducted next week on all wards. Please ensure dispensers are stocked."
DOC-2771,email,"Hi Michael Rodriguez,

Thanks for contacting support. I have updated the phone number on your account to 371-413-1272. Please confirm the change by replying to this email.

Best,
Thomas Scott
Customer Support"
DOC-2772,medical_record,"Lab results for Joshua Lewis (03/28/1982):
Findings support a diagnosis of psoriasis. Ordering physician notified via robert.brown@yahoo.com."
DOC-2773,intake_form,"NEW PATIENT REGISTRATION
Full name: Barbara Flores
Date of birth: 10/24/1971
Home address: 6361 Oak Ave, Georgetown, TX 22197
Preferred contact: christopher.miller@yahoo.com, (707) 464-9368"
DOC-2774,intake_form,"VISITOR LOG
All visitors must sign in at reception and wear a badge at all times. Parking is available in Lot B."
DOC-2775,intake_form,"PATIENT INTAKE FORM
Name: Charles Perez
DOB: 09/26/1998
SSN: 851-99-0112
Address: 2068 Park Ln, Fairview, OH 88949
Phone: 943-763-0474
Email: joshua.flores@outlook.com"
DOC-2776,email,"
- Steven Brown, Front Desk"
DOC-2777,invoice,"INVOICE INV-2023-521778
Date: 09/11/2023
Bill to: Nancy Lewis
4331 Main St, Georgetown, TX 36609
Card charged: 4917100357058334
Amount: $1,527.64
Questions? Contact billing at sarah.thomas@outlook.com or 702-583-0964."
DOC-2778,invoice,"INVOICE INV-2023-754963
Date: 04/02/2022
Bill to: John White
Card charged: 1650-6433-0540-6967
Amount: $1,231.87"
DOC-2779,email,"Subject: Password reset request

Hello Margaret Young,

We received a reset request for the account jessica.davis@postbox.io. If this was you, use the link below. Otherwise call us at (497) 360-1081.

Security Team"
DOC-2780,intake_form,"NEW PATIENT REGISTRATION
Full name: Lisa Miller
Date of birth: February 1, 1969
Social Security: 646-82-8823
Home address: 8626 Washington Ave, Ashland, KY 66314"
DOC-2781,email,"Hi Margaret Johnson,

Thanks for contacting support. I have updated the phone number on your account to (403) 312-2529. Please confirm the change by replying to this email.

Best,
Michelle Garcia
Customer Support"
DOC-2782,email,"Hi team,


Thanks,
William Young"
DOC-2783,email,"Reminder: your appointment is confirmed for next Tuesday. We have your contact as 720-393-2148 and christopher.gonzalez@postbox.io.

- David Torres, Front Desk"
DOC-2784,email,"Subject: Password reset request

Hello Margaret Wright,

We received a reset request for the account mark.williams@yahoo.com. If this was you, use the link below. Otherwise call us at 277-576-1422.

Security Team"
DOC-2785,intake_form,"PATIENT INTAKE FORM
Name: William Hernandez
DOB: May 19, 1993
SSN: 227-29-7245
Phone: (848) 887-5881
Email: joseph.allen@outlook.com
Emergency contact: Donald Ramirez (869-486-9579)"
DOC-2786,email,"Hi team,

Please add Daniel Jackson (betty.rodriguez@outlook.com) to the distribution list. Their direct line is 551-434-8245.

Thanks,
Daniel Thompson"
DOC-2787,intake_form,"NEW PATIENT REGISTRATION
Full name: Susan Hill
Social Security: 859-18-3655
Home address: 3503 Main St, Ashland, KY 28990
Preferred contact: jennifer.lopez@gmail.com, 979-863-7412"
DOC-2788,email,"Subject: System maintenance

The portal will be down for maintenance on Sunday from 2am to 4am. No action required."
DOC-2789,email,"Reminder: your appointment is confirmed for next Tuesday. We have your contact as 277-209-5836 and kimberly.jackson@postbox.io.
"
DOC-2790,medical_record,"DISCHARGE SUMMARY
Patient name: Elizabeth Martinez
DOB: April 20, 1970
Primary diagnosis: anxiety disorder"
DOC-2791,intake_form,"VISITOR LOG
All visitors must sign in at reception and wear a badge at all times. Parking is available in Lot B."
DOC-2792,email,"Hi Joshua Flores,


Best,
Mark Rodriguez
Customer Support"
DOC-2793,email,"Subject: Password reset request

Hello William Martinez,

We received a reset request for the account donald.rodriguez@example-health.org. If this was you, use the link below. Otherwise call us at (528) 806-3667.

Security Team"
DOC-2794,email,"Reminder: your appointment is confirmed for next Tuesday. We have your contact as 910-613-7196 and james.gonzalez62@postbox.io.

- Richard Lewis, Front Desk"
DOC-2795,intake_form,"NEW PATIENT REGISTRATION
Full name: Betty White
Date of birth: 02/06/1944
Social Security: 345-71-8622
Preferred contact: michelle.moore79@hotmail.com, 237-755-3607"
DOC-2796,intake_form,"NEW PATIENT REGISTRATION
Full name: Nancy Torres
Date of birth: 02/17/1975
Social Security: 389-75-0086
Home address: 8716 Hillcrest Blvd, Milton, FL 78684
Preferred contact: patricia.nguyen@yahoo.com, 220-649-9804"
DOC-2797,intake_form,"NEW PATIENT REGISTRATION
Full name: Christopher Rodriguez
Date of birth: January 1, 1981
Home address: 3384 Park Ln, Salem, OR 72337
Preferred contact: anthony.brown@hotmail.com, (730) 685-0919"
DOC-2798,email,"Reminder: your appointment is confirmed for next Tuesday. We have your contact as 676-477-3667 and mary.jackson65@example-health.org.

- Kimberly King, Front Desk"
DOC-2799,medical_record,"DISCHARGE SUMMARY
Patient name: John Wright
DOB: 09/01/2005
Primary diagnosis: anxiety disorder
Secondary: osteoporosis
Patient advised to contact John Anderson at 286-799-1995 with concerns."
DOC-2800,email,"Hi Patricia Robinson,

Thanks for contacting support. I have updated the phone number on your account to (761) 906-1620. Please confirm the change by replying to this email.

Best,
Mark Robinson
Customer Support"
DOC-2801,email,"Hi Anthony Martinez,

Thanks for contacting support. I have updated the phone number on your account to (694) 235-4813. Please confirm the change by replying to this email.

Best,
Charles Davis
Customer Support"
DOC-2802,email,"Hi team,

Reminder that the office will be closed next Monday for the public holiday. Please submit timesheets by Friday.

Thanks,
Facilities"
DOC-2803,email,"Hi team,

Please add Jennifer Gonzalez (patricia.young@outlook.com) to the distribution list. Their direct line is (350) 813-0566.

Thanks,
Richard Thompson"
DOC-2804,email,"Hi Susan Brown,

Thanks for contacting support. I have updated the phone number on your account to 708-716-3835. Please confirm the change by replying to this email.

Best,
John Clark
Customer Support"
DOC-2805,medical_record,"Lab results for Linda Hernandez (April 26, 1964):"
DOC-2806,email,"Hi Steven Smith,

Thanks for contacting support. I have updated the phone number on your account to 489-256-2630. Please confirm the change by replying to this email.

Best,
Anthony Jones
Customer Support"
DOC-2807,invoice,"INVOICE INV-2023-186422
Date: 01/13/2022
Bill to: Susan Garcia
8569 Lake Rd, Salem, OR 24391
Card charged: 6214-2765-6570-7622
Amount: $2,178.08
Questions? Contact billing at linda.clark@gmail.com or 894-342-1051."
DOC-2808,email,"Hi Mary Torres,

Thanks for contacting support. I have updated the phone number on your account to (460) 974-1053. Please confirm the change by replying to this email.

Best,
Customer Support"
DOC-2809,email,"Reminder: your appointment is confirmed for next Tuesday. We have your contact as (822) 730-3842 and joseph.hernandez97@postbox.io.

- Jessica Harris, Front Desk"
DOC-2810,intake_form,"VISITOR LOG
All visitors must sign in at reception and wear a badge at all times. Parking is available in Lot B."
DOC-2811,email,"Subject: Password reset request

Hello James Allen,


Security Team"
DOC-2812,medical_record,"STAFF MEMO
Hand hygiene audits will be conducted next week on all wards. Please ensure dispensers are stocked."
DOC-2813,invoice,"Receipt INV-2024-561192 (05/16/2022)
Customer: Steven Johnson
Payment method: card ending 5574
Full card on file: 3493 1639 3483 5574
Total: $3,645.13
Account: ACCT-74360"
DOC-2814,intake_form,"NEW PATIENT REGISTRATION
Full name: Thomas Thomas
Date of birth: 03/23/1959
Home address: 8852 Cedar Blvd, Riverside, CA 93144"
DOC-2815,medical_record,"Patient: Mark Wilson (DOB 01/03/1954)
Diagnosis: gastroesophageal reflux disease
Notes: Patient reports symptoms consistent with gastroesophageal reflux disease. Prescribed standard course of treatment. Follow-up in 30 days. Contact: (444) 959-3370"
DOC-2816,intake_form,"NEW PATIENT REGISTRATION
Full name: Donald Anderson
Date of birth: April 4, 1947
Social Security: 583-67-2888
Home address: 8939 Hillcrest Blvd, Riverside, CA 76855
Preferred contact: lisa.wright@hotmail.com, (447) 496-3749"
DOC-2817,invoice,"Receipt INV-2022-855284 (06/23/2023)
Customer: Nancy Scott
Payment method: card ending 5772
Full card on file: 9701 5422 7095 5772
Total: $4,516.67
Account: ACCT-64396"
DOC-2818,intake_form,"NEW PATIENT REGISTRATION
Full name: Sarah Anderson
Date of birth: December 25, 1980
Social Security: 864-79-2887
Home address: 8938 Main St, Riverside, CA 71465
Preferred contact: ashley.clark58@gmail.com, 367-785-4405"
DOC-2819,email,"
- Andrew Nguyen, Front Desk"
DOC-2820,invoice,"Receipt INV-2022-886022 (11/09/2022)
Customer: Daniel White
Payment method: card ending 6552
Full card on file: 5757 6811 2005 6552
Total: $2,298.25
Account: ACCT-73199"
DOC-2821,intake_form,"PATIENT INTAKE FORM
Name: Mark Smith
DOB: 11/12/2000
SSN: 220-39-5766
Address: 4787 Park Ln, Franklin, TN 31918
Phone: 399-771-4909
Email: emily.rodriguez32@yahoo.com
Emergency contact: Paul Nguyen ((212) 299-7724)"
DOC-2822,medical_record,Lab results for Nancy Young (03/27/1949):
DOC-2823,email,"Subject: Password reset request

Hello Christopher Miller,

We received a reset request for the account andrew.perez7@hotmail.com. If this was you, use the link below. Otherwise call us at 343-393-4037.

Security Team"
DOC-2824,intake_form,"PATIENT INTAKE FORM
Name: Joseph Lee
SSN: 166-88-9598
Address: 5664 Hillcrest Blvd, Milton, FL 84513
Email: kimberly.wright@example-health.org
Emergency contact: Nancy Jones (558-550-6726)"
DOC-2825,email,"Hi Sarah Wright,

Thanks for contacting support. I have updated the phone number on your account to (824) 311-9892. Please confirm the change by replying to this email.

Best,
Michelle Jackson
Customer Support"
DOC-2826,email,"Subject: System maintenance

The portal will be down for maintenance on Sunday from 2am to 4am. No action required."
DOC-2827,intake_form,"VISITOR LOG
All visitors must sign in at reception and wear a badge at all times. Parking is available in Lot B."
DOC-2828,email,"Reminder: your appointment is confirmed for next Tuesday. We have your contact as (421) 302-0335 and barbara.young@yahoo.com.
"
DOC-2829,email,"Reminder: your appointment is confirmed for next Tuesday. We have your contact as 831-856-1114 and margaret.johnson@example-health.org.

- Karen Garcia, Front Desk"
DOC-2830,medical_record,Lab results for Susan Harris (11/03/2005):
DOC-2831,medical_record,"Patient: Sarah Thompson (DOB June 3, 1991)
Diagnosis: Type 2 diabetes mellitus
Notes: Patient reports symptoms consistent with Type 2 diabetes mellitus. Prescribed standard course of treatment. Follow-up in 30 days. Contact: 680-883-2760"
DOC-2832,intake_form,"PATIENT INTAKE FORM
Name: Barbara Walker
DOB: June 6, 1952
Address: 6877 Maple Rd, Franklin, TN 36159
Phone: (980) 740-6916
Email: sandra.davis49@gmail.com"
DOC-2833,medical_record,"Diagnosis: COPD
Notes: Patient reports symptoms consistent with COPD. Prescribed standard course of treatment. Follow-up in 30 days. Contact: 223-261-5387"
DOC-2834,email,"Hi team,

Please add Margaret Thompson (nancy.williams@postbox.io) to the distribution list. Their direct line is (442) 209-2940.

Thanks,
Mary Ramirez"
DOC-2835,email,"Reminder: your appointment is confirmed for next Tuesday. We have your contact as 209-467-2564 and steven.lee@yahoo.com.

- Betty Walker, Front Desk"
DOC-2836,medical_record,"DISCHARGE SUMMARY
Patient name: Christopher Martinez
DOB: 10/08/1948
Primary diagnosis: COPD
Patient advised to contact Matthew Martin at (424) 301-0321 with concerns."
DOC-2837,intake_form,"NEW PATIENT REGISTRATION
Full name: William Smith
Date of birth: 08/19/1962
Social Security: 631-34-4108
Preferred contact: thomas.king@outlook.com, (344) 611-8237"
DOC-2838,invoice,"INVOICE INV-2024-111270
Date: 04/26/2025
Bill to: Daniel Robinson
7119 Cedar Blvd, Madison, WI 50768
Card charged: 0968 0120 0390 8196
Amount: $572.73"
DOC-2839,intake_form,"PATIENT INTAKE FORM
Name: Donna Clark
DOB: 12/23/1942
SSN: 161-17-9017
Phone: (425) 342-2751
Email: lisa.sanchez@yahoo.com
Emergency contact: Joshua Young (630-715-2336)"
DOC-2840,email,"Subject: Password reset request

Hello Lisa Johnson,

We received a reset request for the account margaret.thompson@gmail.com. If this was you, use the link below. Otherwise call us at 393-788-0494.

Security Team"
DOC-2841,medical_record,"STAFF MEMO
Hand hygiene audits will be conducted next week on all wards. Please ensure dispensers are stocked."
DOC-2842,email,"Subject: Password reset request

Hello Kimberly Allen,


Security Team"
DOC-2843,intake_form,"VISITOR LOG
All visitors must sign in at reception and wear a badge at all times. Parking is available in Lot B."
DOC-2844,email,"Subject: System maintenance

The portal will be down for maintenance on Sunday from 2am to 4am. No action required."
DOC-2845,email,"Subject: System maintenance

The portal will be down for maintenance on Sunday from 2am to 4am. No action required."
DOC-2846,intake_form,"NEW PATIENT REGISTRATION
Full name: Barbara Wilson
Date of birth: 11/18/1946
Social Security: 091-84-1353
Home address: 9495 Hillcrest Blvd, Springfield, IL 80635"
DOC-2847,invoice,"INVOICE INV-2025-594392
Date: 11/02/2023
Total due: $4,890.29
Payment terms: net 30. Thank you for your business."
DOC-2848,medical_record,"STAFF MEMO
Hand hygiene audits will be conducted next week on all wards. Please ensure dispensers are stocked."
DOC-2849,email,"Subject: System maintenance

The portal will be down for maintenance on Sunday from 2am to 4am. No action required."
DOC-2850,email,"Subject: System maintenance

The portal will be down for maintenance on Sunday from 2am to 4am. No action required."
DOC-2851,intake_form,"VISITOR LOG
All visitors must sign in at reception and wear a badge at all times. Parking is available in Lot B."
DOC-2852,intake_form,"NEW PATIENT REGISTRATION
Full name: Michelle Lopez
Date of birth: 03/17/1971
Home address: 3358 Washington Ave, Franklin, TN 13238"
DOC-2853,email,"Hi team,

Please add Matthew Wilson (donna.taylor87@hotmail.com) to the distribution list. Their direct line is 488-390-2191.

Thanks,
Susan Jackson"
DOC-2854,invoice,"Receipt INV-2025-623493 (06/21/2025)
Customer: Emily Wilson
Payment method: card ending 9377
Full card on file: 0410 5458 9601 9377
Total: $4,421.03
Account: ACCT-62974"
DOC-2855,email,"Reminder: your appointment is confirmed for next Tuesday. We have your contact as (327) 223-7604 and sandra.allen@outlook.com.

- Christopher Williams, Front Desk"
DOC-2856,email,"Subject: Password reset request

Hello James Lewis,

We received a reset request for the account betty.thompson63@hotmail.com. If this was you, use the link below. Otherwise call us at 604-974-7457.

Security Team"
DOC-2857,medical_record,"Patient: Betty Torres (DOB 07/22/1989)
Diagnosis: hypothyroidism
Notes: Patient reports symptoms consistent with hypothyroidism. Prescribed standard course of treatment. Follow-up in 30 days. Contact: 322-386-0085"
DOC-2858,email,"Subject: Password reset request

Hello Daniel Garcia,


Security Team"
DOC-2859,email,"Reminder: your appointment is confirmed for next Tuesday. We have your contact as (692) 680-9971 and richard.scott31@outlook.com.

- Patricia Martinez, Front Desk"
DOC-2860,email,"Subject: System maintenance

The portal will be down for maintenance on Sunday from 2am to 4am. No action required."
DOC-2861,email,"Hi team,

Reminder that the office will be closed next Monday for the public holiday. Please submit timesheets by Friday.

Thanks,
Facilities"
DOC-2862,invoice,"INVOICE INV-2025-835559
Date: 02/20/2025
Bill to: Jessica Robinson
6911 Pine Ln, Salem, OR 25994
Card charged: 1558 4973 8400 8115
Amount: $2,392.45
Questions? Contact billing at jennifer.hernandez@citymail.net or 690-633-6756."
DOC-2863,email,"Hi team,

Please add Mark Sanchez (mary.gonzalez@hotmail.com) to the distribution list. Their direct line is 654-668-3123.

Thanks,
Jessica Thomas"
DOC-2864,intake_form,"PATIENT INTAKE FORM
Name: Sandra Rodriguez
DOB: October 20, 1947
Address: 2632 Elm St, Riverside, CA 10122
Email: nancy.martin@hotmail.com"
DOC-2865,email,"Hi Lisa Gonzalez,

Thanks for contacting support. I have updated the phone number on your account to 551-970-2261. Please confirm the change by replying to this email.

Best,
Emily Johnson
Customer Support"
DOC-2866,invoice,"INVOICE INV-2023-443107
Date: 07/05/2024
Bill to: Joshua Harris
5209 Maple Rd, Ashland, KY 23883
Card charged: 9447469057923213
Amount: $2,861.10"
DOC-2867,medical_record,"DISCHARGE SUMMARY
Patient name: Kimberly Harris
Primary diagnosis: anxiety disorder
Secondary: gastroesophageal reflux disease
Patient advised to contact Richard Robinson at 904-810-5938 with concerns."
DOC-2868,email,"
- Jennifer Allen, Front Desk"
DOC-2869,invoice,"INVOICE INV-2025-203186
Date: 02/20/2022
Bill to: Christopher Nguyen
9158 Elm St, Salem, OR 78581
Card charged: 0835 2627 3827 6067
Amount: $2,689.55
Questions? Contact billing at betty.martinez@example-health.org or (282) 886-7723."
DOC-2870,medical_record,Findings support a diagnosis of atrial fibrillation. Ordering physician notified via thomas.brown11@citymail.net.
DOC-2871,email,"Reminder: your appointment is confirmed for next Tuesday. We have your contact as (502) 884-1565 and emily.torres17@hotmail.com.

- Jessica Anderson, Front Desk"
DOC-2872,email,"Reminder: your appointment is confirmed for next Tuesday. We have your contact as (639) 342-4223 and donna.nguyen@hotmail.com.

- Joseph Nguyen, Front Desk"
DOC-2873,intake_form,"VISITOR LOG
All visitors must sign in at reception and wear a badge at all times. Parking is available in Lot B."
DOC-2874,intake_form,"NEW PATIENT REGISTRATION
Full name: Mary Flores
Date of birth: 02/10/1965
Social Security: 687-41-4078
Preferred contact: donna.wilson26@gmail.com, 761-805-4209"
DOC-2875,intake_form,"NEW PATIENT REGISTRATION
Full name: Mary Harris
Date of birth: 12/03/1998
Social Security: 137-97-3606
Home address: 9593 Lake Rd, Springfield, IL 12117
Preferred contact: jessica.miller@hotmail.com, (519) 498-3726"
DOC-2876,intake_form,"VISITOR LOG
All visitors must sign in at reception and wear a badge at all times. Parking is available in Lot B."
DOC-2877,email,"Hi team,


Thanks,"
DOC-2878,invoice,"Receipt INV-2025-841880 (01/15/2023)
Customer: William Clark
Payment method: card ending 5388
Full card on file: 7234068877275388
Total: $1,045.13
Account: ACCT-49263"
DOC-2879,invoice,"INVOICE INV-2024-354639
Date: 11/02/2023
Bill to: Michael Sanchez
2309 Park Ln, Ashland, KY 36141
Card charged: 7995-3420-5668-0732
Amount: $990.01
Questions? Contact billing at mark.lee@yahoo.com or (836) 975-8832."
DOC-2880,invoice,"Receipt INV-2025-468058 (03/28/2022)
Customer: Michael Smith
Payment method: card ending 4629
Full card on file: 0199-5009-8726-4629
Total: $4,718.31
Account: ACCT-57352"
DOC-2881,invoice,"Receipt INV-2024-744395 (08/25/2024)
Customer: Thomas Garcia
Payment method: card ending 5896
Full card on file: 5723974247425896
Total: $2,690.11
Account: ACCT-66175"
DOC-2882,email,"Hi team,

Please add Matthew Wilson (linda.sanchez@yahoo.com) to the distribution list. Their direct line is 858-774-9074.

Thanks,
Paul Torres"
DOC-2883,intake_form,"VISITOR LOG
All visitors must sign in at reception and wear a badge at all times. Parking is available in Lot B."
DOC-2884,invoice,"INVOICE INV-2023-223515
Date: 11/05/2022
Bill to: James Rodriguez
597 Park Ln, Ashland, KY 47995
Card charged: 2698-0878-2534-6703
Amount: $4,342.68
Questions? Contact billing at steven.perez@postbox.io or (645) 272-6277."
DOC-2885,intake_form,"PATIENT INTAKE FORM
Name: Betty Ramirez
DOB: 10/17/1991
SSN: 776-27-2624
Phone: (511) 519-6549
Email: jennifer.robinson73@postbox.io"
DOC-2886,email,"Subject: Password reset request

Hello John Anderson,

We received a reset request for the account elizabeth.miller88@gmail.com. If this was you, use the link below. Otherwise call us at (916) 586-7753.

Security Team"
DOC-2887,email,"Subject: System maintenance

The portal will be down for maintenance on Sunday from 2am to 4am. No action required."
DOC-2888,email,"Hi team,

Please add Emily Jackson (charles.thompson14@postbox.io) to the distribution list. Their direct line is 337-714-2807.

Thanks,
William Flores"
DOC-2889,intake_form,"PATIENT INTAKE FORM
Name: Elizabeth Lee
DOB: 08/10/1981
SSN: 375-89-1778
Address: 8281 Cedar Blvd, Georgetown, TX 56097
Email: thomas.white@postbox.io
Emergency contact: Susan Scott (745-290-8226)"
DOC-2890,medical_record,Patient: Donald Rodriguez (DOB 08/22/1982)
DOC-2891,intake_form,"VISITOR LOG
All visitors must sign in at reception and wear a badge at all times. Parking is available in Lot B."
DOC-2892,invoice,"INVOICE INV-2025-619792
Date: 11/27/2022
Bill to: Karen Thompson
6487 Elm St, Salem, OR 88578
Card charged: 9987511948933363
Amount: $2,138.80
Questions? Contact billing at andrew.ramirez@outlook.com or 478-704-1856."
DOC-2893,email,"Subject: System maintenance

The portal will be down for maintenance on Sunday from 2am to 4am. No action required."
DOC-2894,email,"Hi team,

Reminder that the office will be closed next Monday for the public holiday. Please submit timesheets by Friday.

Thanks,
Facilities"
DOC-2895,intake_form,"PATIENT INTAKE FORM
Name: Christopher Robinson
DOB: 02/17/1963
SSN: 346-96-3624
Address: 1612 Maple Rd, Madison, WI 62699
Email: andrew.torres29@citymail.net
Emergency contact: Michelle Moore ((553) 858-2669)"
DOC-2896,intake_form,"PATIENT INTAKE FORM
Name: James Rodriguez
DOB: 11/05/1993
SSN: 354-62-4035
Phone: (792) 663-6686
Email: paul.hernandez@citymail.net
Emergency contact: David Scott ((762) 380-6720)"
DOC-2897,intake_form,"PATIENT INTAKE FORM
Name: Anthony Allen
SSN: 861-76-1501
Address: 8052 Maple Rd, Salem, OR 38564
Phone: 315-974-7459
Email: charles.hernandez@example-health.org
Emergency contact: Joshua Taylor (393-689-8923)"
DOC-2898,intake_form,"NEW PATIENT REGISTRATION
Full name: Karen Lewis
Social Security: 270-80-9096"
DOC-2899,email,"Hi Andrew Moore,

Thanks for contacting support. I have updated the phone number on your account to 257-419-3324. Please confirm the change by replying to this email.

Best,
Andrew Walker
Customer Support"
DOC-2900,intake_form,"NEW PATIENT REGISTRATION
Full name: Sarah Nguyen
Date of birth: 11/18/1944
Social Security: 649-77-1545
Home address: 2407 Cedar Blvd, Ashland, KY 40456"
DOC-2901,intake_form,"PATIENT INTAKE FORM
Name: Betty Nguyen
SSN: 034-78-5116
Address: 8386 Maple Rd, Milton, FL 51050
Phone: (261) 661-7172"
DOC-2902,invoice,"Receipt INV-2023-196625 (06/21/2023)
Customer: Richard Miller
Payment method: card ending 5800
Full card on file: 9419 4926 5118 5800
Total: $4,492.01
Account: ACCT-23304"
DOC-2903,intake_form,"PATIENT INTAKE FORM
Name: Patricia Davis
DOB: 12/08/1978
SSN: 739-86-7775
Address: 8632 Cedar Blvd, Springfield, IL 17073
Phone: (619) 527-7714
Emergency contact: Anthony Perez (765-514-5921)"
DOC-2904,medical_record,"DISCHARGE SUMMARY
Patient name: David Miller
DOB: 12/16/1997
Secondary: hyperlipidemia"
DOC-2905,medical_record,"Lab results for Matthew Lewis (November 1, 1972):"
DOC-2906,email,"Hi Emily Taylor,


Best,
Elizabeth Johnson
Customer Support"
DOC-2907,invoice,"INVOICE INV-2024-992240
Date: 09/03/2023
Bill to: Charles Thomas
1086 Lake Rd, Riverside, CA 47562
Card charged: 5826 0960 0750 7972
Amount: $569.51
Questions? Contact billing at david.jones59@gmail.com or 622-619-8090."
DOC-2908,intake_form,"PATIENT INTAKE FORM
Name: Margaret Thomas
DOB: 07/03/1967
SSN: 601-22-3900
Address: 9865 Elm St, Fairview, OH 67085
Phone: 572-668-2656
Email: elizabeth.scott64@gmail.com
Emergency contact: Steven Taylor (890-317-4985)"
DOC-2909,invoice,"Receipt INV-2023-736224 (08/20/2022)
Customer: John King
Payment method: card ending 3227
Full card on file: 1460499129363227
Total: $1,760.97
Account: ACCT-19579"
DOC-2910,email,"Reminder: your appointment is confirmed for next Tuesday. We have your contact as 701-450-8818 and matthew.walker@example-health.org.

- Margaret White, Front Desk"
DOC-2911,email,"Subject: Password reset request

Hello Michelle Lewis,


Security Team"
DOC-2912,intake_form,"PATIENT INTAKE FORM
Name: Ashley Brown
DOB: March 24, 1970
SSN: 304-74-1054
Address: 739 Cedar Blvd, Madison, WI 50070
Phone: 399-659-4386
Email: lisa.lewis@hotmail.com"
DOC-2913,medical_record,"STAFF MEMO
Hand hygiene audits will be conducted next week on all wards. Please ensure dispensers are stocked."
DOC-2914,medical_record,"Patient: Jessica Walker (DOB 12/03/1955)
Diagnosis: atrial fibrillation
Notes: Patient reports symptoms consistent with atrial fibrillation. Prescribed standard course of treatment. Follow-up in 30 days. Contact: 321-674-0502"
DOC-2915,email,"Subject: Password reset request

Hello Emily Miller,

We received a reset request for the account margaret.nguyen@yahoo.com. If this was you, use the link below. Otherwise call us at 918-926-8910.

Security Team"
DOC-2916,medical_record,Lab results for Emily Lewis (11/02/1957):
DOC-2917,invoice,"INVOICE INV-2024-651646
Date: 07/12/2022
Total due: $2,856.03
Payment terms: net 30. Thank you for your business."
DOC-2918,email,"Hi Paul Brown,


Best,
Betty Johnson
Customer Support"
DOC-2919,email,"Hi team,

Please add Susan Wright (robert.johnson@yahoo.com) to the distribution list. Their direct line is (937) 823-9873.

Thanks,
Ashley King"
DOC-2920,intake_form,"PATIENT INTAKE FORM
Name: Andrew Miller
SSN: 678-88-1804
Address: 1597 Washington Ave, Fairview, OH 64918
Phone: 756-242-0511
Email: donald.lopez@yahoo.com"
DOC-2921,intake_form,"PATIENT INTAKE FORM
Name: Patricia Lee
SSN: 148-38-2147
Address: 4439 Elm St, Fairview, OH 36474
Phone: (861) 401-4221
Emergency contact: Karen Gonzalez ((207) 344-5423)"
DOC-2922,medical_record,"DISCHARGE SUMMARY
Patient name: Karen Young
DOB: 01/20/1969
Primary diagnosis: major depressive disorder
Secondary: major depressive disorder
Patient advised to contact Mary Lewis at (855) 938-9114 with concerns."
DOC-2923,intake_form,"PATIENT INTAKE FORM
Name: John Jones
DOB: 11/02/2004
SSN: 761-61-1368
Address: 3583 Cedar Blvd, Madison, WI 73020
Phone: 922-534-0393
Emergency contact: Lisa Miller (315-604-3871)"
DOC-2924,email,"Subject: Password reset request

Hello William Sanchez,


Security Team"
DOC-2925,invoice,"INVOICE INV-2023-734785
Date: 11/28/2024
Total due: $4,728.99
Payment terms: net 30. Thank you for your business."
DOC-2926,medical_record,"DISCHARGE SUMMARY
Patient name: Sandra Scott
DOB: 11/13/1985
Primary diagnosis: osteoporosis
Secondary: asthma"
DOC-2927,invoice,"INVOICE INV-2022-636285
Date: 07/01/2025
Bill to: Patricia Brown
5521 Pine Ln, Franklin, TN 59201
Card charged: 0302 9309 5872 0205
Amount: $1,845.81
Questions? Contact billing at patricia.johnson@outlook.com or (565) 602-9732."
DOC-2928,email,"Hi Daniel Anderson,

Thanks for contacting support. I have updated the phone number on your account to (560) 830-6877. Please confirm the change by replying to this email.

Best,
Ashley Clark
Customer Support"
DOC-2929,intake_form,"NEW PATIENT REGISTRATION
Full name: Matthew Young
Date of birth: 09/18/1973
Social Security: 593-22-4493
Home address: 3885 Maple Rd, Springfield, IL 75396
Preferred contact: lisa.sanchez@gmail.com, 516-454-1145"
DOC-2930,email,"Hi team,


Thanks,
Anthony Anderson"
DOC-2931,email,"Hi team,

Please add Jennifer White (daniel.torres@example-health.org) to the distribution list. Their direct line is (688) 232-3085.

Thanks,
Linda King"
DOC-2932,medical_record,"DISCHARGE SUMMARY
Patient name: James Rodriguez
DOB: 07/19/1948
Primary diagnosis: hypertension
Secondary: hypothyroidism
Patient advised to contact Emily Jones at (432) 550-6382 with concerns."
DOC-2933,medical_record,"DISCHARGE SUMMARY
Patient name: Daniel Garcia
Primary diagnosis: COPD
Secondary: gastroesophageal reflux disease
Patient advised to contact Joshua Lopez at 678-243-5788 with concerns."
DOC-2934,email,"Reminder: your appointment is confirmed for next Tuesday. We have your contact as (514) 204-9972 and david.harris@citymail.net.

- Steven Robinson, Front Desk"
DOC-2935,invoice,"INVOICE INV-2023-474210
Date: 11/25/2025
Total due: $4,197.02
Payment terms: net 30. Thank you for your business."
DOC-2936,email,"Hi Charles King,

Thanks for contacting support. I have updated the phone number on your account to 507-754-9897. Please confirm the change by replying to this email.

Best,
Matthew Perez
Customer Support"
DOC-2937,email,"Hi Jessica Scott,

Thanks for contacting support. I have updated the phone number on your account to 385-948-1963. Please confirm the change by replying to this email.

Best,
David Flores
Customer Support"
DOC-2938,email,"Reminder: your appointment is confirmed for next Tuesday. We have your contact as 694-530-7044 and anthony.white@citymail.net.
"
DOC-2939,medical_record,"STAFF MEMO
Hand hygiene audits will be conducted next week on all wards. Please ensure dispensers are stocked."
DOC-2940,invoice,"Receipt INV-2022-606612 (12/13/2023)
Customer: Paul Robinson
Payment method: card ending 1591
Full card on file: 4726-7326-8136-1591
Total: $1,462.86
Account: ACCT-16020"
DOC-2941,invoice,"Receipt INV-2022-382669 (03/03/2024)
Customer: Karen Nguyen
Payment method: card ending 2316
Full card on file: 5962413245912316
Total: $1,233.43
Account: ACCT-78237"
DOC-2942,email,"Hi Thomas Anderson,


Best,
Daniel Brown
Customer Support"
DOC-2943,medical_record,"DISCHARGE SUMMARY
Patient name: Michelle Rodriguez
DOB: 05/19/1964
Secondary: osteoporosis
Patient advised to contact William Lewis at 262-629-0177 with concerns."
DOC-2944,medical_record,"STAFF MEMO
Hand hygiene audits will be conducted next week on all wards. Please ensure dispensers are stocked."
DOC-2945,intake_form,"PATIENT INTAKE FORM
Name: Jennifer Miller
DOB: 01/02/1998
SSN: 295-50-6445
Address: 494 Main St, Milton, FL 22397
Phone: (363) 970-7731
Email: donald.hernandez5@citymail.net
Emergency contact: Paul Jackson ((216) 360-7287)"
DOC-2946,email,"
- Sarah Harris, Front Desk"
DOC-2947,invoice,"Receipt INV-2023-355464 (02/03/2023)
Customer: Joseph Harris
Payment method: card ending 3544
Full card on file: 7492 8187 1136 3544
Total: $446.55
Account: ACCT-74101"
DOC-2948,email,"Subject: Password reset request

Hello Andrew Torres,


Security Team"
DOC-2949,medical_record,"DISCHARGE SUMMARY
Patient name: Betty Lewis
DOB: 07/09/1946
Secondary: chronic kidney disease
Patient advised to contact Mary Lee at (692) 650-6974 with concerns."
DOC-2950,email,"Hi team,

Please add Michael Lewis (karen.taylor@gmail.com) to the distribution list. Their direct line is (449) 980-8635.

Thanks,
Christopher Wright"
DOC-2951,email,"Hi Ashley Walker,

Thanks for contacting support. I have updated the phone number on your account to (832) 815-8396. Please confirm the change by replying to this email.

Best,
Charles Wilson
Customer Support"
DOC-2952,medical_record,"DISCHARGE SUMMARY
Patient name: Betty Davis
Primary diagnosis: hypothyroidism
Patient advised to contact Linda Ramirez at (810) 260-7884 with concerns."
DOC-2953,email,"Hi team,


Thanks,
Matthew Taylor"
DOC-2954,intake_form,"PATIENT INTAKE FORM
Name: Susan Scott
DOB: 03/08/1961
SSN: 470-50-5338
Phone: 541-826-2163
Email: mary.jones70@postbox.io
Emergency contact: Paul Lewis (355-247-6704)"
DOC-2955,email,"Hi Robert Sanchez,

Thanks for contacting support. I have updated the phone number on your account to (920) 635-3485. Please confirm the change by replying to this email.

Best,
Michelle Perez
Customer Support"
DOC-2956,medical_record,"DISCHARGE SUMMARY
Patient name: Sandra Johnson
Primary diagnosis: psoriasis
Patient advised to contact James Smith at 422-736-1259 with concerns."
DOC-2957,email,"Hi team,

Please add Paul Lee (emily.jackson@outlook.com) to the distribution list. Their direct line is (607) 270-4512.

Thanks,
Mark King"
DOC-2958,medical_record,"Diagnosis: osteoporosis
Notes: Patient reports symptoms consistent with osteoporosis. Prescribed standard course of treatment. Follow-up in 30 days. Contact: (353) 467-6668"
DOC-2959,medical_record,"STAFF MEMO
Hand hygiene audits will be conducted next week on all wards. Please ensure dispensers are stocked."
DOC-2960,medical_record,"DISCHARGE SUMMARY
Patient name: Lisa Young
Primary diagnosis: atrial fibrillation
Secondary: osteoporosis"
DOC-2961,email,"Hi team,

Please add Joshua Williams (john.gonzalez24@postbox.io) to the distribution list. Their direct line is (854) 560-7561.

Thanks,
Karen Jackson"
DOC-2962,email,"Hi team,

Please add Christopher Lewis (susan.hill29@hotmail.com) to the distribution list. Their direct line is (473) 372-6531.

Thanks,
Paul Thompson"
DOC-2963,medical_record,"DISCHARGE SUMMARY
Patient name: Susan Torres
DOB: 10/26/1986
Primary diagnosis: major depressive disorder
Patient advised to contact David Smith at 682-263-4051 with concerns."
DOC-2964,invoice,"Receipt INV-2022-164002 (03/11/2024)
Customer: Charles Wright
Payment method: card ending 9184
Total: $3,763.65
Account: ACCT-77620"
DOC-2965,invoice,"INVOICE INV-2024-630337
Date: 06/03/2022
Bill to: Susan Johnson
611 Maple Rd, Franklin, TN 40350
Card charged: 7354053340164780
Amount: $590.93"
DOC-2966,medical_record,"Patient: David Johnson (DOB 02/12/1990)
Diagnosis: atrial fibrillation
Notes: Patient reports symptoms consistent with atrial fibrillation. Prescribed standard course of treatment. Follow-up in 30 days. Contact: (230) 281-9825"
DOC-2967,email,"Reminder: your appointment is confirmed for next Tuesday. We have your contact as (387) 343-5283 and john.lewis@example-health.org.

- John Robinson, Front Desk"
DOC-2968,email,"Hi team,

Please add Sarah Young (mary.robinson93@gmail.com) to the distribution list. Their direct line is 629-643-0838.

Thanks,"
DOC-2969,medical_record,Patient: William Garcia (DOB 12/20/2005)
DOC-2970,medical_record,"Lab results for Donald King (04/04/1981):
Findings support a diagnosis of hypertension. Ordering physician notified via william.robinson@yahoo.com."
DOC-2971,email,"Subject: System maintenance

The portal will be down for maintenance on Sunday from 2am to 4am. No action required."
DOC-2972,intake_form,"PATIENT INTAKE FORM
Name: Richard Anderson
Address: 5363 Maple Rd, Springfield, IL 38136
Email: emily.davis@example-health.org
Emergency contact: Sandra Allen ((524) 657-5222)"
DOC-2973,email,"Hi Jessica Brown,

Thanks for contacting support. I have updated the phone number on your account to 777-973-9613. Please confirm the change by replying to this email.

Best,
Barbara Hill
Customer Support"
DOC-2974,email,"Subject: Password reset request

Hello John Thompson,


Security Team"
DOC-2975,medical_record,"STAFF MEMO
Hand hygiene audits will be conducted next week on all wards. Please ensure dispensers are stocked."
DOC-2976,email,"
- Sarah Flores, Front Desk"
DOC-2977,invoice,"Receipt INV-2022-936192 (06/26/2024)
Customer: Barbara Davis
Payment method: card ending 5472
Full card on file: 6359244450765472
Total: $1,995.79
Account: ACCT-91723"
DOC-2978,intake_form,"PATIENT INTAKE FORM
Name: Karen Rodriguez
DOB: 12/17/1980
SSN: 763-47-2376
Address: 2746 Maple Rd, Riverside, CA 10164
Phone: (396) 999-7684
Email: anthony.smith@outlook.com"
DOC-2979,intake_form,"PATIENT INTAKE FORM
Name: Joshua Johnson
DOB: 12/11/1971
Address: 3912 Cedar Blvd, Georgetown, TX 22735"
DOC-2980,email,"Hi team,

Reminder that the office will be closed next Monday for the public holiday. Please submit timesheets by Friday.

Thanks,
Facilities"
DOC-2981,medical_record,"Lab results for Daniel Jackson (06/12/2003):
Findings support a diagnosis of anxiety disorder. Ordering physician notified via michelle.king@yahoo.com."
DOC-2982,email,"Hi Jennifer Torres,

Thanks for contacting support. I have updated the phone number on your account to 904-738-3062. Please confirm the change by replying to this email.

Best,
Sandra Davis
Customer Support"
DOC-2983,intake_form,"NEW PATIENT REGISTRATION
Full name: Ashley Jackson
Date of birth: 05/04/1973
Social Security: 387-56-7368
Home address: 7986 Pine Ln, Georgetown, TX 54027
Preferred contact: joshua.king@example-health.org, (276) 420-2383"
DOC-2984,email,"Hi team,

Please add Andrew Garcia (richard.miller@hotmail.com) to the distribution list. Their direct line is 942-580-2344.

Thanks,
Karen Brown"
DOC-2985,medical_record,"Patient: Elizabeth Nguyen (DOB 08/06/1972)
Diagnosis: hyperlipidemia
Notes: Patient reports symptoms consistent with hyperlipidemia. Prescribed standard course of treatment. Follow-up in 30 days. Contact: (615) 989-3671"
DOC-2986,medical_record,"Patient: Elizabeth Martinez (DOB 12/14/1996)
Diagnosis: migraine"
DOC-2987,medical_record,"Lab results for Donald Thompson (01/07/2002):
Findings support a diagnosis of Type 2 diabetes mellitus. Ordering physician notified via michelle.lewis16@postbox.io."
DOC-2988,intake_form,"PATIENT INTAKE FORM
Name: Emily Robinson
SSN: 897-50-2209"
DOC-2989,invoice,"Receipt INV-2025-905326 (01/21/2022)
Customer: Mary Jackson
Payment method: card ending 0209
Full card on file: 7873 7480 5217 0209
Total: $1,883.15
Account: ACCT-64557"
DOC-2990,intake_form,"PATIENT INTAKE FORM
Name: Patricia Lewis
DOB: 02/19/2001
SSN: 508-65-8030
Address: 6694 Pine Ln, Riverside, CA 60427
Phone: 252-614-4366
Emergency contact: Karen Moore (881-339-4700)"
DOC-2991,intake_form,"NEW PATIENT REGISTRATION
Full name: Jessica Miller
Date of birth: 06/06/1983
Social Security: 277-21-7637
Home address: 3091 Hillcrest Blvd, Georgetown, TX 21615"
DOC-2992,email,"
- Karen Lopez, Front Desk"
DOC-2993,email,"Subject: Password reset request

Hello Christopher Wright,

We received a reset request for the account betty.davis@gmail.com. If this was you, use the link below. Otherwise call us at (266) 842-4210.

Security Team"
DOC-2994,intake_form,"PATIENT INTAKE FORM
Name: Matthew Rodriguez
DOB: 06/15/2000
SSN: 247-33-0542
Address: 1660 Main St, Madison, WI 24805
Phone: 860-892-3656
Email: emily.flores@example-health.org
Emergency contact: Donald Jackson ((752) 210-2765)"
DOC-2995,email,"Hi Betty Flores,

Thanks for contacting support. I have updated the phone number on your account to 734-326-5190. Please confirm the change by replying to this email.

Best,
Christopher Ramirez
Customer Support"
DOC-2996,email,"Hi team,

Please add Barbara Moore (william.lee@hotmail.com) to the distribution list. Their direct line is (583) 730-9704.

Thanks,
Richard Thomas"
DOC-2997,intake_form,"NEW PATIENT REGISTRATION
Full name: Mark Robinson
Social Security: 158-75-0397
Home address: 8252 Park Ln, Franklin, TN 69904
Preferred contact: john.martin@postbox.io, 900-491-6175"
DOC-2998,email,"Hi Matthew Jackson,

Thanks for contacting support. I have updated the phone number on your account to (368) 864-0566. Please confirm the change by replying to this email.

Best,
Customer Support"
DOC-2999,invoice,"INVOICE INV-2022-945443
Date: 12/12/2024
Total due: $2,035.24
Payment terms: net 30. Thank you for your business."
DOC-3000,email,"Subject: System maintenance

The portal will be down for maintenance on Sunday from 2am to 4am. No action required."
