doc_id,entity_type,value
DOC-0003,PERSON,Mark Nguyen
DOC-0003,SSN,716-64-5574
DOC-0003,ADDRESS,"3628 Pine Ln, Franklin, TN 54118"
DOC-0003,PHONE,(304) 294-6224
DOC-0003,EMAIL,daniel.thompson@postbox.io
DOC-0003,PERSON,Robert Robinson
DOC-0003,PHONE,(749) 327-6201
DOC-0004,PERSON,Lisa Thompson
DOC-0004,DOB,11/09/1966
DOC-0004,SSN,701-92-1169
DOC-0004,EMAIL,emily.anderson@postbox.io
DOC-0004,PERSON,Patricia Anderson
DOC-0004,PHONE,232-523-6572
DOC-0005,PERSON,Joseph Rodriguez
DOC-0005,DOB,"August 3, 2005"
DOC-0005,SSN,883-24-2504
DOC-0005,ADDRESS,"9872 Maple Rd, Madison, WI 18326"
DOC-0005,EMAIL,matthew.harris@example-health.org
DOC-0005,PHONE,(457) 766-0188
DOC-0006,PERSON,Steven Hill
DOC-0006,PHONE,743-200-9813
DOC-0007,PERSON,Donald Scott
DOC-0007,DOB,"May 17, 1961"
DOC-0008,PERSON,John Brown
DOC-0008,DOB,"February 2, 1969"
DOC-0008,SSN,073-75-3899
DOC-0008,ADDRESS,"3611 Pine Ln, Salem, OR 80678"
DOC-0008,PHONE,335-940-9355
DOC-0008,EMAIL,jessica.walker@gmail.com
DOC-0008,PERSON,Michael Ramirez
DOC-0008,PHONE,562-633-6735
DOC-0009,PHONE,(763) 300-0828
DOC-0009,EMAIL,jennifer.thomas@hotmail.com
DOC-0009,PERSON,Donald Wilson
DOC-0010,PERSON,Ashley Martinez
DOC-0010,DOB,"May 7, 1964"
DOC-0010,MEDICAL,hypertension
DOC-0011,PERSON,Michelle Garcia
DOC-0011,ADDRESS,"9361 Washington Ave, Milton, FL 78522"
DOC-0011,CREDIT_CARD,5435 3462 4751 0791
DOC-0011,EMAIL,paul.wilson@yahoo.com
DOC-0012,PERSON,Emily Martinez
DOC-0012,ADDRESS,"3551 Pine Ln, Clinton, NY 54942"
DOC-0012,CREDIT_CARD,3487401640052428
DOC-0012,EMAIL,margaret.scott@gmail.com
DOC-0013,PERSON,Daniel Scott
DOC-0013,PERSON,David Lopez
DOC-0015,PERSON,John Moore
DOC-0015,MEDICAL,atrial fibrillation
DOC-0015,MEDICAL,Type 2 diabetes mellitus
DOC-0015,PHONE,(382) 794-4349
DOC-0016,PERSON,Lisa Ramirez
DOC-0016,DOB,11/11/1948
DOC-0016,SSN,681-25-4920
DOC-0016,ADDRESS,"6792 Hillcrest Blvd, Clinton, NY 52753"
DOC-0016,PHONE,(612) 913-4844
DOC-0016,EMAIL,richard.clark@citymail.net
DOC-0016,PERSON,Barbara Flores
DOC-0016,PHONE,(782) 508-6653
DOC-0017,PERSON,Jessica Martin
DOC-0017,MEDICAL,rheumatoid arthritis
DOC-0017,PHONE,686-825-1193
DOC-0018,PERSON,Joseph Lopez
DOC-0018,CREDIT_CARD,8708-3172-7889-5798
DOC-0019,PERSON,Jessica Moore
DOC-0019,DOB,02/23/1996
DOC-0019,SSN,279-52-5238
DOC-0019,ADDRESS,"2368 Hillcrest Blvd, Riverside, CA 29769"
DOC-0019,EMAIL,joseph.harris@citymail.net
DOC-0019,PHONE,419-265-6797
DOC-0021,PERSON,Margaret Young
DOC-0021,CREDIT_CARD,0656 2729 8069 9013
DOC-0022,PERSON,Thomas Garcia
DOC-0022,DOB,01/24/2000
DOC-0022,MEDICAL,osteoporosis
DOC-0022,MEDICAL,rheumatoid arthritis
DOC-0022,PERSON,John Williams
DOC-0022,PHONE,(972) 231-4051
DOC-0023,PERSON,Karen Miller
DOC-0023,ADDRESS,"5212 Park Ln, Springfield, IL 85470"
DOC-0023,CREDIT_CARD,6631 9314 9190 5865
DOC-0023,EMAIL,steven.perez@postbox.io
DOC-0023,PHONE,701-308-7102
DOC-0024,PERSON,Jennifer Moore
DOC-0024,DOB,04/25/1997
DOC-0024,MEDICAL,anxiety disorder
DOC-0027,PERSON,Daniel Robinson
DOC-0027,EMAIL,sarah.martin@gmail.com
DOC-0027,PERSON,Paul Lopez
DOC-0028,PERSON,Paul Rodriguez
DOC-0028,PHONE,480-246-0893
DOC-0029,PERSON,Betty Young
DOC-0029,EMAIL,margaret.martin73@gmail.com
DOC-0029,PHONE,(824) 957-1625
DOC-0030,PERSON,Sandra Jones
DOC-0030,EMAIL,joseph.taylor81@citymail.net
DOC-0030,PHONE,(402) 635-1880
DOC-0030,PERSON,Elizabeth Moore
DOC-0031,PERSON,Mark Garcia
DOC-0031,DOB,07/24/1945
DOC-0031,SSN,257-13-1496
DOC-0031,PHONE,731-867-7245
DOC-0032,PERSON,Emily Williams
DOC-0032,SSN,119-61-8431
DOC-0032,ADDRESS,"7670 Main St, Ashland, KY 64165"
DOC-0032,EMAIL,patricia.gonzalez@example-health.org
DOC-0032,PHONE,(974) 710-7242
DOC-0033,PERSON,Linda Robinson
DOC-0033,EMAIL,linda.martinez64@outlook.com
DOC-0033,PHONE,721-922-4479
DOC-0034,PERSON,Nancy Allen
DOC-0034,CREDIT_CARD,4044-9972-7875-5886
DOC-0035,PERSON,Matthew Martinez
DOC-0035,DOB,01/05/2003
DOC-0035,SSN,605-52-1644
DOC-0035,ADDRESS,"8718 Lake Rd, Riverside, CA 69890"
DOC-0035,EMAIL,james.martinez53@yahoo.com
DOC-0035,PHONE,276-680-4342
DOC-0036,PERSON,Joseph Garcia
DOC-0036,DOB,02/25/1995
DOC-0036,ADDRESS,"575 Maple Rd, Clinton, NY 16028"
DOC-0036,EMAIL,christopher.brown@outlook.com
DOC-0036,PHONE,641-349-4000
DOC-0037,PERSON,Paul Hernandez
DOC-0037,EMAIL,john.lewis45@outlook.com
DOC-0037,PHONE,854-634-4097
DOC-0037,PERSON,Karen Gonzalez
DOC-0038,PERSON,James Torres
DOC-0038,CREDIT_CARD,0974395339421040
DOC-0039,PERSON,Kimberly Allen
DOC-0039,DOB,"March 9, 1974"
DOC-0039,MEDICAL,psoriasis
DOC-0039,MEDICAL,COPD
DOC-0039,PERSON,Nancy Davis
DOC-0039,PHONE,(679) 277-2306
DOC-0040,PERSON,Joseph Walker
DOC-0040,MEDICAL,rheumatoid arthritis
DOC-0041,PERSON,Donna Martinez
DOC-0041,DOB,"November 4, 1993"
DOC-0041,SSN,631-62-4583
DOC-0041,EMAIL,mark.thomas@citymail.net
DOC-0041,PHONE,(576) 757-5876
DOC-0042,PERSON,Susan Nguyen
DOC-0042,DOB,"April 11, 1967"
DOC-0042,MEDICAL,Type 2 diabetes mellitus
DOC-0042,EMAIL,sarah.martinez17@outlook.com
DOC-0044,PERSON,Kimberly Martin
DOC-0044,PHONE,(669) 858-0510
DOC-0045,PERSON,Matthew Hill
DOC-0045,PHONE,(640) 301-1874
DOC-0045,PERSON,Margaret Lewis
DOC-0046,PHONE,(268) 293-1398
DOC-0046,EMAIL,margaret.miller96@outlook.com
DOC-0046,PERSON,William Scott
DOC-0047,PERSON,Patricia Jackson
DOC-0047,DOB,06/04/1979
DOC-0047,MEDICAL,chronic kidney disease
DOC-0047,EMAIL,elizabeth.walker@outlook.com
DOC-0048,PERSON,Mary Lopez
DOC-0048,EMAIL,sarah.martin@gmail.com
DOC-0048,PHONE,385-346-9278
DOC-0048,PERSON,John Martinez
DOC-0049,PERSON,Patricia Martinez
DOC-0049,DOB,10/02/1960
DOC-0049,MEDICAL,migraine
DOC-0049,PHONE,653-877-6947
DOC-0053,PERSON,Linda Sanchez
DOC-0053,DOB,"June 6, 1942"
DOC-0053,SSN,633-68-5928
DOC-0053,ADDRESS,"1835 Oak Ave, Madison, WI 41891"
DOC-0053,EMAIL,margaret.nguyen52@gmail.com
DOC-0053,PHONE,(605) 517-5562
DOC-0055,PERSON,Andrew Flores
DOC-0055,MEDICAL,asthma
DOC-0055,MEDICAL,psoriasis
DOC-0055,PERSON,Mark Martin
DOC-0055,PHONE,481-805-0920
DOC-0056,PERSON,Mark Torres
DOC-0056,DOB,06/20/1964
DOC-0056,SSN,155-17-7381
DOC-0056,ADDRESS,"1482 Oak Ave, Fairview, OH 76132"
DOC-0056,PHONE,(861) 376-0641
DOC-0056,EMAIL,mark.lewis68@example-health.org
DOC-0056,PERSON,David White
DOC-0057,PERSON,Karen Sanchez
DOC-0057,EMAIL,william.hill@outlook.com
DOC-0057,PHONE,(772) 585-5381
DOC-0057,PERSON,Kimberly Garcia
DOC-0058,PERSON,Michael Allen
DOC-0058,CREDIT_CARD,8805929622292704
DOC-0059,PERSON,Lisa Torres
DOC-0059,DOB,08/25/1996
DOC-0059,PHONE,(714) 740-6859
DOC-0060,PERSON,Sarah Lewis
DOC-0060,ADDRESS,"7268 Hillcrest Blvd, Franklin, TN 22021"
DOC-0060,CREDIT_CARD,3750 6068 5361 5300
DOC-0060,EMAIL,nancy.martinez@outlook.com
DOC-0061,PERSON,Jessica Clark
DOC-0061,PERSON,Linda Young
DOC-0062,PERSON,Kimberly White
DOC-0062,DOB,09/18/1948
DOC-0062,SSN,520-80-0333
DOC-0062,PHONE,(596) 582-4155
DOC-0062,EMAIL,daniel.jones@citymail.net
DOC-0062,PHONE,(952) 974-5447
DOC-0063,PERSON,Karen Allen
DOC-0063,DOB,09/16/1990
DOC-0063,MEDICAL,chronic kidney disease
DOC-0063,MEDICAL,COPD
DOC-0063,PERSON,Daniel Brown
DOC-0063,PHONE,(871) 539-4476
DOC-0065,PERSON,Mark Thompson
DOC-0065,DOB,"January 24, 1997"
DOC-0065,SSN,362-88-7126
DOC-0065,ADDRESS,"1330 Pine Ln, Springfield, IL 97973"
DOC-0065,PHONE,(852) 615-5952
DOC-0065,EMAIL,mary.martinez78@postbox.io
DOC-0065,PERSON,Mark Williams
DOC-0065,PHONE,329-268-3866
DOC-0066,PHONE,(730) 596-9202
DOC-0066,EMAIL,thomas.taylor@yahoo.com
DOC-0067,PERSON,Daniel Jones
DOC-0067,DOB,05/28/1977
DOC-0067,MEDICAL,osteoporosis
DOC-0067,PERSON,Steven Anderson
DOC-0067,PHONE,(324) 405-2275
DOC-0068,PERSON,William Lee
DOC-0068,DOB,08/15/1949
DOC-0068,SSN,353-26-9032
DOC-0068,PHONE,(714) 256-2034
DOC-0068,PERSON,Joseph Thompson
DOC-0068,PHONE,731-490-1292
DOC-0069,PERSON,Mary Garcia
DOC-0069,DOB,11/25/1945
DOC-0069,SSN,668-36-9373
DOC-0069,ADDRESS,"597 Washington Ave, Milton, FL 75278"
DOC-0069,PHONE,842-758-4745
DOC-0069,EMAIL,donald.thomas@outlook.com
DOC-0069,PERSON,Sandra Jones
DOC-0069,PHONE,905-261-2589
DOC-0070,PERSON,Sarah Lewis
DOC-0070,PHONE,(453) 344-1586
DOC-0070,PERSON,Charles Harris
DOC-0071,PERSON,Ashley Johnson
DOC-0071,DOB,07/17/1951
DOC-0071,SSN,247-37-9557
DOC-0071,ADDRESS,"929 Elm St, Springfield, IL 46877"
DOC-0071,EMAIL,ashley.hill84@hotmail.com
DOC-0072,PERSON,Michelle Flores
DOC-0072,DOB,03/04/1955
DOC-0072,SSN,815-53-9139
DOC-0072,ADDRESS,"3362 Elm St, Franklin, TN 88966"
DOC-0072,EMAIL,steven.sanchez@gmail.com
DOC-0072,PHONE,239-340-5456
DOC-0073,PERSON,Donald Johnson
DOC-0073,SSN,427-84-5040
DOC-0073,EMAIL,donna.torres30@gmail.com
DOC-0073,PHONE,797-691-2793
DOC-0074,PERSON,Patricia Rodriguez
DOC-0074,DOB,"September 11, 1966"
DOC-0074,MEDICAL,psoriasis
DOC-0074,EMAIL,kimberly.harris@hotmail.com
DOC-0075,PERSON,Susan Young
DOC-0075,CREDIT_CARD,5758441986652401
DOC-0076,PERSON,William Miller
DOC-0076,EMAIL,michelle.nguyen@gmail.com
DOC-0076,PHONE,(885) 743-3697
DOC-0077,PERSON,Donald Gonzalez
DOC-0077,DOB,06/10/1976
DOC-0077,MEDICAL,rheumatoid arthritis
DOC-0077,PERSON,Paul Williams
DOC-0077,PHONE,(379) 627-2880
DOC-0078,PERSON,Steven Robinson
DOC-0078,DOB,04/26/1974
DOC-0078,SSN,167-68-4215
DOC-0078,ADDRESS,"5624 Maple Rd, Springfield, IL 48669"
DOC-0078,PHONE,(781) 890-3164
DOC-0078,PERSON,Jennifer Sanchez
DOC-0078,PHONE,(885) 297-3027
DOC-0080,PERSON,Donald Martinez
DOC-0080,DOB,12/20/1998
DOC-0080,ADDRESS,"4155 Hillcrest Blvd, Georgetown, TX 99173"
DOC-0080,PHONE,972-810-1341
DOC-0080,EMAIL,kimberly.white10@gmail.com
DOC-0080,PERSON,Patricia Scott
DOC-0080,PHONE,(717) 407-9383
DOC-0081,PERSON,Mary Sanchez
DOC-0081,PHONE,274-246-6941
DOC-0081,PERSON,John Wright
DOC-0082,PERSON,Mark Harris
DOC-0083,PERSON,Robert Clark
DOC-0083,PHONE,(829) 984-0256
DOC-0083,PERSON,Susan Jones
DOC-0084,PERSON,Steven Jackson
DOC-0084,DOB,12/19/1969
DOC-0084,MEDICAL,atrial fibrillation
DOC-0084,PHONE,(442) 509-2347
DOC-0085,PERSON,Anthony Clark
DOC-0085,DOB,05/13/1959
DOC-0085,MEDICAL,psoriasis
DOC-0085,MEDICAL,rheumatoid arthritis
DOC-0085,PERSON,Joseph Martin
DOC-0086,PERSON,Matthew Hill
DOC-0086,DOB,"February 7, 1945"
DOC-0086,MEDICAL,chronic kidney disease
DOC-0086,MEDICAL,psoriasis
DOC-0086,PERSON,Susan Perez
DOC-0086,PHONE,(510) 215-3470
DOC-0087,PHONE,300-939-7692
DOC-0087,EMAIL,susan.white@gmail.com
DOC-0087,PERSON,Andrew Anderson
DOC-0088,PERSON,Nancy Taylor
DOC-0088,DOB,12/21/2002
DOC-0088,MEDICAL,gastroesophageal reflux disease
DOC-0088,EMAIL,david.thompson@citymail.net
DOC-0089,PERSON,John Martinez
DOC-0089,SSN,062-89-7916
DOC-0089,ADDRESS,"209 Lake Rd, Springfield, IL 79758"
DOC-0089,PHONE,(764) 621-0194
DOC-0089,EMAIL,kimberly.moore@gmail.com
DOC-0089,PERSON,Steven Ramirez
DOC-0089,PHONE,(383) 309-1578
DOC-0090,PERSON,Jennifer Sanchez
DOC-0090,PHONE,588-586-9055
DOC-0090,PERSON,Patricia Smith
DOC-0091,PERSON,Susan Torres
DOC-0091,ADDRESS,"863 Lake Rd, Clinton, NY 19744"
DOC-0091,CREDIT_CARD,4890-2503-9261-4299
DOC-0091,EMAIL,paul.perez50@yahoo.com
DOC-0091,PHONE,905-941-1284
DOC-0092,PERSON,Ashley Anderson
DOC-0092,DOB,09/13/1985
DOC-0092,EMAIL,john.garcia@hotmail.com
DOC-0092,PHONE,928-849-2527
DOC-0094,PERSON,Andrew King
DOC-0094,DOB,11/13/1961
DOC-0094,SSN,276-48-4397
DOC-0094,ADDRESS,"1137 Lake Rd, Franklin, TN 31916"
DOC-0094,PHONE,645-482-6899
DOC-0094,EMAIL,donald.jones@yahoo.com
DOC-0094,PERSON,Ashley Hill
DOC-0094,PHONE,(831) 400-7501
DOC-0095,PERSON,Betty Lee
DOC-0095,DOB,12/23/1977
DOC-0095,MEDICAL,rheumatoid arthritis
DOC-0095,PHONE,533-585-4592
DOC-0096,PERSON,Anthony Young
DOC-0096,DOB,11/10/1957
DOC-0096,SSN,676-29-6932
DOC-0096,EMAIL,paul.williams47@postbox.io
DOC-0096,PERSON,Paul Hill
DOC-0096,PHONE,(853) 287-1791
DOC-0097,PERSON,Betty Robinson
DOC-0097,DOB,"March 12, 2004"
DOC-0097,MEDICAL,psoriasis
DOC-0097,MEDICAL,major depressive disorder
DOC-0097,PERSON,Charles Clark
DOC-0097,PHONE,287-318-2321
DOC-0099,PHONE,(437) 614-3022
DOC-0099,EMAIL,margaret.sanchez4@example-health.org
DOC-0099,PERSON,Richard Lewis
DOC-0100,PERSON,Lisa Lee
DOC-0100,DOB,08/04/1965
DOC-0100,SSN,885-72-8646
DOC-0100,ADDRESS,"6468 Elm St, Milton, FL 90125"
DOC-0100,PHONE,601-801-1871
DOC-0100,EMAIL,daniel.robinson@postbox.io
DOC-0100,PERSON,Karen Flores
DOC-0100,PHONE,804-286-2194
DOC-0101,PERSON,Ashley Jackson
DOC-0101,ADDRESS,"5255 Maple Rd, Franklin, TN 69113"
DOC-0101,CREDIT_CARD,9050 7236 8876 7679
DOC-0101,EMAIL,andrew.johnson@outlook.com
DOC-0101,PHONE,233-481-3683
DOC-0102,PERSON,Paul Wilson
DOC-0102,DOB,"February 24, 1994"
DOC-0102,SSN,771-41-4877
DOC-0102,ADDRESS,"4406 Main St, Salem, OR 55688"
DOC-0102,EMAIL,jennifer.lewis@yahoo.com
DOC-0102,PHONE,955-802-5744
DOC-0103,PERSON,William Clark
DOC-0103,PHONE,(260) 483-2078
DOC-0103,PERSON,Jessica Martinez
DOC-0105,PERSON,Sandra Thompson
DOC-0105,DOB,09/13/1948
DOC-0105,SSN,440-37-8105
DOC-0105,PHONE,760-791-2139
DOC-0105,PERSON,Sandra Johnson
DOC-0105,PHONE,327-361-7230
DOC-0106,PERSON,Margaret Garcia
DOC-0106,PHONE,335-807-3705
DOC-0110,PERSON,Mary Martin
DOC-0110,EMAIL,susan.king78@yahoo.com
DOC-0110,PERSON,Jessica Young
DOC-0111,PERSON,Donald Jones
DOC-0111,DOB,10/03/1942
DOC-0111,SSN,221-15-0990
DOC-0111,ADDRESS,"4794 Washington Ave, Ashland, KY 92388"
DOC-0111,PHONE,929-713-6806
DOC-0111,EMAIL,betty.garcia82@example-health.org
DOC-0111,PERSON,Michelle Martinez
DOC-0111,PHONE,(484) 285-5077
DOC-0112,PERSON,Sandra Flores
DOC-0112,PHONE,(823) 256-5067
DOC-0112,PERSON,Linda Smith
DOC-0114,PERSON,Ashley Robinson
DOC-0114,PHONE,723-568-0908
DOC-0116,PERSON,Jessica Clark
DOC-0116,DOB,05/27/1980
DOC-0116,MEDICAL,major depressive disorder
DOC-0116,PERSON,Steven Brown
DOC-0116,PHONE,(383) 428-8450
DOC-0117,PERSON,Richard Wright
DOC-0117,DOB,"March 1, 1971"
DOC-0117,SSN,025-39-8872
DOC-0117,ADDRESS,"5589 Elm St, Springfield, IL 10191"
DOC-0118,PERSON,Donna Torres
DOC-0118,PHONE,(263) 645-2141
DOC-0118,PERSON,Charles Taylor
DOC-0119,PERSON,Elizabeth Miller
DOC-0119,PERSON,Anthony Davis
DOC-0120,PERSON,Susan Lee
DOC-0120,PHONE,351-293-4066
DOC-0120,PERSON,Betty Allen
DOC-0122,PERSON,Donna Nguyen
DOC-0122,PHONE,(465) 276-0357
DOC-0122,PERSON,Richard Lewis
DOC-0123,PERSON,Margaret Lopez
DOC-0123,MEDICAL,gastroesophageal reflux disease
DOC-0123,MEDICAL,hyperlipidemia
DOC-0123,PERSON,Robert Flores
DOC-0123,PHONE,834-831-4026
DOC-0124,PERSON,Daniel Walker
DOC-0124,MEDICAL,anxiety disorder
DOC-0124,MEDICAL,migraine
DOC-0124,PERSON,Barbara Johnson
DOC-0124,PHONE,(526) 811-3588
DOC-0125,PERSON,Andrew Harris
DOC-0126,PERSON,Kimberly Walker
DOC-0126,PHONE,(200) 539-3300
DOC-0126,PERSON,Nancy Lopez
DOC-0127,PERSON,Nancy Martin
DOC-0127,CREDIT_CARD,7528-9539-2644-2209
DOC-0127,PHONE,(826) 426-9265
DOC-0128,PERSON,James Taylor
DOC-0128,DOB,04/23/1966
DOC-0128,ADDRESS,"7280 Main St, Madison, WI 65004"
DOC-0128,EMAIL,david.clark@outlook.com
DOC-0129,PERSON,Nancy Hill
DOC-0129,PHONE,828-694-0507
DOC-0129,PERSON,David Hill
DOC-0130,PERSON,Karen Thomas
DOC-0130,DOB,01/13/1952
DOC-0130,MEDICAL,hyperlipidemia
DOC-0130,PERSON,Patricia White
DOC-0130,PHONE,203-637-1435
DOC-0131,PHONE,389-579-6249
DOC-0131,EMAIL,barbara.lewis@hotmail.com
DOC-0131,PERSON,Sandra Taylor
DOC-0132,PERSON,Emily Brown
DOC-0132,DOB,"September 14, 1989"
DOC-0132,SSN,705-70-9383
DOC-0132,ADDRESS,"4997 Cedar Blvd, Salem, OR 20348"
DOC-0132,PHONE,(604) 931-0568
DOC-0132,EMAIL,linda.lewis@yahoo.com
DOC-0132,PERSON,Richard Rodriguez
DOC-0132,PHONE,243-633-1283
DOC-0133,PERSON,Linda Clark
DOC-0133,DOB,03/19/1959
DOC-0133,SSN,778-22-1730
DOC-0133,ADDRESS,"4788 Park Ln, Riverside, CA 80206"
DOC-0133,PHONE,697-785-9977
DOC-0134,PERSON,Karen Martin
DOC-0134,EMAIL,sarah.young90@gmail.com
DOC-0134,PHONE,433-337-4923
DOC-0134,PERSON,Christopher Moore
DOC-0135,PERSON,John Martin
DOC-0135,DOB,"July 5, 2004"
DOC-0135,MEDICAL,Type 2 diabetes mellitus
DOC-0135,PHONE,(377) 397-3288
DOC-0137,PERSON,Jennifer Jackson
DOC-0137,EMAIL,mary.harris@postbox.io
DOC-0137,PHONE,(785) 998-3511
DOC-0137,PERSON,Joseph Wilson
DOC-0138,PERSON,Sarah Ramirez
DOC-0138,EMAIL,matthew.thompson@yahoo.com
DOC-0138,PHONE,677-509-8530
DOC-0138,PERSON,Donna Miller
DOC-0139,PERSON,Sarah Taylor
DOC-0139,EMAIL,karen.gonzalez20@postbox.io
DOC-0139,PHONE,446-258-9830
DOC-0139,PERSON,Christopher Rodriguez
DOC-0140,PERSON,Joseph Wright
DOC-0140,MEDICAL,coronary artery disease
DOC-0140,EMAIL,emily.lopez@hotmail.com
DOC-0141,PERSON,Lisa Taylor
DOC-0141,PHONE,(254) 849-9561
DOC-0141,PERSON,Donald Gonzalez
DOC-0142,PERSON,Elizabeth Lee
DOC-0142,SSN,182-50-0950
DOC-0142,ADDRESS,"4582 Main St, Salem, OR 37444"
DOC-0142,PHONE,(981) 998-1442
DOC-0143,PERSON,James Thomas
DOC-0143,DOB,12/12/1968
DOC-0143,MEDICAL,major depressive disorder
DOC-0143,EMAIL,matthew.allen@yahoo.com
DOC-0144,PHONE,(567) 968-3087
DOC-0144,EMAIL,betty.johnson@citymail.net
DOC-0144,PERSON,William Wilson
DOC-0146,PERSON,Susan Smith
DOC-0146,EMAIL,karen.clark@citymail.net
DOC-0146,PHONE,(732) 476-9922
DOC-0147,PERSON,Daniel Clark
DOC-0147,DOB,03/02/1977
DOC-0147,MEDICAL,chronic kidney disease
DOC-0148,PERSON,Joseph Robinson
DOC-0148,DOB,05/15/1977
DOC-0148,MEDICAL,coronary artery disease
DOC-0148,EMAIL,robert.jackson47@outlook.com
DOC-0149,PERSON,Lisa Perez
DOC-0149,ADDRESS,"6667 Maple Rd, Riverside, CA 62461"
DOC-0149,CREDIT_CARD,7467 6212 0216 9797
DOC-0149,EMAIL,michelle.harris46@gmail.com
DOC-0149,PHONE,900-944-2140
DOC-0150,PERSON,Kimberly King
DOC-0150,DOB,07/22/1952
DOC-0150,ADDRESS,"995 Maple Rd, Ashland, KY 11526"
DOC-0150,EMAIL,david.allen@postbox.io
DOC-0151,PERSON,Mary Miller
DOC-0151,DOB,07/02/1991
DOC-0151,ADDRESS,"8429 Park Ln, Clinton, NY 83706"
DOC-0151,EMAIL,susan.robinson@postbox.io
DOC-0151,PHONE,255-428-7445
DOC-0152,PERSON,Robert Hernandez
DOC-0152,DOB,03/27/2003
DOC-0152,SSN,740-62-1752
DOC-0152,ADDRESS,"3310 Pine Ln, Milton, FL 34581"
DOC-0152,EMAIL,richard.perez@gmail.com
DOC-0152,PERSON,Donna Davis
DOC-0153,PERSON,Steven Harris
DOC-0153,EMAIL,anthony.hill@outlook.com
DOC-0153,PHONE,607-551-4819
DOC-0153,PERSON,William Rodriguez
DOC-0154,PERSON,William Lopez
DOC-0154,PHONE,927-318-5771
DOC-0155,PERSON,Charles Taylor
DOC-0155,EMAIL,elizabeth.brown@yahoo.com
DOC-0155,PHONE,971-754-0529
DOC-0156,PERSON,Patricia Harris
DOC-0156,DOB,"July 26, 1989"
DOC-0156,MEDICAL,atrial fibrillation
DOC-0156,EMAIL,emily.brown2@outlook.com
DOC-0157,PERSON,Barbara Jones
DOC-0157,DOB,03/24/1963
DOC-0157,MEDICAL,anxiety disorder
DOC-0157,MEDICAL,hypertension
DOC-0157,PERSON,Margaret Moore
DOC-0157,PHONE,(769) 470-2131
DOC-0158,PERSON,Christopher King
DOC-0158,DOB,03/17/1968
DOC-0158,MEDICAL,coronary artery disease
DOC-0158,PHONE,625-756-8798
DOC-0159,PERSON,Linda Thompson
DOC-0159,ADDRESS,"4095 Lake Rd, Georgetown, TX 15226"
DOC-0159,CREDIT_CARD,5616484085887702
DOC-0159,EMAIL,richard.lee@gmail.com
DOC-0159,PHONE,(371) 991-8814
DOC-0160,PERSON,Elizabeth Johnson
DOC-0160,SSN,076-16-2916
DOC-0160,ADDRESS,"1255 Pine Ln, Ashland, KY 85361"
DOC-0160,PHONE,433-464-6678
DOC-0160,EMAIL,mark.sanchez@gmail.com
DOC-0160,PERSON,Matthew Davis
DOC-0160,PHONE,(747) 206-1036
DOC-0161,PERSON,Elizabeth Martin
DOC-0161,EMAIL,lisa.smith71@yahoo.com
DOC-0161,PERSON,Paul Scott
DOC-0162,PERSON,Barbara Torres
DOC-0162,DOB,09/15/1946
DOC-0162,SSN,075-47-1103
DOC-0162,ADDRESS,"3335 Pine Ln, Riverside, CA 86099"
DOC-0162,PHONE,(698) 538-5851
DOC-0162,EMAIL,jessica.miller37@gmail.com
DOC-0162,PERSON,Richard Lee
DOC-0162,PHONE,697-661-5379
DOC-0163,PHONE,567-993-5004
DOC-0163,EMAIL,emily.miller23@example-health.org
DOC-0163,PERSON,Jennifer Moore
DOC-0164,PERSON,Robert Scott
DOC-0164,DOB,09/18/1973
DOC-0164,SSN,795-29-5993
DOC-0164,PHONE,(337) 675-8210
DOC-0164,PERSON,Jessica Flores
DOC-0164,PHONE,(900) 369-8423
DOC-0165,PHONE,(247) 240-5309
DOC-0165,EMAIL,kimberly.moore@example-health.org
DOC-0165,PERSON,Paul Torres
DOC-0166,PERSON,Ashley Walker
DOC-0166,EMAIL,joshua.smith@hotmail.com
DOC-0166,PHONE,369-435-1263
DOC-0166,PERSON,Susan Martinez
DOC-0167,PERSON,Anthony Johnson
DOC-0167,DOB,01/05/1971
DOC-0167,SSN,165-27-8399
DOC-0167,ADDRESS,"2507 Main St, Milton, FL 17328"
DOC-0167,PHONE,370-464-2949
DOC-0167,EMAIL,joshua.torres@citymail.net
DOC-0167,PERSON,Charles Garcia
DOC-0167,PHONE,421-659-9937
DOC-0168,PERSON,William Miller
DOC-0168,DOB,"April 17, 1942"
DOC-0168,SSN,517-97-6877
DOC-0168,ADDRESS,"1678 Maple Rd, Milton, FL 33255"
DOC-0168,EMAIL,donald.flores@postbox.io
DOC-0168,PHONE,(744) 715-1925
DOC-0169,PERSON,Donna Torres
DOC-0169,SSN,786-39-1373
DOC-0169,ADDRESS,"9009 Pine Ln, Milton, FL 63562"
DOC-0169,EMAIL,thomas.gonzalez1@citymail.net
DOC-0169,PHONE,(207) 791-8561
DOC-0170,PHONE,973-408-6770
DOC-0170,EMAIL,barbara.white72@hotmail.com
DOC-0170,PERSON,Thomas Martin
DOC-0174,PERSON,James Gonzalez
DOC-0174,DOB,"April 2, 1976"
DOC-0174,MEDICAL,rheumatoid arthritis
DOC-0174,PHONE,(444) 870-0004
DOC-0175,PERSON,Daniel Moore
DOC-0175,DOB,10/07/1968
DOC-0175,MEDICAL,anxiety disorder
DOC-0175,MEDICAL,Type 2 diabetes mellitus
DOC-0175,PERSON,Thomas Lopez
DOC-0175,PHONE,(616) 718-1744
DOC-0176,PERSON,Donna Johnson
DOC-0176,CREDIT_CARD,7141-6335-6588-0435
DOC-0177,PERSON,Ashley Gonzalez
DOC-0177,EMAIL,jessica.thomas@yahoo.com
DOC-0177,PHONE,(407) 455-5833
DOC-0178,PERSON,Ashley Torres
DOC-0178,DOB,"August 6, 1975"
DOC-0178,MEDICAL,migraine
DOC-0178,MEDICAL,anxiety disorder
DOC-0178,PERSON,Joseph Torres
DOC-0179,PERSON,Lisa Flores
DOC-0179,EMAIL,thomas.lopez@yahoo.com
DOC-0179,PHONE,475-682-5621
DOC-0179,PERSON,Barbara Young
DOC-0180,PERSON,Sarah Thomas
DOC-0180,DOB,07/07/1995
DOC-0180,MEDICAL,hyperlipidemia
DOC-0180,EMAIL,donald.smith@hotmail.com
DOC-0182,PERSON,Daniel Johnson
DOC-0182,EMAIL,anthony.davis45@example-health.org
DOC-0182,PHONE,(403) 790-9435
DOC-0183,PERSON,Anthony Flores
DOC-0183,EMAIL,andrew.sanchez@yahoo.com
DOC-0183,PHONE,551-433-5136
DOC-0184,PERSON,Jennifer Wilson
DOC-0184,DOB,07/04/1961
DOC-0184,MEDICAL,psoriasis
DOC-0184,EMAIL,emily.brown@example-health.org
DOC-0185,PERSON,Mary Williams
DOC-0185,EMAIL,daniel.lee@postbox.io
DOC-0185,PHONE,753-478-8987
DOC-0186,PERSON,Jennifer Lewis
DOC-0186,PHONE,(510) 210-0001
DOC-0187,PERSON,Emily White
DOC-0187,PERSON,Betty Thomas
DOC-0188,PERSON,Charles Wright
DOC-0188,ADDRESS,"7519 Oak Ave, Salem, OR 45669"
DOC-0188,EMAIL,michelle.young@gmail.com
DOC-0188,PHONE,(355) 250-8764
DOC-0189,PERSON,Nancy Garcia
DOC-0189,DOB,"January 9, 1958"
DOC-0189,SSN,074-79-7702
DOC-0189,ADDRESS,"4198 Maple Rd, Georgetown, TX 60014"
DOC-0189,PHONE,212-324-4078
DOC-0189,EMAIL,mark.thomas@yahoo.com
DOC-0189,PERSON,Sandra Miller
DOC-0189,PHONE,733-881-3415
DOC-0192,PERSON,Patricia Brown
DOC-0192,DOB,11/05/1985
DOC-0192,SSN,812-23-2061
DOC-0192,ADDRESS,"5290 Lake Rd, Georgetown, TX 83184"
DOC-0192,EMAIL,daniel.lewis@gmail.com
DOC-0192,PHONE,(905) 586-5868
DOC-0193,PERSON,John King
DOC-0193,EMAIL,elizabeth.lewis@example-health.org
DOC-0193,PHONE,575-664-0011
DOC-0194,PERSON,Emily Martinez
DOC-0194,DOB,06/14/1976
DOC-0194,ADDRESS,"2227 Oak Ave, Springfield, IL 33414"
DOC-0194,EMAIL,robert.gonzalez@yahoo.com
DOC-0194,PHONE,301-232-9355
DOC-0197,PERSON,Andrew Lopez
DOC-0197,EMAIL,emily.scott54@gmail.com
DOC-0197,PHONE,984-853-9446
DOC-0198,PHONE,560-522-9012
DOC-0198,EMAIL,lisa.clark98@hotmail.com
DOC-0198,PERSON,Christopher Hill
DOC-0199,PERSON,Joshua Johnson
DOC-0199,EMAIL,kimberly.rodriguez@outlook.com
DOC-0199,PHONE,(427) 419-5159
DOC-0199,PERSON,Sarah Scott
DOC-0201,PERSON,Michael Hill
DOC-0201,DOB,"January 24, 1978"
DOC-0201,MEDICAL,anxiety disorder
DOC-0202,PERSON,Christopher Allen
DOC-0202,DOB,03/02/1968
DOC-0202,SSN,403-67-9750
DOC-0202,ADDRESS,"1576 Park Ln, Ashland, KY 39109"
DOC-0202,PHONE,(642) 496-6460
DOC-0202,EMAIL,william.perez@example-health.org
DOC-0202,PERSON,Patricia Scott
DOC-0203,PERSON,Jennifer Davis
DOC-0203,MEDICAL,atrial fibrillation
DOC-0203,EMAIL,daniel.hill@postbox.io
DOC-0204,PERSON,Linda Brown
DOC-0204,PHONE,448-835-2419
DOC-0204,PERSON,James Perez
DOC-0205,PERSON,Michelle Martinez
DOC-0205,DOB,"July 19, 1942"
DOC-0205,ADDRESS,"4754 Maple Rd, Springfield, IL 36305"
DOC-0205,EMAIL,michelle.moore@citymail.net
DOC-0205,PHONE,208-268-6367
DOC-0206,PHONE,(774) 929-0352
DOC-0206,EMAIL,jessica.king@hotmail.com
DOC-0206,PERSON,Betty Hernandez
DOC-0208,PERSON,Matthew King
DOC-0208,ADDRESS,"6938 Park Ln, Georgetown, TX 41504"
DOC-0208,CREDIT_CARD,9264957823298321
DOC-0208,EMAIL,kimberly.rodriguez@citymail.net
DOC-0208,PHONE,(778) 361-5201
DOC-0209,PERSON,Richard Miller
DOC-0209,DOB,"March 1, 1956"
DOC-0209,SSN,627-88-4372
DOC-0209,ADDRESS,"3884 Park Ln, Milton, FL 88166"
DOC-0209,PHONE,437-436-0427
DOC-0209,EMAIL,jennifer.walker18@postbox.io
DOC-0209,PERSON,Joshua Walker
DOC-0209,PHONE,(929) 865-6126
DOC-0210,PHONE,831-701-5323
DOC-0210,EMAIL,jessica.ramirez@example-health.org
DOC-0210,PERSON,Matthew Lee
DOC-0211,PERSON,Robert Scott
DOC-0211,CREDIT_CARD,6803 4764 4726 4902
DOC-0212,PERSON,Betty Clark
DOC-0212,ADDRESS,"509 Elm St, Salem, OR 33445"
DOC-0212,CREDIT_CARD,7937145211175188
DOC-0212,EMAIL,david.harris@gmail.com
DOC-0212,PHONE,(986) 374-5491
DOC-0213,PERSON,Michelle Taylor
DOC-0213,ADDRESS,"8254 Main St, Salem, OR 75358"
DOC-0213,CREDIT_CARD,8097339776719907
DOC-0213,PHONE,(412) 250-3028
DOC-0214,PERSON,Sandra Nguyen
DOC-0214,EMAIL,lisa.williams@outlook.com
DOC-0214,PHONE,577-588-1108
DOC-0216,PERSON,William Flores
DOC-0216,DOB,09/24/2003
DOC-0216,SSN,505-33-9984
DOC-0216,ADDRESS,"3272 Cedar Blvd, Clinton, NY 10207"
DOC-0216,EMAIL,linda.johnson60@postbox.io
DOC-0216,PHONE,320-955-3396
DOC-0217,PERSON,Betty Torres
DOC-0217,PHONE,546-888-7849
DOC-0217,PERSON,Robert Rodriguez
DOC-0218,PERSON,Susan Torres
DOC-0218,DOB,"June 3, 1982"
DOC-0218,MEDICAL,migraine
DOC-0218,PHONE,(231) 547-6147
DOC-0219,PERSON,Kimberly Martin
DOC-0219,DOB,"February 12, 1962"
DOC-0219,SSN,798-35-1517
DOC-0219,PHONE,712-357-3116
DOC-0219,PERSON,Michael King
DOC-0219,PHONE,(892) 335-3361
DOC-0220,PERSON,Susan Lee
DOC-0220,EMAIL,richard.gonzalez@example-health.org
DOC-0220,PHONE,(526) 991-7227
DOC-0220,PERSON,Sarah Martinez
DOC-0221,PERSON,John Martin
DOC-0221,DOB,09/15/1983
DOC-0221,MEDICAL,Type 2 diabetes mellitus
DOC-0221,PHONE,(682) 891-0826
DOC-0222,PERSON,Paul Garcia
DOC-0222,PHONE,915-679-1593
DOC-0223,PERSON,Nancy Lee
DOC-0223,EMAIL,sandra.young@hotmail.com
DOC-0223,PHONE,315-559-7842
DOC-0224,PERSON,Paul Robinson
DOC-0224,EMAIL,betty.nguyen@example-health.org
DOC-0224,PHONE,449-761-2605
DOC-0224,PERSON,Matthew Jones
DOC-0225,PHONE,317-806-9766
DOC-0225,EMAIL,christopher.scott@yahoo.com
DOC-0226,PERSON,James Martinez
DOC-0226,DOB,08/18/1959
DOC-0226,MEDICAL,gastroesophageal reflux disease
DOC-0227,PERSON,James Scott
DOC-0227,PHONE,(567) 312-4623
DOC-0227,PERSON,Jessica Ramirez
DOC-0228,PERSON,Lisa Clark
DOC-0228,DOB,05/28/1959
DOC-0228,SSN,138-11-1175
DOC-0228,ADDRESS,"8075 Main St, Franklin, TN 96235"
DOC-0228,EMAIL,margaret.rodriguez@citymail.net
DOC-0228,PHONE,625-666-9902
DOC-0229,PERSON,Robert Williams
DOC-0229,DOB,12/12/2001
DOC-0229,SSN,494-98-1311
DOC-0229,ADDRESS,"4679 Maple Rd, Ashland, KY 70940"
DOC-0229,EMAIL,kimberly.garcia67@gmail.com
DOC-0229,PHONE,451-683-1279
DOC-0230,PERSON,Andrew Taylor
DOC-0230,EMAIL,patricia.walker@example-health.org
DOC-0230,PHONE,(252) 872-4780
DOC-0231,PERSON,Mark White
DOC-0231,EMAIL,barbara.taylor@hotmail.com
DOC-0231,PHONE,385-740-0542
DOC-0232,PERSON,Daniel Brown
DOC-0232,DOB,02/02/1973
DOC-0232,MEDICAL,anxiety disorder
DOC-0232,EMAIL,donald.martin61@postbox.io
DOC-0233,PERSON,Kimberly Williams
DOC-0233,DOB,09/21/1952
DOC-0233,MEDICAL,hypothyroidism
DOC-0233,MEDICAL,migraine
DOC-0233,PHONE,473-300-4183
DOC-0234,PERSON,Anthony Miller
DOC-0234,DOB,11/15/1953
DOC-0234,PHONE,(457) 397-0557
DOC-0235,PERSON,Linda Lopez
DOC-0235,EMAIL,thomas.jackson60@gmail.com
DOC-0235,PHONE,854-664-4528
DOC-0236,PERSON,Mark Jones
DOC-0237,PERSON,Ashley Martinez
DOC-0237,DOB,01/22/1940
DOC-0237,MEDICAL,hyperlipidemia
DOC-0237,PHONE,(916) 537-6411
DOC-0238,PERSON,Nancy Martin
DOC-0238,EMAIL,betty.brown81@gmail.com
DOC-0238,PHONE,(574) 747-5571
DOC-0238,PERSON,Sandra Jackson
DOC-0240,PERSON,Ashley Wright
DOC-0240,PHONE,545-938-0701
DOC-0240,PERSON,Linda Wilson
DOC-0242,PERSON,Linda Young
DOC-0242,PHONE,(809) 830-3613
DOC-0243,PERSON,Donna Lopez
DOC-0243,MEDICAL,hypothyroidism
DOC-0244,PERSON,Anthony Walker
DOC-0244,EMAIL,william.wilson19@outlook.com
DOC-0244,PHONE,(735) 661-6750
DOC-0244,PERSON,Barbara Flores
DOC-0245,PERSON,Michelle White
DOC-0245,DOB,"April 15, 2004"
DOC-0245,ADDRESS,"1947 Main St, Georgetown, TX 29558"
DOC-0245,PHONE,(901) 685-8151
DOC-0245,EMAIL,david.williams7@outlook.com
DOC-0245,PERSON,Charles Wilson
DOC-0245,PHONE,645-457-5477
DOC-0246,PERSON,Christopher Anderson
DOC-0246,ADDRESS,"6860 Oak Ave, Georgetown, TX 36208"
DOC-0246,CREDIT_CARD,6317970623972659
DOC-0246,EMAIL,richard.thompson@outlook.com
DOC-0247,PERSON,Andrew Scott
DOC-0247,DOB,"February 14, 1969"
DOC-0247,MEDICAL,psoriasis
DOC-0247,PHONE,421-805-7757
DOC-0248,PERSON,Anthony Williams
DOC-0248,PERSON,Margaret King
DOC-0249,PERSON,William Thompson
DOC-0249,MEDICAL,Type 2 diabetes mellitus
DOC-0249,PHONE,(691) 885-4994
DOC-0250,PERSON,John Harris
DOC-0250,ADDRESS,"636 Elm St, Ashland, KY 48874"
DOC-0250,CREDIT_CARD,6498931950850166
DOC-0250,EMAIL,robert.white@citymail.net
DOC-0250,PHONE,(772) 921-1097
DOC-0251,PERSON,Sarah Allen
DOC-0251,MEDICAL,osteoporosis
DOC-0251,MEDICAL,gastroesophageal reflux disease
DOC-0251,PERSON,Ashley Allen
DOC-0252,PHONE,(354) 409-8530
DOC-0252,PERSON,Donald Thompson
DOC-0253,PERSON,Anthony Nguyen
DOC-0253,DOB,"November 21, 1983"
DOC-0253,MEDICAL,psoriasis
DOC-0253,MEDICAL,gastroesophageal reflux disease
DOC-0253,PHONE,(780) 335-5021
DOC-0254,PERSON,David Thomas
DOC-0254,EMAIL,linda.williams41@yahoo.com
DOC-0254,PHONE,(651) 466-6056
DOC-0256,PERSON,Donald Jackson
DOC-0256,DOB,"October 24, 1958"
DOC-0256,SSN,453-53-1840
DOC-0256,ADDRESS,"2385 Lake Rd, Springfield, IL 98867"
DOC-0256,PHONE,832-425-7306
DOC-0257,PERSON,Betty Gonzalez
DOC-0257,DOB,06/20/2002
DOC-0257,MEDICAL,hypertension
DOC-0257,EMAIL,lisa.sanchez19@postbox.io
DOC-0258,PHONE,653-495-2683
DOC-0258,PERSON,Elizabeth Wilson
DOC-0259,PHONE,(927) 781-2243
DOC-0259,PERSON,Robert Martin
DOC-0260,PERSON,Charles Clark
DOC-0260,DOB,08/23/1962
DOC-0260,SSN,030-25-4541
DOC-0260,ADDRESS,"6028 Lake Rd, Riverside, CA 86161"
DOC-0260,PHONE,692-779-7144
DOC-0260,EMAIL,donald.davis48@citymail.net
DOC-0260,PERSON,Andrew Johnson
DOC-0260,PHONE,(465) 366-9529
DOC-0261,PERSON,Michael Hill
DOC-0261,DOB,"September 11, 1961"
DOC-0261,SSN,848-97-4932
DOC-0261,ADDRESS,"1671 Pine Ln, Fairview, OH 80047"
DOC-0261,PHONE,(793) 560-2354
DOC-0261,EMAIL,william.king@postbox.io
DOC-0262,PERSON,William Lewis
DOC-0262,EMAIL,joshua.king@yahoo.com
DOC-0262,PHONE,(926) 511-0471
DOC-0263,PHONE,(243) 401-1766
DOC-0263,EMAIL,steven.nguyen@gmail.com
DOC-0263,PERSON,Thomas Williams
DOC-0266,PHONE,(575) 914-9656
DOC-0266,EMAIL,mark.miller@hotmail.com
DOC-0266,PERSON,Margaret Wilson
DOC-0267,PERSON,Jennifer Lee
DOC-0267,PHONE,705-318-6304
DOC-0267,PERSON,Sandra Hill
DOC-0268,PERSON,Barbara Smith
DOC-0268,MEDICAL,asthma
DOC-0268,MEDICAL,major depressive disorder
DOC-0268,PERSON,Elizabeth Sanchez
DOC-0268,PHONE,(610) 911-9675
DOC-0269,PERSON,Daniel Walker
DOC-0269,DOB,08/17/1991
DOC-0269,SSN,788-68-1770
DOC-0269,ADDRESS,"8118 Oak Ave, Clinton, NY 75178"
DOC-0269,EMAIL,joseph.rodriguez@citymail.net
DOC-0269,PHONE,(254) 269-8161
DOC-0270,PERSON,Ashley Allen
DOC-0270,SSN,554-79-0289
DOC-0270,ADDRESS,"2052 Main St, Madison, WI 60283"
DOC-0270,EMAIL,mark.lee@hotmail.com
DOC-0270,PHONE,236-233-2897
DOC-0271,PERSON,Betty Taylor
DOC-0271,DOB,10/13/2003
DOC-0271,ADDRESS,"9775 Main St, Springfield, IL 15913"
DOC-0271,PHONE,(331) 575-5715
DOC-0271,EMAIL,nancy.harris@outlook.com
DOC-0271,PERSON,Daniel Clark
DOC-0271,PHONE,(559) 257-4001
DOC-0272,PERSON,Christopher Harris
DOC-0272,PHONE,(784) 599-5282
DOC-0272,PERSON,Ashley Miller
DOC-0273,PERSON,Paul Wilson
DOC-0273,DOB,05/02/1976
DOC-0273,SSN,588-61-3700
DOC-0273,ADDRESS,"9574 Park Ln, Riverside, CA 22416"
DOC-0273,PHONE,(806) 544-4478
DOC-0273,PERSON,Daniel Jones
DOC-0273,PHONE,867-509-8268
DOC-0274,PERSON,Sarah Wright
DOC-0274,DOB,10/24/1995
DOC-0274,ADDRESS,"4039 Lake Rd, Franklin, TN 29722"
DOC-0274,EMAIL,karen.ramirez@postbox.io
DOC-0274,PHONE,265-849-3335
DOC-0275,PERSON,Margaret Williams
DOC-0275,DOB,03/09/1965
DOC-0275,SSN,265-45-9022
DOC-0275,ADDRESS,"8061 Maple Rd, Springfield, IL 12609"
DOC-0275,EMAIL,patricia.garcia41@outlook.com
DOC-0275,PHONE,(265) 616-5954
DOC-0276,PERSON,Jessica Hill
DOC-0276,ADDRESS,"5496 Oak Ave, Fairview, OH 86588"
DOC-0276,CREDIT_CARD,6363212347649070
DOC-0276,EMAIL,linda.lee@hotmail.com
DOC-0276,PHONE,(899) 452-4550
DOC-0277,PERSON,Matthew Martin
DOC-0277,DOB,11/04/1986
DOC-0277,MEDICAL,rheumatoid arthritis
DOC-0277,EMAIL,mark.harris@outlook.com
DOC-0278,PERSON,Ashley Walker
DOC-0278,MEDICAL,major depressive disorder
DOC-0278,PHONE,(364) 915-4275
DOC-0280,PERSON,Joshua Clark
DOC-0280,DOB,"August 16, 1980"
DOC-0280,SSN,137-43-2842
DOC-0280,PHONE,(286) 624-6022
DOC-0280,EMAIL,betty.harris@gmail.com
DOC-0280,PHONE,(862) 826-3747
DOC-0281,PERSON,Ashley Davis
DOC-0281,DOB,12/07/1968
DOC-0281,SSN,884-44-4717
DOC-0281,ADDRESS,"2234 Lake Rd, Madison, WI 66532"
DOC-0281,EMAIL,susan.hill@citymail.net
DOC-0282,PERSON,Susan Harris
DOC-0282,DOB,12/20/1994
DOC-0282,SSN,098-81-0962
DOC-0282,ADDRESS,"3948 Main St, Fairview, OH 71726"
DOC-0282,EMAIL,daniel.hill86@citymail.net
DOC-0282,PHONE,966-246-0087
DOC-0283,PHONE,345-466-1914
DOC-0283,EMAIL,robert.rodriguez@citymail.net
DOC-0283,PERSON,Lisa Ramirez
DOC-0284,PERSON,Emily Lewis
DOC-0284,ADDRESS,"2536 Main St, Georgetown, TX 17152"
DOC-0284,CREDIT_CARD,3207 4276 1707 5874
DOC-0284,EMAIL,elizabeth.davis@yahoo.com
DOC-0285,PERSON,Lisa Nguyen
DOC-0285,DOB,06/05/1953
DOC-0285,MEDICAL,gastroesophageal reflux disease
DOC-0285,MEDICAL,psoriasis
DOC-0285,PERSON,Sandra Moore
DOC-0285,PHONE,808-873-0095
DOC-0286,PERSON,Betty Taylor
DOC-0286,DOB,"April 25, 1962"
DOC-0286,SSN,092-12-3411
DOC-0286,ADDRESS,"6693 Maple Rd, Madison, WI 47347"
DOC-0286,PHONE,(862) 970-2525
DOC-0286,EMAIL,karen.young56@postbox.io
DOC-0286,PERSON,Karen Hill
DOC-0287,PERSON,Elizabeth Young
DOC-0287,EMAIL,kimberly.king@hotmail.com
DOC-0287,PHONE,647-281-7825
DOC-0288,PERSON,Anthony Miller
DOC-0288,CREDIT_CARD,7945491801722608
DOC-0289,PERSON,Susan Lopez
DOC-0289,EMAIL,jennifer.hill34@gmail.com
DOC-0289,PHONE,(644) 747-0293
DOC-0290,PERSON,Betty Martin
DOC-0290,DOB,03/05/1951
DOC-0290,SSN,115-12-3083
DOC-0290,ADDRESS,"7983 Main St, Georgetown, TX 95016"
DOC-0290,PHONE,751-395-1410
DOC-0291,PHONE,(252) 541-0129
DOC-0291,EMAIL,margaret.clark64@example-health.org
DOC-0291,PERSON,Joshua Scott
DOC-0292,PERSON,Patricia King
DOC-0292,DOB,07/19/1942
DOC-0292,MEDICAL,asthma
DOC-0292,EMAIL,sarah.clark@hotmail.com
DOC-0293,PERSON,Joshua Robinson
DOC-0293,PERSON,David Flores
DOC-0294,PERSON,Karen Thomas
DOC-0294,DOB,"September 2, 1966"
DOC-0294,MEDICAL,osteoporosis
DOC-0294,MEDICAL,migraine
DOC-0294,PERSON,Daniel Hernandez
DOC-0294,PHONE,(378) 715-0523
DOC-0295,PERSON,Patricia Lewis
DOC-0295,DOB,"February 4, 1998"
DOC-0295,SSN,625-23-9215
DOC-0295,ADDRESS,"1828 Main St, Ashland, KY 31895"
DOC-0295,PHONE,845-320-3365
DOC-0295,EMAIL,david.jackson@postbox.io
DOC-0295,PHONE,950-301-2527
DOC-0296,PERSON,Jessica Martinez
DOC-0296,DOB,"April 5, 1993"
DOC-0296,MEDICAL,hypothyroidism
DOC-0296,EMAIL,anthony.robinson67@outlook.com
DOC-0297,PERSON,Elizabeth Torres
DOC-0297,DOB,"November 23, 1947"
DOC-0297,SSN,898-76-4845
DOC-0297,ADDRESS,"9171 Washington Ave, Madison, WI 49888"
DOC-0297,PHONE,938-960-5139
DOC-0297,EMAIL,james.moore68@yahoo.com
DOC-0297,PERSON,Betty Lewis
DOC-0297,PHONE,859-410-8919
DOC-0298,PERSON,David Johnson
DOC-0298,DOB,09/19/1943
DOC-0298,SSN,854-48-6926
DOC-0298,ADDRESS,"1083 Hillcrest Blvd, Riverside, CA 58887"
DOC-0298,EMAIL,thomas.allen@gmail.com
DOC-0298,PHONE,974-866-2043
DOC-0299,PERSON,Andrew Rodriguez
DOC-0299,DOB,09/24/1988
DOC-0299,SSN,336-76-9541
DOC-0299,ADDRESS,"7544 Cedar Blvd, Fairview, OH 22843"
DOC-0299,EMAIL,elizabeth.ramirez@gmail.com
DOC-0299,PHONE,263-635-2130
DOC-0300,PERSON,Anthony Hernandez
DOC-0300,DOB,09/05/1958
DOC-0300,MEDICAL,gastroesophageal reflux disease
DOC-0304,PERSON,William Allen
DOC-0304,DOB,08/22/1998
DOC-0305,PERSON,Emily Davis
DOC-0305,EMAIL,emily.garcia25@example-health.org
DOC-0305,PHONE,(790) 975-0866
DOC-0305,PERSON,Donald Allen
DOC-0306,PERSON,Betty Nguyen
DOC-0306,DOB,"August 28, 1945"
DOC-0306,SSN,349-65-2957
DOC-0306,PHONE,(754) 372-4675
DOC-0307,PERSON,Thomas Harris
DOC-0307,PERSON,Steven Allen
DOC-0309,PERSON,Elizabeth White
DOC-0309,DOB,"April 18, 1961"
DOC-0309,SSN,569-67-0684
DOC-0309,ADDRESS,"4840 Main St, Salem, OR 95597"
DOC-0309,PHONE,371-200-0985
DOC-0309,EMAIL,sarah.hill33@hotmail.com
DOC-0309,PERSON,Daniel Wilson
DOC-0309,PHONE,(799) 722-4609
DOC-0310,PERSON,Thomas Lewis
DOC-0310,DOB,"April 22, 1974"
DOC-0310,MEDICAL,atrial fibrillation
DOC-0310,MEDICAL,chronic kidney disease
DOC-0310,PERSON,Sandra Hill
DOC-0310,PHONE,(536) 216-2190
DOC-0312,PERSON,Sandra White
DOC-0312,DOB,08/01/1964
DOC-0312,PHONE,(976) 487-5862
DOC-0313,PERSON,Richard Sanchez
DOC-0313,DOB,05/19/1954
DOC-0313,MEDICAL,coronary artery disease
DOC-0313,PHONE,(765) 398-9268
DOC-0314,PERSON,Paul Flores
DOC-0314,PHONE,458-897-9176
DOC-0314,PERSON,James Ramirez
DOC-0317,PERSON,Mary Walker
DOC-0317,PHONE,642-224-9708
DOC-0317,PERSON,Thomas Thomas
DOC-0318,PERSON,Donna Davis
DOC-0318,DOB,01/02/1950
DOC-0318,SSN,870-98-1065
DOC-0318,ADDRESS,"7341 Maple Rd, Springfield, IL 17181"
DOC-0318,EMAIL,karen.flores@gmail.com
DOC-0318,PHONE,(304) 893-0914
DOC-0319,PERSON,Nancy Johnson
DOC-0319,DOB,09/11/1998
DOC-0319,ADDRESS,"9814 Park Ln, Riverside, CA 35377"
DOC-0319,PHONE,786-329-8337
DOC-0319,EMAIL,daniel.clark62@example-health.org
DOC-0319,PHONE,(448) 340-0722
DOC-0321,PERSON,Joshua Perez
DOC-0321,DOB,10/10/1982
DOC-0321,MEDICAL,coronary artery disease
DOC-0321,MEDICAL,major depressive disorder
DOC-0322,PERSON,Charles Lewis
DOC-0323,PERSON,William Harris
DOC-0323,DOB,06/07/1954
DOC-0323,MEDICAL,rheumatoid arthritis
DOC-0323,PHONE,578-581-2807
DOC-0324,PERSON,Paul Jackson
DOC-0324,DOB,06/08/1959
DOC-0324,SSN,816-45-2071
DOC-0324,ADDRESS,"8112 Hillcrest Blvd, Milton, FL 37425"
DOC-0324,PHONE,(944) 283-7711
DOC-0324,EMAIL,david.allen50@postbox.io
DOC-0324,PERSON,Steven White
DOC-0324,PHONE,(710) 731-7606
DOC-0325,PHONE,586-785-2575
DOC-0325,EMAIL,thomas.scott@postbox.io
DOC-0325,PERSON,Jennifer Jackson
DOC-0326,PERSON,Christopher Moore
DOC-0326,DOB,01/06/1988
DOC-0326,SSN,272-92-1243
DOC-0326,ADDRESS,"4926 Elm St, Riverside, CA 75767"
DOC-0326,EMAIL,steven.wright@postbox.io
DOC-0326,PHONE,(483) 433-1612
DOC-0327,PERSON,Paul Taylor
DOC-0327,DOB,"May 10, 1941"
DOC-0327,MEDICAL,anxiety disorder
DOC-0327,EMAIL,betty.nguyen97@gmail.com
DOC-0328,PERSON,Sandra Perez
DOC-0328,DOB,06/28/1950
DOC-0328,SSN,790-99-6843
DOC-0328,ADDRESS,"7473 Cedar Blvd, Salem, OR 83196"
DOC-0328,PHONE,331-512-0158
DOC-0329,PERSON,Andrew Hill
DOC-0330,PHONE,490-410-3818
DOC-0330,EMAIL,kimberly.jones@outlook.com
DOC-0330,PERSON,Kimberly Smith
DOC-0331,PERSON,William Wilson
DOC-0331,EMAIL,karen.ramirez91@hotmail.com
DOC-0331,PHONE,362-818-9422
DOC-0332,PERSON,Kimberly Perez
DOC-0332,DOB,08/15/2002
DOC-0332,MEDICAL,asthma
DOC-0332,PHONE,494-861-7476
DOC-0333,PERSON,Betty Williams
DOC-0333,ADDRESS,"4586 Cedar Blvd, Franklin, TN 92324"
DOC-0333,CREDIT_CARD,8413 7681 5118 5671
DOC-0333,PHONE,854-911-7567
DOC-0334,PERSON,Emily Thomas
DOC-0334,DOB,"March 16, 1996"
DOC-0334,SSN,863-30-2794
DOC-0334,PHONE,501-327-8759
DOC-0334,EMAIL,david.jones@citymail.net
DOC-0334,PERSON,Sarah Martinez
DOC-0335,PERSON,Lisa Thomas
DOC-0335,PHONE,(214) 545-3148
DOC-0336,PERSON,Paul Sanchez
DOC-0336,DOB,02/08/1994
DOC-0336,SSN,366-51-2844
DOC-0336,ADDRESS,"5282 Main St, Madison, WI 11570"
DOC-0336,PHONE,(598) 417-7516
DOC-0336,EMAIL,john.moore84@outlook.com
DOC-0337,PERSON,Donald Jones
DOC-0337,DOB,"January 20, 1982"
DOC-0337,MEDICAL,gastroesophageal reflux disease
DOC-0338,PERSON,Elizabeth Harris
DOC-0338,EMAIL,susan.williams31@example-health.org
DOC-0338,PHONE,(654) 956-5385
DOC-0339,PERSON,Jessica Wilson
DOC-0339,PHONE,903-912-3644
DOC-0339,PERSON,Kimberly Lee
DOC-0340,PERSON,Jessica Allen
DOC-0340,EMAIL,jennifer.ramirez@outlook.com
DOC-0340,PHONE,(368) 938-3236
DOC-0341,PERSON,Betty Harris
DOC-0341,CREDIT_CARD,2776896270661498
DOC-0342,PERSON,Richard Martinez
DOC-0342,DOB,"January 1, 1964"
DOC-0342,SSN,749-57-8051
DOC-0342,ADDRESS,"6566 Washington Ave, Madison, WI 58908"
DOC-0342,PHONE,(272) 618-0636
DOC-0343,PERSON,Robert White
DOC-0343,DOB,12/22/1943
DOC-0343,SSN,268-87-7462
DOC-0343,ADDRESS,"4154 Maple Rd, Clinton, NY 88924"
DOC-0343,EMAIL,donna.hernandez@postbox.io
DOC-0343,PHONE,294-859-6297
DOC-0344,PERSON,Michael Torres
DOC-0344,DOB,03/09/1984
DOC-0344,SSN,768-60-5047
DOC-0344,ADDRESS,"8157 Main St, Franklin, TN 10206"
DOC-0344,PHONE,299-271-6845
DOC-0344,EMAIL,charles.ramirez@outlook.com
DOC-0344,PHONE,(402) 698-2981
DOC-0347,PERSON,Sarah Young
DOC-0347,DOB,06/20/2000
DOC-0347,MEDICAL,osteoporosis
DOC-0347,EMAIL,nancy.lee@citymail.net
DOC-0349,PERSON,Mary White
DOC-0349,DOB,12/11/1945
DOC-0349,SSN,240-87-7938
DOC-0349,ADDRESS,"1434 Washington Ave, Milton, FL 55656"
DOC-0349,EMAIL,margaret.walker85@gmail.com
DOC-0351,PERSON,Matthew Moore
DOC-0351,EMAIL,joseph.taylor@citymail.net
DOC-0351,PHONE,326-881-2224
DOC-0351,PERSON,Jennifer Perez
DOC-0352,PERSON,Charles Garcia
DOC-0352,DOB,02/11/1954
DOC-0352,MEDICAL,chronic kidney disease
DOC-0352,PHONE,962-318-9385
DOC-0353,PERSON,Kimberly Hill
DOC-0353,PHONE,(751) 671-5176
DOC-0354,PERSON,Christopher Martin
DOC-0354,MEDICAL,psoriasis
DOC-0354,EMAIL,susan.young38@hotmail.com
DOC-0355,PERSON,Mary Scott
DOC-0355,ADDRESS,"7022 Washington Ave, Fairview, OH 98853"
DOC-0355,CREDIT_CARD,7566184438612590
DOC-0355,EMAIL,karen.robinson@example-health.org
DOC-0355,PHONE,340-652-7904
DOC-0356,PHONE,(895) 372-0922
DOC-0356,EMAIL,daniel.walker@gmail.com
DOC-0356,PERSON,Steven Perez
DOC-0357,PERSON,Matthew Garcia
DOC-0357,DOB,11/13/1999
DOC-0357,MEDICAL,gastroesophageal reflux disease
DOC-0357,EMAIL,lisa.smith@gmail.com
DOC-0358,PHONE,695-860-7105
DOC-0358,EMAIL,andrew.rodriguez@gmail.com
DOC-0358,PERSON,Paul Lopez
DOC-0359,PERSON,Susan Davis
DOC-0359,DOB,10/23/1963
DOC-0359,SSN,569-67-5149
DOC-0359,ADDRESS,"2211 Oak Ave, Springfield, IL 85377"
DOC-0359,PHONE,(411) 868-2641
DOC-0359,EMAIL,emily.taylor@gmail.com
DOC-0359,PERSON,Linda Allen
DOC-0359,PHONE,(505) 572-8919
DOC-0360,PERSON,Robert Thomas
DOC-0360,DOB,04/05/1944
DOC-0360,SSN,854-37-2198
DOC-0360,ADDRESS,"3640 Park Ln, Ashland, KY 87566"
DOC-0360,PHONE,567-484-2105
DOC-0360,EMAIL,john.scott@hotmail.com
DOC-0360,PHONE,667-285-4164
DOC-0362,PERSON,Nancy Moore
DOC-0362,EMAIL,elizabeth.anderson@gmail.com
DOC-0363,PERSON,Daniel Wright
DOC-0363,EMAIL,emily.hill@example-health.org
DOC-0363,PHONE,(330) 465-0155
DOC-0364,PERSON,Daniel Robinson
DOC-0364,DOB,"May 9, 2004"
DOC-0364,SSN,534-39-5000
DOC-0364,ADDRESS,"6761 Oak Ave, Clinton, NY 50991"
DOC-0364,EMAIL,jennifer.garcia10@yahoo.com
DOC-0364,PHONE,(295) 369-9425
DOC-0365,PERSON,James Flores
DOC-0365,CREDIT_CARD,3068 5389 0972 8323
DOC-0366,PERSON,Charles Martin
DOC-0366,DOB,05/09/2001
DOC-0366,PHONE,(422) 512-8446
DOC-0367,PERSON,Michael Ramirez
DOC-0367,DOB,04/03/2002
DOC-0367,MEDICAL,hyperlipidemia
DOC-0367,PHONE,(620) 326-7985
DOC-0369,PERSON,William Sanchez
DOC-0369,PHONE,(631) 961-5426
DOC-0369,PERSON,David Gonzalez
DOC-0370,PHONE,(713) 943-6370
DOC-0370,EMAIL,linda.miller@yahoo.com
DOC-0370,PERSON,Daniel Allen
DOC-0371,PERSON,Jennifer Ramirez
DOC-0371,DOB,10/05/1971
DOC-0371,SSN,192-41-4606
DOC-0371,ADDRESS,"4153 Oak Ave, Clinton, NY 97337"
DOC-0372,PHONE,(617) 737-5020
DOC-0372,EMAIL,joseph.perez@gmail.com
DOC-0372,PERSON,Steven Ramirez
DOC-0374,PERSON,Nancy Martin
DOC-0374,EMAIL,linda.miller@citymail.net
DOC-0374,PERSON,Lisa White
DOC-0375,PERSON,Richard Lewis
DOC-0375,EMAIL,michael.jones70@outlook.com
DOC-0375,PHONE,(508) 942-7769
DOC-0376,PERSON,Linda Ramirez
DOC-0376,CREDIT_CARD,1768-8029-4240-9036
DOC-0378,PERSON,Joseph Williams
DOC-0378,DOB,05/02/1970
DOC-0378,MEDICAL,migraine
DOC-0378,PHONE,(336) 476-0844
DOC-0380,PERSON,Paul Nguyen
DOC-0380,ADDRESS,"4317 Oak Ave, Madison, WI 92081"
DOC-0380,CREDIT_CARD,9837-3543-9627-3659
DOC-0380,PHONE,380-393-9333
DOC-0381,PERSON,Michael King
DOC-0381,DOB,"December 25, 1957"
DOC-0381,SSN,618-22-6191
DOC-0381,ADDRESS,"1903 Washington Ave, Springfield, IL 11776"
DOC-0381,PHONE,(346) 842-9824
DOC-0383,PERSON,Joseph Ramirez
DOC-0383,PERSON,Joseph Harris
DOC-0384,PERSON,Robert Hill
DOC-0384,PHONE,354-382-7022
DOC-0384,PERSON,Joshua Lopez
DOC-0385,PERSON,John Smith
DOC-0385,DOB,11/05/1959
DOC-0385,SSN,400-67-7838
DOC-0385,ADDRESS,"9568 Oak Ave, Riverside, CA 66027"
DOC-0385,EMAIL,sarah.martinez@yahoo.com
DOC-0385,PHONE,386-985-6308
DOC-0386,PERSON,Matthew Garcia
DOC-0386,DOB,"September 19, 1993"
DOC-0386,SSN,832-38-1429
DOC-0386,ADDRESS,"147 Cedar Blvd, Fairview, OH 36644"
DOC-0386,PERSON,William Jackson
DOC-0386,PHONE,671-347-9035
DOC-0387,PERSON,Lisa Martinez
DOC-0387,DOB,04/03/1950
DOC-0387,SSN,853-63-2452
DOC-0387,ADDRESS,"2396 Maple Rd, Salem, OR 79133"
DOC-0387,PHONE,915-506-7703
DOC-0387,EMAIL,nancy.lewis83@gmail.com
DOC-0387,PERSON,Charles Davis
DOC-0387,PHONE,(359) 261-0526
DOC-0388,PERSON,Susan Sanchez
DOC-0388,EMAIL,michelle.brown@yahoo.com
DOC-0388,PHONE,(963) 772-9913
DOC-0390,PERSON,Karen Gonzalez
DOC-0390,PERSON,Sarah Garcia
DOC-0391,PERSON,Christopher Sanchez
DOC-0391,EMAIL,daniel.rodriguez90@gmail.com
DOC-0392,PERSON,Joseph Wilson
DOC-0392,DOB,"December 6, 1958"
DOC-0392,SSN,514-76-9973
DOC-0392,PHONE,547-497-5903
DOC-0392,EMAIL,robert.harris@example-health.org
DOC-0393,PERSON,Thomas Lewis
DOC-0393,DOB,02/19/1957
DOC-0393,MEDICAL,osteoporosis
DOC-0393,MEDICAL,COPD
DOC-0393,PHONE,834-896-2113
DOC-0394,PERSON,Elizabeth Miller
DOC-0394,PHONE,497-584-2592
DOC-0394,PERSON,John Anderson
DOC-0395,PERSON,Betty Ramirez
DOC-0396,PERSON,Andrew Williams
DOC-0396,DOB,01/26/1988
DOC-0396,SSN,441-70-3496
DOC-0396,ADDRESS,"476 Main St, Georgetown, TX 99610"
DOC-0396,PHONE,285-345-1134
DOC-0397,PERSON,Richard Thompson
DOC-0397,PHONE,364-913-7156
DOC-0398,PERSON,Christopher Smith
DOC-0398,MEDICAL,atrial fibrillation
DOC-0398,EMAIL,linda.clark34@citymail.net
DOC-0399,PERSON,Matthew Wilson
DOC-0399,DOB,"April 7, 1984"
DOC-0399,MEDICAL,Type 2 diabetes mellitus
DOC-0399,EMAIL,lisa.white@outlook.com
DOC-0401,PHONE,(849) 490-1625
DOC-0401,EMAIL,michael.garcia@example-health.org
DOC-0402,PERSON,Sandra Scott
DOC-0402,EMAIL,matthew.davis@gmail.com
DOC-0402,PHONE,559-675-6765
DOC-0403,PERSON,Robert Smith
DOC-0403,SSN,838-76-9829
DOC-0403,ADDRESS,"2893 Elm St, Fairview, OH 84997"
DOC-0404,PERSON,Emily Hernandez
DOC-0404,DOB,04/03/1981
DOC-0404,SSN,448-11-9720
DOC-0404,ADDRESS,"9008 Maple Rd, Springfield, IL 20324"
DOC-0404,EMAIL,andrew.harris4@citymail.net
DOC-0404,PHONE,(333) 664-5867
DOC-0405,PERSON,Linda Robinson
DOC-0405,ADDRESS,"1855 Park Ln, Riverside, CA 28590"
DOC-0405,CREDIT_CARD,4421 1753 6170 6171
DOC-0405,EMAIL,anthony.harris41@hotmail.com
DOC-0406,PERSON,Joshua Johnson
DOC-0406,DOB,"September 17, 1942"
DOC-0406,PHONE,(573) 317-3554
DOC-0407,PERSON,Margaret Allen
DOC-0407,DOB,04/09/1991
DOC-0407,MEDICAL,migraine
DOC-0407,PERSON,Michael Nguyen
DOC-0407,PHONE,(984) 801-5105
DOC-0408,PERSON,Mark Hernandez
DOC-0408,PHONE,234-723-4146
DOC-0409,PERSON,Linda Smith
DOC-0409,DOB,12/01/1980
DOC-0409,MEDICAL,chronic kidney disease
DOC-0409,MEDICAL,gastroesophageal reflux disease
DOC-0409,PERSON,Andrew Lee
DOC-0409,PHONE,438-775-1085
DOC-0410,PERSON,Christopher Lee
DOC-0410,SSN,511-15-4496
DOC-0410,ADDRESS,"2134 Washington Ave, Riverside, CA 69347"
DOC-0410,EMAIL,david.hill42@hotmail.com
DOC-0411,PERSON,Karen Moore
DOC-0411,SSN,795-50-8090
DOC-0411,ADDRESS,"6545 Park Ln, Springfield, IL 49117"
DOC-0411,EMAIL,sandra.young@postbox.io
DOC-0411,PHONE,(582) 832-1683
DOC-0412,PERSON,Thomas Williams
DOC-0412,ADDRESS,"5086 Oak Ave, Springfield, IL 19835"
DOC-0412,EMAIL,linda.king@example-health.org
DOC-0412,PHONE,689-877-8029
DOC-0413,PERSON,John Jones
DOC-0413,MEDICAL,chronic kidney disease
DOC-0413,PHONE,679-594-3078
DOC-0414,PHONE,835-725-3326
DOC-0414,EMAIL,richard.jones@yahoo.com
DOC-0415,PERSON,Linda Scott
DOC-0415,DOB,06/14/1950
DOC-0415,MEDICAL,anxiety disorder
DOC-0415,MEDICAL,hypothyroidism
DOC-0415,PERSON,Steven Perez
DOC-0415,PHONE,254-651-4466
DOC-0416,PERSON,Joseph Davis
DOC-0416,MEDICAL,asthma
DOC-0416,PHONE,(744) 303-4513
DOC-0417,PERSON,Michael Lopez
DOC-0417,DOB,12/20/2004
DOC-0417,MEDICAL,COPD
DOC-0420,PERSON,Daniel Wright
DOC-0420,DOB,11/16/1972
DOC-0420,MEDICAL,Type 2 diabetes mellitus
DOC-0420,PERSON,Daniel Martin
DOC-0420,PHONE,927-541-8484
DOC-0421,PERSON,Richard Harris
DOC-0421,CREDIT_CARD,8245-5696-4430-9851
DOC-0421,EMAIL,sandra.torres@gmail.com
DOC-0421,PHONE,208-710-2410
DOC-0423,PERSON,Jennifer Moore
DOC-0423,EMAIL,elizabeth.gonzalez56@gmail.com
DOC-0423,PHONE,497-424-0526
DOC-0424,PERSON,Christopher Nguyen
DOC-0424,DOB,11/25/1957
DOC-0424,SSN,139-63-9081
DOC-0424,ADDRESS,"5098 Cedar Blvd, Clinton, NY 21219"
DOC-0424,EMAIL,karen.torres@example-health.org
DOC-0424,PHONE,(387) 584-7158
DOC-0425,PERSON,William Flores
DOC-0425,PHONE,509-448-9508
DOC-0425,PERSON,William Flores
DOC-0427,PERSON,Linda Nguyen
DOC-0427,DOB,12/23/2005
DOC-0427,SSN,210-76-2361
DOC-0427,ADDRESS,"2335 Hillcrest Blvd, Salem, OR 39300"
DOC-0427,PHONE,891-855-2535
DOC-0427,EMAIL,karen.smith63@citymail.net
DOC-0427,PERSON,Richard Davis
DOC-0427,PHONE,(268) 200-2507
DOC-0428,PHONE,873-831-2018
DOC-0428,EMAIL,elizabeth.johnson@postbox.io
DOC-0428,PERSON,Jessica Hernandez
DOC-0429,PERSON,Sandra Clark
DOC-0429,PHONE,635-351-0458
DOC-0429,PERSON,Sandra Davis
DOC-0430,PHONE,483-209-2593
DOC-0430,EMAIL,steven.allen@citymail.net
DOC-0430,PERSON,Kimberly Harris
DOC-0431,PERSON,Betty Jones
DOC-0431,EMAIL,donald.harris61@citymail.net
DOC-0432,PHONE,(531) 978-3793
DOC-0432,EMAIL,michael.lopez@postbox.io
DOC-0432,PERSON,Anthony Jones
DOC-0433,PERSON,Mark Harris
DOC-0433,PHONE,(336) 852-9400
DOC-0433,PERSON,Richard Taylor
DOC-0434,PERSON,Susan Williams
DOC-0434,PHONE,343-205-5891
DOC-0434,PERSON,Andrew Wright
DOC-0435,PERSON,John Lewis
DOC-0435,EMAIL,margaret.harris10@gmail.com
DOC-0435,PHONE,(330) 729-4886
DOC-0438,PERSON,William Wilson
DOC-0438,PHONE,(760) 951-5400
DOC-0438,PERSON,Jessica Young
DOC-0439,PERSON,Sarah Williams
DOC-0439,EMAIL,michael.williams64@yahoo.com
DOC-0439,PHONE,865-558-7069
DOC-0441,PERSON,Daniel Gonzalez
DOC-0441,PHONE,(294) 802-0164
DOC-0442,PERSON,Charles Rodriguez
DOC-0442,EMAIL,joshua.sanchez62@gmail.com
DOC-0442,PHONE,872-278-1251
DOC-0443,PERSON,Kimberly Moore
DOC-0443,DOB,12/18/1980
DOC-0443,SSN,056-54-6731
DOC-0443,PHONE,(408) 340-8535
DOC-0443,EMAIL,karen.scott@outlook.com
DOC-0443,PERSON,Elizabeth Williams
DOC-0443,PHONE,440-915-7213
DOC-0445,PERSON,Joshua Perez
DOC-0445,DOB,"October 7, 1973"
DOC-0445,SSN,350-89-7111
DOC-0445,ADDRESS,"1890 Washington Ave, Springfield, IL 82521"
DOC-0445,PHONE,597-938-4709
DOC-0445,EMAIL,margaret.torres93@postbox.io
DOC-0445,PERSON,Kimberly Taylor
DOC-0445,PHONE,(366) 590-7656
DOC-0446,PERSON,Karen Torres
DOC-0446,DOB,05/28/1981
DOC-0446,MEDICAL,gastroesophageal reflux disease
DOC-0446,PHONE,217-650-0145
DOC-0448,PERSON,Joseph Davis
DOC-0448,PHONE,870-239-3018
DOC-0448,PERSON,Donna Lee
DOC-0449,PERSON,Daniel Miller
DOC-0449,PHONE,279-442-3343
DOC-0450,PERSON,Lisa Walker
DOC-0450,MEDICAL,hypertension
DOC-0450,MEDICAL,COPD
DOC-0450,PERSON,Elizabeth Nguyen
DOC-0451,PERSON,Andrew Allen
DOC-0451,EMAIL,andrew.scott@example-health.org
DOC-0451,PHONE,(950) 324-8646
DOC-0452,PERSON,Joseph Robinson
DOC-0452,EMAIL,christopher.davis@hotmail.com
DOC-0452,PHONE,(950) 619-5929
DOC-0453,PERSON,Donna Rodriguez
DOC-0453,SSN,084-62-6898
DOC-0453,ADDRESS,"9538 Hillcrest Blvd, Franklin, TN 74775"
DOC-0453,EMAIL,richard.lopez@yahoo.com
DOC-0453,PHONE,323-628-4315
DOC-0454,PERSON,Linda Perez
DOC-0454,DOB,10/20/1983
DOC-0454,ADDRESS,"6800 Elm St, Salem, OR 92684"
DOC-0454,EMAIL,mark.ramirez@citymail.net
DOC-0454,PHONE,(337) 951-3005
DOC-0455,PERSON,Andrew King
DOC-0455,PHONE,737-793-8326
DOC-0455,PERSON,Charles Lee
DOC-0456,PERSON,Linda Jackson
DOC-0456,EMAIL,sarah.young@yahoo.com
DOC-0457,PERSON,James Young
DOC-0457,CREDIT_CARD,9678-2741-1767-4121
DOC-0457,EMAIL,jennifer.anderson@outlook.com
DOC-0457,PHONE,360-719-5494
DOC-0458,PERSON,James Thomas
DOC-0458,DOB,"October 13, 1957"
DOC-0458,SSN,226-96-3205
DOC-0458,ADDRESS,"2582 Pine Ln, Salem, OR 73505"
DOC-0458,PHONE,391-951-8138
DOC-0458,EMAIL,william.gonzalez@example-health.org
DOC-0458,PERSON,Susan Smith
DOC-0458,PHONE,(644) 268-8039
DOC-0459,PHONE,812-565-8903
DOC-0459,EMAIL,charles.miller@postbox.io
DOC-0459,PERSON,Charles Clark
DOC-0460,PERSON,Donald Young
DOC-0460,EMAIL,joshua.clark@gmail.com
DOC-0460,PHONE,(497) 474-8314
DOC-0461,PERSON,Ashley Anderson
DOC-0461,EMAIL,nancy.williams@hotmail.com
DOC-0461,PHONE,(426) 786-2728
DOC-0461,PERSON,Linda Flores
DOC-0463,PERSON,Nancy Clark
DOC-0463,EMAIL,susan.scott@gmail.com
DOC-0463,PHONE,(236) 220-8627
DOC-0463,PERSON,Steven Sanchez
DOC-0464,PHONE,(334) 958-4423
DOC-0464,EMAIL,john.jones65@citymail.net
DOC-0464,PERSON,Anthony Johnson
DOC-0465,PERSON,Karen Moore
DOC-0465,PHONE,669-407-1633
DOC-0465,PERSON,Andrew Walker
DOC-0466,PERSON,Ashley Sanchez
DOC-0466,DOB,09/23/1987
DOC-0466,SSN,230-83-0407
DOC-0466,ADDRESS,"7426 Washington Ave, Georgetown, TX 58473"
DOC-0466,PHONE,688-776-1785
DOC-0466,EMAIL,nancy.martinez@gmail.com
DOC-0466,PHONE,(412) 701-9722
DOC-0467,PERSON,Sarah Wilson
DOC-0467,DOB,09/16/2002
DOC-0467,SSN,669-40-5272
DOC-0467,ADDRESS,"8529 Lake Rd, Salem, OR 82719"
DOC-0467,PHONE,(957) 950-1334
DOC-0467,EMAIL,margaret.jones@postbox.io
DOC-0467,PERSON,James Hernandez
DOC-0467,PHONE,(732) 966-1990
DOC-0468,PERSON,Kimberly Lee
DOC-0468,EMAIL,michelle.white73@yahoo.com
DOC-0468,PHONE,(344) 497-8572
DOC-0468,PERSON,Michelle White
DOC-0469,PERSON,Karen Gonzalez
DOC-0469,PHONE,404-910-1537
DOC-0469,PERSON,Nancy Miller
DOC-0470,PERSON,Charles Ramirez
DOC-0470,SSN,261-81-8864
DOC-0470,ADDRESS,"9810 Cedar Blvd, Riverside, CA 29978"
DOC-0470,PHONE,777-304-2075
DOC-0471,PERSON,Christopher Jones
DOC-0471,PHONE,253-340-8383
DOC-0471,PERSON,Margaret Walker
DOC-0472,PERSON,Kimberly Garcia
DOC-0472,DOB,"March 21, 1967"
DOC-0472,SSN,730-28-7163
DOC-0472,ADDRESS,"8130 Hillcrest Blvd, Salem, OR 42838"
DOC-0472,EMAIL,linda.scott56@outlook.com
DOC-0472,PHONE,382-225-5991
DOC-0473,PERSON,Thomas Allen
DOC-0473,DOB,10/09/1941
DOC-0473,SSN,282-92-7843
DOC-0473,ADDRESS,"4246 Washington Ave, Springfield, IL 45936"
DOC-0473,PHONE,822-847-7446
DOC-0474,PERSON,Patricia Lewis
DOC-0474,PERSON,Michael Wright
DOC-0475,PERSON,Betty Clark
DOC-0475,DOB,"February 7, 1947"
DOC-0475,MEDICAL,hyperlipidemia
DOC-0475,PHONE,(946) 473-1375
DOC-0476,PERSON,Nancy Robinson
DOC-0476,PHONE,781-913-1410
DOC-0476,PERSON,Jennifer Davis
DOC-0477,PERSON,Sandra Garcia
DOC-0477,DOB,05/27/1971
DOC-0477,MEDICAL,hyperlipidemia
DOC-0477,PERSON,Karen Brown
DOC-0477,PHONE,(588) 922-4703
DOC-0478,PERSON,Kimberly Lewis
DOC-0478,DOB,01/27/1961
DOC-0478,SSN,160-78-9317
DOC-0478,EMAIL,charles.wilson44@example-health.org
DOC-0478,PHONE,(764) 960-4406
DOC-0479,PERSON,Christopher Miller
DOC-0479,PHONE,(844) 567-0129
DOC-0479,PERSON,Anthony Walker
DOC-0480,PHONE,807-789-7126
DOC-0480,EMAIL,donald.thomas33@outlook.com
DOC-0480,PERSON,Joshua Perez
DOC-0481,PERSON,David Allen
DOC-0481,ADDRESS,"9879 Maple Rd, Clinton, NY 78692"
DOC-0481,CREDIT_CARD,3922 5014 2576 2701
DOC-0481,EMAIL,barbara.martin@yahoo.com
DOC-0481,PHONE,(441) 408-7152
DOC-0482,PERSON,Jessica Miller
DOC-0482,CREDIT_CARD,6252654696815790
DOC-0483,PERSON,Joseph Rodriguez
DOC-0483,DOB,04/02/2003
DOC-0483,MEDICAL,hypothyroidism
DOC-0484,PERSON,Sandra Garcia
DOC-0484,PHONE,554-902-1661
DOC-0484,PERSON,James Hernandez
DOC-0485,PERSON,Margaret Taylor
DOC-0485,DOB,"October 26, 1954"
DOC-0485,SSN,462-74-6108
DOC-0485,EMAIL,linda.lopez55@postbox.io
DOC-0486,PERSON,Thomas Ramirez
DOC-0486,SSN,025-79-4378
DOC-0486,ADDRESS,"5948 Maple Rd, Clinton, NY 64664"
DOC-0486,EMAIL,mary.lewis@citymail.net
DOC-0486,PHONE,236-810-1829
DOC-0487,PERSON,Kimberly Torres
DOC-0487,ADDRESS,"1354 Lake Rd, Springfield, IL 52806"
DOC-0487,CREDIT_CARD,5029-1681-5466-0241
DOC-0487,EMAIL,linda.gonzalez@outlook.com
DOC-0488,PERSON,Sarah Smith
DOC-0488,EMAIL,anthony.wilson@citymail.net
DOC-0488,PHONE,332-481-4375
DOC-0488,PERSON,Joshua Lee
DOC-0489,PERSON,Paul Harris
DOC-0489,DOB,09/01/2000
DOC-0489,SSN,328-54-7280
DOC-0489,ADDRESS,"8276 Maple Rd, Salem, OR 37608"
DOC-0489,PHONE,(612) 233-9360
DOC-0490,PHONE,625-983-0383
DOC-0490,PERSON,William Harris
DOC-0491,PERSON,Emily Clark
DOC-0491,DOB,"April 14, 1985"
DOC-0491,MEDICAL,atrial fibrillation
DOC-0491,PERSON,Lisa Miller
DOC-0491,PHONE,880-903-5206
DOC-0492,PERSON,Matthew Nguyen
DOC-0492,DOB,07/14/1993
DOC-0492,SSN,030-89-3673
DOC-0492,ADDRESS,"8348 Maple Rd, Milton, FL 20552"
DOC-0492,PHONE,(813) 784-6697
DOC-0492,EMAIL,christopher.flores@example-health.org
DOC-0492,PERSON,Donald Garcia
DOC-0492,PHONE,579-223-9852
DOC-0493,PERSON,Barbara Robinson
DOC-0493,PHONE,(363) 450-7572
DOC-0494,PERSON,Joshua Wright
DOC-0494,PHONE,931-224-7184
DOC-0494,PERSON,Patricia Jackson
DOC-0495,PERSON,Elizabeth Taylor
DOC-0495,DOB,12/06/1954
DOC-0495,SSN,674-53-2325
DOC-0495,ADDRESS,"3543 Cedar Blvd, Salem, OR 44669"
DOC-0495,PHONE,299-537-1213
DOC-0495,EMAIL,ashley.thomas@outlook.com
DOC-0495,PERSON,Charles Lewis
DOC-0495,PHONE,538-661-4225
DOC-0496,PERSON,William Martinez
DOC-0496,DOB,07/09/1977
DOC-0496,MEDICAL,Type 2 diabetes mellitus
DOC-0496,EMAIL,susan.nguyen@example-health.org
DOC-0497,PERSON,David King
DOC-0497,DOB,"March 16, 2001"
DOC-0497,SSN,015-95-1060
DOC-0497,ADDRESS,"5168 Elm St, Georgetown, TX 37057"
DOC-0497,PHONE,946-322-3226
DOC-0498,PERSON,Patricia Lewis
DOC-0498,PHONE,(780) 735-4062
DOC-0498,PERSON,Thomas Lopez
DOC-0499,PERSON,William King
DOC-0499,MEDICAL,psoriasis
DOC-0499,PHONE,(675) 300-8797
DOC-0500,PERSON,Donna Ramirez
DOC-0500,PHONE,(314) 937-7252
DOC-0500,PERSON,Donna Flores
DOC-0501,PERSON,Thomas Wright
DOC-0501,DOB,06/09/1971
DOC-0501,SSN,516-49-7209
DOC-0501,ADDRESS,"8089 Oak Ave, Franklin, TN 10854"
DOC-0501,EMAIL,christopher.allen@yahoo.com
DOC-0501,PHONE,383-267-7078
DOC-0502,PERSON,Andrew Martinez
DOC-0502,DOB,"March 7, 1981"
DOC-0502,MEDICAL,coronary artery disease
DOC-0502,PHONE,361-824-2574
DOC-0503,PERSON,Christopher Lewis
DOC-0503,EMAIL,karen.ramirez@postbox.io
DOC-0503,PERSON,Anthony Thompson
DOC-0504,PERSON,Susan Flores
DOC-0504,EMAIL,steven.lewis@gmail.com
DOC-0505,PERSON,Mark Jackson
DOC-0505,EMAIL,linda.walker18@gmail.com
DOC-0505,PHONE,(532) 993-6779
DOC-0505,PERSON,Elizabeth Nguyen
DOC-0506,PERSON,William Jones
DOC-0506,DOB,06/25/1980
DOC-0506,SSN,220-33-5263
DOC-0506,ADDRESS,"7650 Lake Rd, Georgetown, TX 57474"
DOC-0506,PHONE,541-403-4243
DOC-0506,EMAIL,joshua.johnson@citymail.net
DOC-0506,PERSON,Anthony Ramirez
DOC-0506,PHONE,(605) 698-0786
DOC-0507,PERSON,Andrew Robinson
DOC-0507,DOB,02/25/1964
DOC-0507,SSN,839-45-7630
DOC-0507,ADDRESS,"5514 Lake Rd, Franklin, TN 19571"
DOC-0507,PHONE,386-863-9424
DOC-0507,EMAIL,sandra.king89@postbox.io
DOC-0507,PERSON,Margaret Johnson
DOC-0507,PHONE,(611) 788-4813
DOC-0508,PERSON,Richard Martinez
DOC-0508,ADDRESS,"3076 Cedar Blvd, Clinton, NY 23224"
DOC-0508,CREDIT_CARD,0890-2851-5533-3420
DOC-0508,EMAIL,joseph.wilson@gmail.com
DOC-0508,PHONE,340-650-2017
DOC-0509,PERSON,David Wilson
DOC-0509,PERSON,Christopher Clark
DOC-0510,PHONE,302-563-5904
DOC-0510,PERSON,Jennifer Harris
DOC-0512,PERSON,Barbara Lopez
DOC-0512,DOB,"December 26, 1959"
DOC-0512,SSN,186-56-1792
DOC-0512,ADDRESS,"8252 Maple Rd, Springfield, IL 36748"
DOC-0513,PHONE,267-315-7793
DOC-0513,EMAIL,anthony.wright@postbox.io
DOC-0513,PERSON,Joshua Smith
DOC-0514,PERSON,William Anderson
DOC-0514,EMAIL,steven.rodriguez@citymail.net
DOC-0514,PHONE,284-961-1553
DOC-0515,PERSON,William Lee
DOC-0515,CREDIT_CARD,6529060320203261
DOC-0517,PERSON,Kimberly Taylor
DOC-0517,DOB,06/14/1948
DOC-0517,MEDICAL,hyperlipidemia
DOC-0517,MEDICAL,major depressive disorder
DOC-0517,PERSON,Joseph Robinson
DOC-0518,PERSON,Daniel King
DOC-0518,DOB,10/28/1959
DOC-0518,MEDICAL,hypertension
DOC-0518,PHONE,(745) 571-8838
DOC-0519,PERSON,Betty Jackson
DOC-0519,DOB,"September 14, 1989"
DOC-0519,SSN,480-51-2230
DOC-0519,ADDRESS,"1327 Pine Ln, Springfield, IL 42942"
DOC-0519,PHONE,(925) 769-5105
DOC-0519,PERSON,Anthony Rodriguez
DOC-0519,PHONE,(347) 692-2625
DOC-0520,PERSON,Mark Martinez
DOC-0520,SSN,534-49-8589
DOC-0520,ADDRESS,"7819 Oak Ave, Milton, FL 40432"
DOC-0520,PHONE,(876) 648-4895
DOC-0520,EMAIL,paul.flores@gmail.com
DOC-0520,PERSON,Nancy Moore
DOC-0520,PHONE,(241) 590-4185
DOC-0521,PERSON,Patricia Miller
DOC-0521,DOB,12/24/1975
DOC-0521,MEDICAL,migraine
DOC-0521,MEDICAL,atrial fibrillation
DOC-0521,PERSON,Anthony Taylor
DOC-0521,PHONE,(565) 285-0211
DOC-0522,PERSON,Robert Hill
DOC-0522,DOB,"October 27, 1953"
DOC-0522,ADDRESS,"6010 Oak Ave, Georgetown, TX 86037"
DOC-0522,PHONE,240-555-7212
DOC-0523,PERSON,Daniel Thompson
DOC-0523,DOB,04/09/1985
DOC-0523,MEDICAL,hypertension
DOC-0523,MEDICAL,atrial fibrillation
DOC-0523,PERSON,Sandra Taylor
DOC-0523,PHONE,987-364-3430
DOC-0524,PERSON,Betty Lee
DOC-0524,PHONE,836-709-3050
DOC-0525,PERSON,Emily Wright
DOC-0525,DOB,07/20/1962
DOC-0525,SSN,204-21-1483
DOC-0525,ADDRESS,"4416 Park Ln, Madison, WI 29105"
DOC-0525,EMAIL,nancy.wright@yahoo.com
DOC-0525,PHONE,(594) 306-4815
DOC-0526,PERSON,Elizabeth Smith
DOC-0526,EMAIL,charles.thomas3@hotmail.com
DOC-0526,PHONE,(649) 624-9114
DOC-0527,PERSON,Margaret White
DOC-0527,CREDIT_CARD,5358 5125 3892 1876
DOC-0528,PERSON,John Hernandez
DOC-0528,DOB,09/15/1942
DOC-0528,SSN,059-54-7809
DOC-0528,ADDRESS,"5907 Maple Rd, Riverside, CA 18573"
DOC-0528,EMAIL,sarah.torres33@gmail.com
DOC-0528,PHONE,930-812-8041
DOC-0529,PERSON,James Flores
DOC-0529,PERSON,David Gonzalez
DOC-0530,PERSON,Anthony Harris
DOC-0530,DOB,03/28/2000
DOC-0530,ADDRESS,"4229 Maple Rd, Madison, WI 75494"
DOC-0530,PHONE,432-559-1336
DOC-0532,PERSON,Daniel Miller
DOC-0532,DOB,10/12/1959
DOC-0532,SSN,452-32-8312
DOC-0532,ADDRESS,"598 Maple Rd, Salem, OR 91537"
DOC-0532,PHONE,239-750-1970
DOC-0532,EMAIL,charles.miller45@yahoo.com
DOC-0532,PERSON,Donna King
DOC-0532,PHONE,(371) 302-8153
DOC-0533,PHONE,(875) 924-9685
DOC-0533,EMAIL,kimberly.garcia85@outlook.com
DOC-0533,PERSON,Kimberly Torres
DOC-0534,PERSON,Matthew Garcia
DOC-0535,PHONE,(392) 560-8810
DOC-0535,EMAIL,margaret.allen@example-health.org
DOC-0535,PERSON,Lisa Williams
DOC-0537,PERSON,Betty Williams
DOC-0537,CREDIT_CARD,2293 9469 4346 0663
DOC-0538,PERSON,David Young
DOC-0538,PHONE,268-387-8797
DOC-0538,PERSON,David Taylor
DOC-0539,PERSON,Emily Young
DOC-0539,ADDRESS,"8591 Cedar Blvd, Franklin, TN 14678"
DOC-0539,CREDIT_CARD,7711306211369577
DOC-0539,EMAIL,robert.allen@postbox.io
DOC-0541,PERSON,Emily Hernandez
DOC-0541,DOB,09/11/1958
DOC-0541,MEDICAL,asthma
DOC-0541,MEDICAL,hypothyroidism
DOC-0541,PHONE,217-833-2783
DOC-0542,PERSON,Mary Walker
DOC-0542,DOB,05/22/1989
DOC-0542,SSN,461-40-8037
DOC-0542,ADDRESS,"5755 Park Ln, Clinton, NY 93453"
DOC-0542,EMAIL,paul.white@outlook.com
DOC-0542,PERSON,Barbara Harris
DOC-0542,PHONE,(463) 364-6030
DOC-0543,PERSON,Mark Harris
DOC-0543,CREDIT_CARD,7555-6283-3339-3958
DOC-0544,PERSON,Patricia Gonzalez
DOC-0544,DOB,"June 18, 1967"
DOC-0544,ADDRESS,"7358 Washington Ave, Franklin, TN 13124"
DOC-0544,EMAIL,susan.harris73@yahoo.com
DOC-0544,PHONE,(479) 963-9230
DOC-0545,PERSON,Michael Jones
DOC-0545,DOB,"January 1, 1950"
DOC-0545,SSN,892-16-5431
DOC-0545,PHONE,961-354-3489
DOC-0545,EMAIL,john.white@example-health.org
DOC-0545,PERSON,Mark Walker
DOC-0545,PHONE,546-920-2870
DOC-0546,PERSON,Mark Miller
DOC-0546,CREDIT_CARD,6720-9579-9270-7951
DOC-0546,EMAIL,john.lopez18@outlook.com
DOC-0547,PERSON,Kimberly Johnson
DOC-0547,CREDIT_CARD,7520 3447 6504 7152
DOC-0548,PHONE,543-575-8398
DOC-0548,EMAIL,anthony.perez@citymail.net
DOC-0548,PERSON,Thomas Scott
DOC-0550,PERSON,James Smith
DOC-0550,DOB,10/03/1983
DOC-0550,PHONE,(846) 538-1733
DOC-0552,PERSON,Donald Jackson
DOC-0552,ADDRESS,"7351 Park Ln, Springfield, IL 34238"
DOC-0552,CREDIT_CARD,8012 3428 9311 3253
DOC-0552,EMAIL,betty.nguyen38@hotmail.com
DOC-0553,PERSON,Michelle Ramirez
DOC-0553,PHONE,(281) 890-7306
DOC-0553,PERSON,Jennifer Lee
DOC-0554,PERSON,Karen Young
DOC-0554,DOB,09/24/1980
DOC-0554,MEDICAL,coronary artery disease
DOC-0554,MEDICAL,hypertension
DOC-0554,PERSON,Daniel Clark
DOC-0555,PERSON,Elizabeth Nguyen
DOC-0555,EMAIL,barbara.wilson@hotmail.com
DOC-0555,PHONE,683-353-4438
DOC-0556,PERSON,Ashley Brown
DOC-0556,MEDICAL,psoriasis
DOC-0556,PHONE,(822) 496-2317
DOC-0558,PHONE,(452) 414-5344
DOC-0558,EMAIL,christopher.walker36@outlook.com
DOC-0558,PERSON,Andrew Perez
DOC-0559,PERSON,Matthew Martinez
DOC-0559,PHONE,838-529-1332
DOC-0560,PERSON,Daniel Flores
DOC-0560,EMAIL,donald.scott@outlook.com
DOC-0560,PHONE,(696) 521-9908
DOC-0560,PERSON,Richard Hill
DOC-0561,PERSON,Elizabeth Jackson
DOC-0561,ADDRESS,"7005 Main St, Springfield, IL 20316"
DOC-0561,CREDIT_CARD,5727-6829-7514-7437
DOC-0561,PHONE,326-253-5349
DOC-0562,PERSON,Andrew Torres
DOC-0562,DOB,09/02/1945
DOC-0562,MEDICAL,hyperlipidemia
DOC-0562,MEDICAL,psoriasis
DOC-0562,PERSON,John Jones
DOC-0562,PHONE,(343) 355-1675
DOC-0563,PERSON,Susan Lewis
DOC-0563,PHONE,(362) 318-4272
DOC-0563,PERSON,Jessica Brown
DOC-0564,PERSON,Christopher Harris
DOC-0564,PHONE,(224) 885-6798
DOC-0564,PERSON,Robert Gonzalez
DOC-0565,PERSON,Paul Smith
DOC-0565,MEDICAL,anxiety disorder
DOC-0565,PHONE,363-406-9955
DOC-0566,PERSON,Linda Williams
DOC-0566,DOB,"February 24, 1989"
DOC-0566,SSN,211-35-9342
DOC-0566,ADDRESS,"9820 Pine Ln, Georgetown, TX 49763"
DOC-0566,PHONE,(569) 674-0890
DOC-0566,EMAIL,andrew.taylor28@gmail.com
DOC-0566,PERSON,Karen Smith
DOC-0566,PHONE,(421) 385-5471
DOC-0568,PERSON,Michael Brown
DOC-0568,DOB,04/21/1987
DOC-0568,ADDRESS,"467 Pine Ln, Madison, WI 48989"
DOC-0568,PHONE,988-235-1967
DOC-0568,EMAIL,elizabeth.taylor@gmail.com
DOC-0568,PERSON,Mary Walker
DOC-0569,PERSON,James Torres
DOC-0569,SSN,899-45-4613
DOC-0569,ADDRESS,"4480 Lake Rd, Georgetown, TX 13199"
DOC-0569,PHONE,(887) 478-3081
DOC-0569,PERSON,Andrew Ramirez
DOC-0569,PHONE,(772) 919-8004
DOC-0570,PHONE,(555) 985-4791
DOC-0570,PERSON,Jennifer Hill
DOC-0571,PERSON,Joshua Perez
DOC-0571,DOB,"October 5, 1960"
DOC-0571,SSN,813-36-6493
DOC-0571,ADDRESS,"1934 Oak Ave, Madison, WI 75717"
DOC-0571,PHONE,(757) 242-8512
DOC-0571,EMAIL,andrew.smith33@citymail.net
DOC-0571,PERSON,David Anderson
DOC-0571,PHONE,900-926-5486
DOC-0572,PERSON,James Allen
DOC-0572,DOB,"August 5, 1953"
DOC-0572,SSN,713-49-3962
DOC-0572,ADDRESS,"3529 Washington Ave, Clinton, NY 81036"
DOC-0572,PHONE,(853) 298-3129
DOC-0572,EMAIL,mary.johnson@yahoo.com
DOC-0572,PERSON,Barbara Jones
DOC-0574,PERSON,Ashley Johnson
DOC-0574,EMAIL,matthew.williams@hotmail.com
DOC-0574,PHONE,(458) 756-1508
DOC-0574,PERSON,Jessica Miller
DOC-0575,PERSON,James Rodriguez
DOC-0575,DOB,09/15/1943
DOC-0575,SSN,186-69-4501
DOC-0575,ADDRESS,"8877 Park Ln, Madison, WI 95682"
DOC-0575,PHONE,(941) 249-4148
DOC-0575,PERSON,David Williams
DOC-0575,PHONE,497-815-5429
DOC-0576,PHONE,(434) 930-7285
DOC-0576,EMAIL,michael.hernandez@citymail.net
DOC-0576,PERSON,Joshua Torres
DOC-0578,PERSON,Linda Johnson
DOC-0578,DOB,02/19/1960
DOC-0578,SSN,202-67-8944
DOC-0578,ADDRESS,"4410 Elm St, Ashland, KY 72636"
DOC-0578,PHONE,268-872-3039
DOC-0578,EMAIL,linda.scott@yahoo.com
DOC-0578,PERSON,Elizabeth Martin
DOC-0578,PHONE,(336) 964-6401
DOC-0579,PHONE,(690) 419-1622
DOC-0579,EMAIL,matthew.scott82@example-health.org
DOC-0579,PERSON,John Martinez
DOC-0580,PERSON,Joseph Taylor
DOC-0580,DOB,01/25/1992
DOC-0580,MEDICAL,atrial fibrillation
DOC-0580,PERSON,Mary Gonzalez
DOC-0580,PHONE,887-943-6122
DOC-0581,PERSON,Anthony Jones
DOC-0581,DOB,12/25/1950
DOC-0581,MEDICAL,hypertension
DOC-0581,PHONE,578-484-6443
DOC-0582,PERSON,Donald Perez
DOC-0582,DOB,"December 16, 1951"
DOC-0582,SSN,546-76-1031
DOC-0582,ADDRESS,"4545 Pine Ln, Clinton, NY 47872"
DOC-0582,PHONE,808-725-3732
DOC-0582,EMAIL,christopher.thomas@outlook.com
DOC-0582,PERSON,Karen Gonzalez
DOC-0582,PHONE,543-730-6742
DOC-0584,PERSON,Andrew Robinson
DOC-0584,EMAIL,paul.perez@example-health.org
DOC-0584,PHONE,273-458-2038
DOC-0584,PERSON,Emily Sanchez
DOC-0588,PERSON,Margaret Thomas
DOC-0588,CREDIT_CARD,3399-9485-3208-9532
DOC-0589,PERSON,Michael Thomas
DOC-0589,CREDIT_CARD,9223 4103 4699 6732
DOC-0589,EMAIL,anthony.lewis@citymail.net
DOC-0589,PHONE,(593) 829-6228
DOC-0591,PERSON,Matthew Hill
DOC-0591,EMAIL,donald.johnson88@yahoo.com
DOC-0591,PHONE,860-914-1059
DOC-0592,PERSON,Joseph Moore
DOC-0592,DOB,05/16/1986
DOC-0592,SSN,225-84-8473
DOC-0592,ADDRESS,"3307 Park Ln, Ashland, KY 14757"
DOC-0592,EMAIL,matthew.white@gmail.com
DOC-0592,PHONE,(924) 362-1513
DOC-0593,PERSON,Michelle Brown
DOC-0593,DOB,05/18/1962
DOC-0593,PHONE,(746) 391-4024
DOC-0594,PERSON,Sandra Thomas
DOC-0594,DOB,03/23/1998
DOC-0594,MEDICAL,rheumatoid arthritis
DOC-0594,MEDICAL,coronary artery disease
DOC-0594,PERSON,Joshua Williams
DOC-0594,PHONE,(268) 586-2226
DOC-0595,PHONE,969-457-8576
DOC-0595,EMAIL,david.allen@postbox.io
DOC-0595,PERSON,Robert Wilson
DOC-0596,PERSON,Susan Ramirez
DOC-0596,PHONE,853-968-2411
DOC-0596,PERSON,Donna Rodriguez
DOC-0597,PERSON,William Clark
DOC-0597,ADDRESS,"7721 Main St, Fairview, OH 60666"
DOC-0597,EMAIL,margaret.jones@outlook.com
DOC-0598,PERSON,Mary Lewis
DOC-0598,SSN,356-89-5350
DOC-0598,EMAIL,donna.davis@hotmail.com
DOC-0598,PHONE,(981) 726-0592
DOC-0599,PERSON,Richard Clark
DOC-0599,EMAIL,andrew.gonzalez@hotmail.com
DOC-0599,PHONE,(760) 781-4180
DOC-0600,PERSON,Jennifer Robinson
DOC-0600,PHONE,550-831-6096
DOC-0600,PERSON,Thomas Torres
DOC-0601,PERSON,Margaret Walker
DOC-0601,DOB,06/17/1974
DOC-0601,MEDICAL,anxiety disorder
DOC-0601,PHONE,252-805-4920
DOC-0602,PERSON,Anthony Torres
DOC-0602,DOB,05/03/1982
DOC-0602,SSN,639-71-1086
DOC-0602,PHONE,541-579-1937
DOC-0604,PERSON,Patricia Smith
DOC-0604,ADDRESS,"636 Lake Rd, Franklin, TN 27495"
DOC-0604,CREDIT_CARD,4559 1024 5109 1095
DOC-0604,EMAIL,david.sanchez@outlook.com
DOC-0604,PHONE,(807) 498-8619
DOC-0605,PHONE,663-567-8337
DOC-0605,EMAIL,charles.sanchez@postbox.io
DOC-0606,PERSON,John Jackson
DOC-0606,EMAIL,nancy.lee@citymail.net
DOC-0607,PERSON,Matthew Lopez
DOC-0607,EMAIL,ashley.robinson@postbox.io
DOC-0607,PHONE,(926) 531-7366
DOC-0607,PERSON,Christopher Ramirez
DOC-0608,PERSON,Steven Hill
DOC-0608,EMAIL,ashley.moore26@yahoo.com
DOC-0608,PHONE,627-239-0151
DOC-0610,PERSON,Paul Robinson
DOC-0610,CREDIT_CARD,0450-6917-6799-3596
DOC-0611,PERSON,Mark Thomas
DOC-0611,EMAIL,betty.smith@gmail.com
DOC-0611,PHONE,480-748-8954
DOC-0612,PERSON,Jessica Harris
DOC-0612,DOB,03/18/1982
DOC-0612,MEDICAL,Type 2 diabetes mellitus
DOC-0613,PERSON,Michael Jackson
DOC-0613,DOB,09/23/1979
DOC-0613,SSN,071-19-2548
DOC-0613,ADDRESS,"4025 Oak Ave, Springfield, IL 18648"
DOC-0613,EMAIL,sarah.lopez@outlook.com
DOC-0613,PHONE,324-712-8758
DOC-0614,PERSON,John Hernandez
DOC-0614,ADDRESS,"2728 Maple Rd, Fairview, OH 78430"
DOC-0614,CREDIT_CARD,8375056618632394
DOC-0614,EMAIL,john.anderson@example-health.org
DOC-0614,PHONE,989-668-6345
DOC-0615,PERSON,Sandra Garcia
DOC-0615,DOB,02/20/1957
DOC-0615,SSN,786-24-9713
DOC-0615,ADDRESS,"8200 Maple Rd, Salem, OR 82559"
DOC-0615,EMAIL,emily.perez16@postbox.io
DOC-0615,PHONE,(233) 853-5194
DOC-0616,PERSON,Kimberly White
DOC-0616,PHONE,276-710-5052
DOC-0617,PERSON,Christopher Davis
DOC-0617,EMAIL,barbara.torres28@postbox.io
DOC-0617,PHONE,280-437-0804
DOC-0618,PERSON,Sarah Brown
DOC-0618,CREDIT_CARD,2119017075681427
DOC-0620,PERSON,Ashley Scott
DOC-0620,DOB,01/14/1970
DOC-0620,SSN,684-59-3153
DOC-0620,ADDRESS,"5741 Hillcrest Blvd, Clinton, NY 27853"
DOC-0620,PHONE,614-804-6742
DOC-0620,EMAIL,sarah.thomas@citymail.net
DOC-0620,PERSON,Anthony Taylor
DOC-0620,PHONE,(863) 819-8153
DOC-0622,PHONE,309-549-3380
DOC-0622,PERSON,Linda White
DOC-0623,PERSON,Ashley Young
DOC-0623,EMAIL,sarah.ramirez@gmail.com
DOC-0624,PERSON,Donald King
DOC-0624,PERSON,Karen Anderson
DOC-0626,PERSON,Sarah King
DOC-0626,PHONE,(517) 964-6614
DOC-0626,PERSON,John Torres
DOC-0627,PERSON,Elizabeth Johnson
DOC-0627,ADDRESS,"6977 Elm St, Ashland, KY 84442"
DOC-0627,PHONE,532-246-5507
DOC-0628,PERSON,Susan Robinson
DOC-0628,PHONE,(622) 747-1189
DOC-0628,PERSON,Emily Lewis
DOC-0629,PERSON,Susan Garcia
DOC-0629,DOB,04/20/1983
DOC-0629,SSN,826-42-9802
DOC-0629,EMAIL,sarah.wright22@postbox.io
DOC-0629,PHONE,912-946-0104
DOC-0630,PERSON,Mary Miller
DOC-0630,DOB,11/09/1942
DOC-0630,MEDICAL,coronary artery disease
DOC-0631,PERSON,Lisa Martin
DOC-0632,PHONE,434-916-2722
DOC-0632,EMAIL,kimberly.scott87@example-health.org
DOC-0632,PERSON,Donna Perez
DOC-0633,PERSON,Mary Gonzalez
DOC-0633,EMAIL,betty.jackson49@hotmail.com
DOC-0633,PHONE,(293) 795-1889
DOC-0635,PERSON,Nancy King
DOC-0635,CREDIT_CARD,5822067323182976
DOC-0635,EMAIL,paul.garcia@hotmail.com
DOC-0635,PHONE,368-897-4527
DOC-0637,PERSON,Matthew Davis
DOC-0637,DOB,"November 10, 2004"
DOC-0637,MEDICAL,migraine
DOC-0637,PERSON,Jennifer Wright
DOC-0639,PERSON,Betty Harris
DOC-0639,EMAIL,andrew.davis@yahoo.com
DOC-0639,PHONE,475-723-3733
DOC-0640,PHONE,412-446-6720
DOC-0640,EMAIL,michelle.thompson3@postbox.io
DOC-0641,PERSON,Thomas Taylor
DOC-0641,DOB,09/16/1962
DOC-0641,SSN,255-76-3176
DOC-0641,ADDRESS,"8757 Washington Ave, Georgetown, TX 94900"
DOC-0641,EMAIL,elizabeth.jones19@hotmail.com
DOC-0641,PERSON,Michelle Jackson
DOC-0641,PHONE,943-374-8547
DOC-0642,PHONE,360-563-6122
DOC-0642,EMAIL,robert.lopez@citymail.net
DOC-0642,PERSON,Lisa Perez
DOC-0643,PERSON,Joseph Miller
DOC-0643,PHONE,(577) 447-9110
DOC-0643,PERSON,Sarah Perez
DOC-0644,PERSON,Susan Wilson
DOC-0644,EMAIL,jessica.nguyen12@citymail.net
DOC-0644,PHONE,(402) 704-3551
DOC-0645,PERSON,Michael Robinson
DOC-0645,DOB,07/25/2004
DOC-0645,SSN,886-77-0137
DOC-0645,ADDRESS,"3520 Main St, Franklin, TN 13482"
DOC-0645,EMAIL,mary.nguyen@postbox.io
DOC-0645,PHONE,(624) 314-9006
DOC-0646,PERSON,Betty White
DOC-0646,CREDIT_CARD,1491 1894 1843 3681
DOC-0646,PHONE,(374) 940-2583
DOC-0648,PERSON,Kimberly Miller
DOC-0648,ADDRESS,"7089 Oak Ave, Franklin, TN 12355"
DOC-0648,CREDIT_CARD,0308356691062710
DOC-0648,PHONE,548-564-0852
DOC-0649,PERSON,Linda Thomas
DOC-0649,DOB,"September 1, 1978"
DOC-0649,SSN,459-34-5613
DOC-0649,ADDRESS,"7914 Pine Ln, Georgetown, TX 97439"
DOC-0649,PHONE,(763) 954-8660
DOC-0649,EMAIL,anthony.williams@citymail.net
DOC-0649,PERSON,Lisa Flores
DOC-0650,PERSON,Betty Hill
DOC-0650,CREDIT_CARD,9648997184285969
DOC-0650,EMAIL,jessica.martinez43@gmail.com
DOC-0650,PHONE,501-221-8199
DOC-0651,PERSON,Emily Walker
DOC-0651,ADDRESS,"2029 Maple Rd, Madison, WI 69923"
DOC-0651,CREDIT_CARD,6072 3483 8935 9538
DOC-0651,EMAIL,emily.johnson@outlook.com
DOC-0651,PHONE,(617) 879-1930
DOC-0652,PERSON,Daniel Clark
DOC-0652,DOB,04/01/1949
DOC-0652,MEDICAL,hypothyroidism
DOC-0652,MEDICAL,major depressive disorder
DOC-0652,PERSON,Elizabeth Gonzalez
DOC-0652,PHONE,741-521-9363
DOC-0654,PERSON,John Brown
DOC-0654,SSN,084-95-3167
DOC-0654,ADDRESS,"518 Park Ln, Fairview, OH 16280"
DOC-0654,EMAIL,john.harris@example-health.org
DOC-0654,PHONE,863-485-1312
DOC-0656,PERSON,Mark Rodriguez
DOC-0656,DOB,07/22/1991
DOC-0656,SSN,141-54-0318
DOC-0656,ADDRESS,"8163 Hillcrest Blvd, Riverside, CA 91971"
DOC-0656,PHONE,(685) 593-0781
DOC-0656,EMAIL,andrew.hill@gmail.com
DOC-0656,PERSON,Betty King
DOC-0656,PHONE,(890) 746-4305
DOC-0657,PERSON,Michael Garcia
DOC-0657,SSN,770-64-3898
DOC-0657,ADDRESS,"2269 Hillcrest Blvd, Fairview, OH 71306"
DOC-0657,PHONE,707-759-9395
DOC-0657,PERSON,John Wright
DOC-0657,PHONE,(503) 514-4335
DOC-0658,PERSON,Michael Martinez
DOC-0658,DOB,12/26/1999
DOC-0658,MEDICAL,coronary artery disease
DOC-0659,PERSON,Joshua Lewis
DOC-0659,DOB,"July 28, 1969"
DOC-0659,ADDRESS,"3004 Oak Ave, Ashland, KY 81239"
DOC-0659,EMAIL,christopher.clark@yahoo.com
DOC-0659,PHONE,(786) 968-7366
DOC-0660,PERSON,Lisa Smith
DOC-0660,DOB,09/05/1988
DOC-0660,SSN,862-31-2956
DOC-0660,ADDRESS,"5473 Cedar Blvd, Fairview, OH 98327"
DOC-0660,PHONE,363-288-6444
DOC-0660,EMAIL,james.perez@gmail.com
DOC-0660,PERSON,Thomas Sanchez
DOC-0660,PHONE,(783) 353-1193
DOC-0661,PERSON,Robert Perez
DOC-0661,ADDRESS,"3866 Main St, Milton, FL 96810"
DOC-0661,CREDIT_CARD,8694-8424-9598-8114
DOC-0661,EMAIL,paul.allen@citymail.net
DOC-0661,PHONE,870-651-1501
DOC-0662,PERSON,Michelle Jones
DOC-0662,DOB,08/20/1999
DOC-0662,ADDRESS,"7252 Park Ln, Milton, FL 76296"
DOC-0662,PHONE,(709) 935-2521
DOC-0662,EMAIL,christopher.king@hotmail.com
DOC-0662,PERSON,Robert Wright
DOC-0662,PHONE,(525) 897-8591
DOC-0663,PERSON,Linda Hernandez
DOC-0663,DOB,"September 6, 1975"
DOC-0663,MEDICAL,atrial fibrillation
DOC-0663,PHONE,(583) 474-4115
DOC-0664,PERSON,Betty Anderson
DOC-0664,PHONE,(614) 368-4271
DOC-0664,PERSON,Christopher Lopez
DOC-0665,PERSON,Lisa Miller
DOC-0665,DOB,09/04/1968
DOC-0665,MEDICAL,anxiety disorder
DOC-0665,EMAIL,lisa.white4@hotmail.com
DOC-0666,PERSON,Steven Torres
DOC-0666,PHONE,276-315-7884
DOC-0666,PERSON,David Brown
DOC-0667,PHONE,(310) 534-5370
DOC-0667,EMAIL,michael.wilson@outlook.com
DOC-0668,PERSON,Michael Jackson
DOC-0668,ADDRESS,"5898 Oak Ave, Springfield, IL 33242"
DOC-0668,CREDIT_CARD,7698 1987 8092 7046
DOC-0668,PHONE,366-340-5421
DOC-0669,PERSON,Paul Perez
DOC-0669,DOB,"June 26, 1994"
DOC-0669,SSN,808-88-4719
DOC-0669,ADDRESS,"2212 Maple Rd, Ashland, KY 49916"
DOC-0669,PHONE,(540) 226-2230
DOC-0670,PERSON,Christopher Jones
DOC-0670,CREDIT_CARD,3055708368214448
DOC-0671,PHONE,(936) 499-6771
DOC-0671,EMAIL,james.rodriguez47@citymail.net
DOC-0671,PERSON,David White
DOC-0672,PERSON,James Martin
DOC-0673,PERSON,Sandra Lopez
DOC-0673,DOB,06/16/1963
DOC-0673,ADDRESS,"2323 Pine Ln, Salem, OR 59664"
DOC-0673,PHONE,358-784-0535
DOC-0673,EMAIL,elizabeth.flores12@postbox.io
DOC-0673,PERSON,Sandra Harris
DOC-0673,PHONE,(873) 767-3950
DOC-0674,PERSON,Christopher Lopez
DOC-0674,DOB,"March 19, 1962"
DOC-0674,PHONE,(958) 621-2804
DOC-0675,PERSON,Andrew Wright
DOC-0675,EMAIL,susan.lee@outlook.com
DOC-0675,PHONE,627-325-8013
DOC-0676,PHONE,(825) 932-1908
DOC-0676,EMAIL,mark.hill@gmail.com
DOC-0676,PERSON,Barbara Torres
DOC-0677,PERSON,Susan Young
DOC-0677,DOB,"March 19, 1981"
DOC-0677,SSN,532-41-2140
DOC-0677,ADDRESS,"1715 Maple Rd, Springfield, IL 27657"
DOC-0677,EMAIL,barbara.williams@postbox.io
DOC-0677,PERSON,Emily Young
DOC-0677,PHONE,821-902-7628
DOC-0678,PERSON,Karen Thomas
DOC-0678,MEDICAL,atrial fibrillation
DOC-0678,MEDICAL,major depressive disorder
DOC-0678,PERSON,Sandra Jones
DOC-0678,PHONE,(555) 366-3441
DOC-0679,PERSON,James Torres
DOC-0679,PHONE,(807) 711-1522
DOC-0680,PERSON,Sandra Rodriguez
DOC-0680,CREDIT_CARD,0191116612201908
DOC-0681,PERSON,Margaret Harris
DOC-0681,EMAIL,nancy.wilson@citymail.net
DOC-0681,PHONE,(383) 666-4939
DOC-0684,PERSON,William Nguyen
DOC-0684,DOB,01/25/2003
DOC-0684,MEDICAL,gastroesophageal reflux disease
DOC-0684,MEDICAL,major depressive disorder
DOC-0684,PHONE,395-634-5882
DOC-0685,PERSON,Michelle Hernandez
DOC-0685,CREDIT_CARD,7387 4029 9071 6694
DOC-0686,PERSON,Joseph Jackson
DOC-0686,PHONE,(233) 455-0960
DOC-0686,PERSON,Mary Flores
DOC-0687,PERSON,Lisa Jackson
DOC-0687,DOB,03/08/1994
DOC-0687,SSN,863-23-2242
DOC-0687,ADDRESS,"7214 Pine Ln, Salem, OR 10358"
DOC-0687,EMAIL,linda.williams@postbox.io
DOC-0687,PHONE,(321) 726-2009
DOC-0691,PERSON,Andrew Ramirez
DOC-0691,PERSON,Mark Ramirez
DOC-0692,PERSON,Joshua Sanchez
DOC-0692,MEDICAL,anxiety disorder
DOC-0692,PHONE,647-352-1293
DOC-0693,PERSON,John Davis
DOC-0693,PHONE,251-657-9642
DOC-0693,PERSON,Sandra Davis
DOC-0694,PERSON,Sarah Torres
DOC-0694,DOB,06/08/1940
DOC-0694,MEDICAL,asthma
DOC-0694,EMAIL,christopher.lopez@example-health.org
DOC-0695,PERSON,Anthony Harris
DOC-0695,PHONE,(817) 769-4794
DOC-0695,PERSON,Anthony Harris
DOC-0696,PERSON,Barbara Wilson
DOC-0696,DOB,11/19/2005
DOC-0696,MEDICAL,gastroesophageal reflux disease
DOC-0696,PERSON,James Jones
DOC-0696,PHONE,928-470-2705
DOC-0697,PERSON,Thomas Miller
DOC-0697,DOB,04/12/1950
DOC-0697,EMAIL,elizabeth.davis@gmail.com
DOC-0698,PERSON,Kimberly Allen
DOC-0698,DOB,"October 15, 1969"
DOC-0698,SSN,383-66-0188
DOC-0698,ADDRESS,"1112 Hillcrest Blvd, Franklin, TN 13367"
DOC-0698,EMAIL,thomas.wright@hotmail.com
DOC-0698,PHONE,(527) 684-1535
DOC-0699,PERSON,Joshua Ramirez
DOC-0699,DOB,03/15/2004
DOC-0699,MEDICAL,anxiety disorder
DOC-0699,PHONE,(792) 886-7817
DOC-0700,PERSON,Barbara Young
DOC-0700,PHONE,(940) 586-5800
DOC-0701,PERSON,Matthew Wright
DOC-0701,DOB,"December 9, 1971"
DOC-0701,ADDRESS,"5219 Lake Rd, Ashland, KY 29882"
DOC-0701,EMAIL,john.lewis@example-health.org
DOC-0701,PHONE,(546) 304-6323
DOC-0702,PERSON,Michelle Williams
DOC-0702,EMAIL,margaret.rodriguez@hotmail.com
DOC-0702,PHONE,354-970-8637
DOC-0703,PERSON,Daniel Hill
DOC-0703,SSN,239-37-7784
DOC-0703,ADDRESS,"5699 Washington Ave, Springfield, IL 34455"
DOC-0703,EMAIL,emily.allen@outlook.com
DOC-0703,PERSON,Mary Hernandez
DOC-0704,PERSON,John King
DOC-0704,DOB,12/09/1956
DOC-0704,MEDICAL,hypertension
DOC-0704,EMAIL,paul.wright@postbox.io
DOC-0705,PERSON,Barbara Sanchez
DOC-0705,DOB,05/18/1988
DOC-0705,MEDICAL,rheumatoid arthritis
DOC-0705,EMAIL,donna.sanchez90@example-health.org
DOC-0707,PERSON,Daniel Davis
DOC-0707,ADDRESS,"1388 Oak Ave, Salem, OR 65375"
DOC-0707,CREDIT_CARD,0398-8636-5362-1897
DOC-0707,EMAIL,joshua.brown@gmail.com
DOC-0707,PHONE,250-225-9734
DOC-0708,PERSON,Margaret Young
DOC-0709,PERSON,Matthew Rodriguez
DOC-0709,CREDIT_CARD,2654 0165 9953 0061
DOC-0710,PERSON,Michelle Jones
DOC-0710,DOB,01/04/1989
DOC-0710,SSN,288-22-1512
DOC-0710,ADDRESS,"4216 Elm St, Ashland, KY 79914"
DOC-0710,EMAIL,kimberly.harris@postbox.io
DOC-0710,PHONE,749-215-1775
DOC-0711,PERSON,Anthony Taylor
DOC-0711,ADDRESS,"1348 Maple Rd, Madison, WI 29303"
DOC-0711,CREDIT_CARD,1203843753659685
DOC-0711,EMAIL,daniel.hernandez@example-health.org
DOC-0711,PHONE,(379) 517-2095
DOC-0712,PERSON,Richard Jones
DOC-0712,DOB,03/07/1954
DOC-0712,MEDICAL,gastroesophageal reflux disease
DOC-0712,PHONE,492-988-8802
DOC-0715,PERSON,Christopher Wright
DOC-0715,EMAIL,steven.martinez35@yahoo.com
DOC-0715,PHONE,(538) 435-5006
DOC-0716,PERSON,Margaret Thompson
DOC-0716,DOB,05/09/1962
DOC-0716,SSN,688-56-4286
DOC-0716,ADDRESS,"977 Pine Ln, Madison, WI 79695"
DOC-0716,PHONE,(415) 747-5924
DOC-0716,PERSON,Emily Miller
DOC-0716,PHONE,(215) 857-5251
DOC-0717,PERSON,Donald Nguyen
DOC-0717,PHONE,660-897-2253
DOC-0717,PERSON,Matthew Anderson
DOC-0718,PERSON,Jessica Torres
DOC-0720,PHONE,(932) 595-1993
DOC-0720,EMAIL,emily.garcia@outlook.com
DOC-0720,PERSON,Matthew Garcia
DOC-0721,PERSON,Anthony Scott
DOC-0721,DOB,04/11/1957
DOC-0721,PERSON,Robert Smith
DOC-0721,PHONE,403-950-0276
DOC-0722,PERSON,Sarah Garcia
DOC-0722,CREDIT_CARD,1065411340785160
DOC-0723,PERSON,Richard Jackson
DOC-0723,DOB,07/18/1958
DOC-0723,MEDICAL,anxiety disorder
DOC-0723,EMAIL,david.harris@postbox.io
DOC-0724,PERSON,Michelle Jones
DOC-0724,CREDIT_CARD,5059 6257 1976 0939
DOC-0725,PERSON,Jennifer Scott
DOC-0725,CREDIT_CARD,0952-1755-8517-7742
DOC-0727,PERSON,Mark Brown
DOC-0727,ADDRESS,"4465 Pine Ln, Fairview, OH 27287"
DOC-0727,CREDIT_CARD,1854-5705-6820-9225
DOC-0727,EMAIL,james.torres3@gmail.com
DOC-0727,PHONE,(264) 847-6542
DOC-0728,PERSON,James Brown
DOC-0730,PERSON,Joseph Lewis
DOC-0730,EMAIL,patricia.torres@gmail.com
DOC-0730,PHONE,233-673-1161
DOC-0730,PERSON,Donna Lee
DOC-0732,PERSON,Linda Clark
DOC-0732,DOB,10/26/1951
DOC-0732,SSN,145-70-3312
DOC-0732,ADDRESS,"1455 Pine Ln, Ashland, KY 37946"
DOC-0732,EMAIL,john.williams@gmail.com
DOC-0732,PHONE,357-560-9199
DOC-0733,PERSON,Betty Moore
DOC-0733,ADDRESS,"738 Hillcrest Blvd, Madison, WI 66264"
DOC-0733,EMAIL,karen.sanchez18@gmail.com
DOC-0734,PERSON,Joshua Williams
DOC-0734,DOB,06/04/1982
DOC-0734,SSN,645-99-5070
DOC-0734,ADDRESS,"1767 Main St, Milton, FL 40614"
DOC-0734,PHONE,302-285-1640
DOC-0734,EMAIL,steven.harris13@citymail.net
DOC-0734,PERSON,Mary Martinez
DOC-0736,PERSON,Jennifer Lee
DOC-0736,ADDRESS,"3616 Oak Ave, Fairview, OH 33998"
DOC-0736,EMAIL,patricia.thompson91@example-health.org
DOC-0736,PHONE,(890) 574-0459
DOC-0737,PERSON,Susan Ramirez
DOC-0737,PHONE,(246) 718-4656
DOC-0738,PERSON,Lisa Torres
DOC-0738,DOB,03/02/1983
DOC-0738,SSN,073-14-0971
DOC-0738,ADDRESS,"9429 Washington Ave, Salem, OR 85708"
DOC-0738,PHONE,213-859-0314
DOC-0738,EMAIL,andrew.ramirez@gmail.com
DOC-0738,PERSON,Paul Harris
DOC-0738,PHONE,934-649-7823
DOC-0739,PERSON,Mary Smith
DOC-0739,ADDRESS,"7612 Washington Ave, Salem, OR 59411"
DOC-0739,PHONE,(796) 262-3060
DOC-0740,PERSON,Jessica Smith
DOC-0740,DOB,09/09/1992
DOC-0740,SSN,156-24-1448
DOC-0740,ADDRESS,"7376 Washington Ave, Madison, WI 38828"
DOC-0740,EMAIL,william.flores@citymail.net
DOC-0740,PHONE,542-667-5473
DOC-0741,PERSON,James Martinez
DOC-0741,DOB,06/12/1998
DOC-0741,MEDICAL,asthma
DOC-0741,PHONE,(461) 673-7591
DOC-0742,PERSON,Joshua Hernandez
DOC-0742,ADDRESS,"9366 Main St, Fairview, OH 22381"
DOC-0742,PHONE,644-308-1836
DOC-0742,EMAIL,susan.wright@example-health.org
DOC-0742,PERSON,Emily Garcia
DOC-0742,PHONE,947-802-5127
DOC-0743,PERSON,Joshua Martinez
DOC-0743,DOB,"October 16, 2005"
DOC-0743,SSN,824-75-4523
DOC-0743,EMAIL,michael.allen@citymail.net
DOC-0744,PERSON,Susan Rodriguez
DOC-0744,EMAIL,kimberly.davis@outlook.com
DOC-0744,PERSON,William Smith
DOC-0745,PERSON,Jessica White
DOC-0745,PHONE,(935) 398-0678
DOC-0745,PERSON,Steven Garcia
DOC-0746,PERSON,Mark Robinson
DOC-0746,EMAIL,sandra.thompson51@gmail.com
DOC-0746,PHONE,(825) 750-3674
DOC-0748,PERSON,Jessica Wright
DOC-0748,EMAIL,sarah.jones@hotmail.com
DOC-0748,PHONE,(366) 354-9297
DOC-0748,PERSON,Richard Davis
DOC-0749,PERSON,Matthew Anderson
DOC-0749,ADDRESS,"1479 Washington Ave, Franklin, TN 84754"
DOC-0749,EMAIL,richard.anderson@outlook.com
DOC-0750,PERSON,Nancy Scott
DOC-0750,EMAIL,christopher.moore@gmail.com
DOC-0750,PHONE,(895) 727-8408
DOC-0751,PERSON,Thomas Anderson
DOC-0751,CREDIT_CARD,3853 2472 5058 3332
DOC-0752,PERSON,Lisa Robinson
DOC-0752,DOB,12/19/1989
DOC-0752,EMAIL,nancy.gonzalez@hotmail.com
DOC-0754,PERSON,Andrew Harris
DOC-0754,PHONE,445-213-7425
DOC-0755,PERSON,Donna Gonzalez
DOC-0755,MEDICAL,COPD
DOC-0755,EMAIL,christopher.martin28@postbox.io
DOC-0756,PERSON,Ashley King
DOC-0756,PHONE,(564) 371-2327
DOC-0756,PERSON,Jennifer White
DOC-0757,PERSON,Sandra Taylor
DOC-0757,DOB,"November 21, 1974"
DOC-0757,MEDICAL,psoriasis
DOC-0758,PERSON,Richard Gonzalez
DOC-0758,DOB,01/04/1999
DOC-0758,SSN,064-92-0764
DOC-0758,ADDRESS,"7298 Elm St, Franklin, TN 80386"
DOC-0758,EMAIL,john.johnson@citymail.net
DOC-0758,PHONE,(731) 874-0747
DOC-0759,PERSON,Susan Sanchez
DOC-0759,SSN,204-25-3245
DOC-0759,ADDRESS,"5767 Washington Ave, Milton, FL 56014"
DOC-0759,PHONE,926-357-8488
DOC-0759,EMAIL,barbara.johnson77@yahoo.com
DOC-0759,PERSON,Andrew Young
DOC-0759,PHONE,452-552-2094
DOC-0760,PHONE,907-910-3638
DOC-0760,PERSON,Jennifer Allen
DOC-0761,PERSON,Steven Hernandez
DOC-0761,DOB,07/02/1965
DOC-0761,SSN,504-25-2555
DOC-0761,ADDRESS,"5904 Washington Ave, Riverside, CA 94516"
DOC-0761,PHONE,(766) 427-9146
DOC-0761,PHONE,464-998-6595
DOC-0763,PERSON,Matthew Lopez
DOC-0763,DOB,04/12/1983
DOC-0763,MEDICAL,anxiety disorder
DOC-0763,PHONE,(448) 850-7844
DOC-0764,PERSON,Emily Martin
DOC-0764,EMAIL,linda.scott@gmail.com
DOC-0764,PHONE,875-273-3600
DOC-0765,PERSON,Sarah Walker
DOC-0765,DOB,06/11/1945
DOC-0765,MEDICAL,asthma
DOC-0765,MEDICAL,coronary artery disease
DOC-0765,PERSON,John White
DOC-0765,PHONE,(288) 638-4385
DOC-0766,PERSON,Daniel Lopez
DOC-0766,DOB,08/26/1947
DOC-0766,SSN,141-12-4155
DOC-0766,ADDRESS,"2694 Maple Rd, Madison, WI 97380"
DOC-0766,EMAIL,james.jones80@hotmail.com
DOC-0766,PHONE,(298) 339-1471
DOC-0767,PHONE,(695) 436-1309
DOC-0767,EMAIL,william.lewis@citymail.net
DOC-0767,PERSON,Mary Robinson
DOC-0768,PERSON,Richard Davis
DOC-0768,CREDIT_CARD,9165430895231208
DOC-0769,PERSON,Donald Smith
DOC-0769,DOB,01/05/1946
DOC-0769,ADDRESS,"9026 Pine Ln, Clinton, NY 97212"
DOC-0769,EMAIL,margaret.young@example-health.org
DOC-0769,PHONE,658-807-7375
DOC-0771,PERSON,William Torres
DOC-0771,EMAIL,matthew.anderson@gmail.com
DOC-0771,PHONE,911-579-9724
DOC-0771,PERSON,James Lopez
DOC-0772,PERSON,Michelle Sanchez
DOC-0772,CREDIT_CARD,5466345443441493
DOC-0773,PERSON,Thomas Johnson
DOC-0773,DOB,03/08/1961
DOC-0773,SSN,337-74-6883
DOC-0773,ADDRESS,"7916 Maple Rd, Milton, FL 38642"
DOC-0773,EMAIL,andrew.wright83@example-health.org
DOC-0773,PHONE,(476) 302-4082
DOC-0774,PHONE,(579) 544-7743
DOC-0774,PERSON,Karen Moore
DOC-0775,PERSON,William Davis
DOC-0775,CREDIT_CARD,5896 3595 7086 1993
DOC-0775,EMAIL,thomas.white@yahoo.com
DOC-0775,PHONE,465-912-5361
DOC-0776,PERSON,Robert Thomas
DOC-0776,DOB,05/15/1964
DOC-0776,SSN,272-62-3406
DOC-0776,ADDRESS,"5036 Oak Ave, Springfield, IL 40407"
DOC-0776,EMAIL,steven.sanchez@gmail.com
DOC-0776,PERSON,Emily Lee
DOC-0776,PHONE,927-924-2307
DOC-0778,PERSON,Richard Gonzalez
DOC-0778,EMAIL,william.king20@postbox.io
DOC-0778,PHONE,(439) 209-2233
DOC-0779,PERSON,Linda Ramirez
DOC-0779,PHONE,667-573-0175
DOC-0779,PERSON,Margaret Martinez
DOC-0780,PERSON,Joseph Nguyen
DOC-0780,EMAIL,emily.taylor@yahoo.com
DOC-0780,PHONE,(229) 421-4437
DOC-0781,PERSON,David Rodriguez
DOC-0781,PHONE,939-623-4242
DOC-0782,PERSON,Patricia Harris
DOC-0782,DOB,11/18/1986
DOC-0782,SSN,895-66-2524
DOC-0782,ADDRESS,"5663 Lake Rd, Franklin, TN 76294"
DOC-0782,EMAIL,john.lopez@example-health.org
DOC-0784,PERSON,John Robinson
DOC-0784,DOB,08/10/1946
DOC-0784,ADDRESS,"5876 Park Ln, Franklin, TN 23574"
DOC-0784,PHONE,(304) 376-2875
DOC-0785,PERSON,Matthew Gonzalez
DOC-0785,DOB,12/24/1964
DOC-0785,EMAIL,richard.jackson@hotmail.com
DOC-0787,PERSON,Michelle Lopez
DOC-0787,DOB,07/21/1990
DOC-0787,MEDICAL,coronary artery disease
DOC-0787,MEDICAL,atrial fibrillation
DOC-0787,PHONE,474-389-7411
DOC-0788,PERSON,Elizabeth Nguyen
DOC-0788,EMAIL,charles.davis@postbox.io
DOC-0788,PHONE,(987) 620-3577
DOC-0789,PERSON,Barbara Williams
DOC-0789,EMAIL,margaret.harris@citymail.net
DOC-0789,PERSON,Emily Perez
DOC-0790,PERSON,John Garcia
DOC-0790,ADDRESS,"1647 Maple Rd, Franklin, TN 32661"
DOC-0790,CREDIT_CARD,1548158268687641
DOC-0790,EMAIL,linda.king@example-health.org
DOC-0790,PHONE,750-259-6380
DOC-0791,PERSON,Kimberly Lee
DOC-0791,DOB,11/13/1989
DOC-0791,SSN,893-61-5092
DOC-0791,ADDRESS,"7233 Oak Ave, Milton, FL 26947"
DOC-0791,EMAIL,susan.jackson@gmail.com
DOC-0792,PERSON,Linda Garcia
DOC-0792,MEDICAL,hypothyroidism
DOC-0792,EMAIL,donna.flores77@outlook.com
DOC-0793,PERSON,James Brown
DOC-0793,EMAIL,james.thompson26@yahoo.com
DOC-0793,PHONE,752-544-3168
DOC-0794,PERSON,Emily Hernandez
DOC-0794,EMAIL,anthony.flores22@postbox.io
DOC-0794,PHONE,(778) 985-1023
DOC-0794,PERSON,Mark Sanchez
DOC-0795,PERSON,Susan Wilson
DOC-0795,CREDIT_CARD,7618 5186 2671 3689
DOC-0796,PERSON,Daniel Lopez
DOC-0796,PHONE,688-533-0324
DOC-0797,PERSON,Jessica Jones
DOC-0797,CREDIT_CARD,9279761781596988
DOC-0798,PERSON,Betty Wright
DOC-0798,EMAIL,matthew.hernandez@example-health.org
DOC-0798,PHONE,296-341-5303
DOC-0798,PERSON,Susan Martin
DOC-0799,PERSON,Mark Moore
DOC-0799,ADDRESS,"6851 Lake Rd, Franklin, TN 65450"
DOC-0799,CREDIT_CARD,9417-9967-0808-9740
DOC-0799,EMAIL,thomas.scott46@example-health.org
DOC-0799,PHONE,784-491-6645
DOC-0800,PERSON,Matthew Jackson
DOC-0800,PERSON,Charles Lee
DOC-0801,PHONE,240-606-6557
DOC-0801,EMAIL,emily.hill@postbox.io
DOC-0801,PERSON,Paul Lopez
DOC-0802,PERSON,Nancy Walker
DOC-0802,PERSON,Michelle Hill
DOC-0803,PERSON,James Wilson
DOC-0803,DOB,11/12/1945
DOC-0803,MEDICAL,anxiety disorder
DOC-0803,PHONE,304-806-9772
DOC-0804,PERSON,Margaret Lewis
DOC-0804,DOB,09/25/1946
DOC-0804,ADDRESS,"2755 Hillcrest Blvd, Salem, OR 64322"
DOC-0804,EMAIL,robert.johnson15@postbox.io
DOC-0804,PHONE,(408) 637-6100
DOC-0805,PERSON,David Martin
DOC-0805,DOB,"July 5, 1944"
DOC-0805,SSN,130-24-5301
DOC-0805,ADDRESS,"9888 Elm St, Milton, FL 67172"
DOC-0805,EMAIL,donald.rodriguez@postbox.io
DOC-0805,PHONE,(382) 388-2962
DOC-0806,PHONE,(534) 374-1579
DOC-0806,EMAIL,paul.anderson@hotmail.com
DOC-0806,PERSON,Jennifer Rodriguez
DOC-0807,PHONE,(330) 874-3028
DOC-0807,EMAIL,john.walker31@yahoo.com
DOC-0807,PERSON,Sandra Young
DOC-0808,PERSON,David Thompson
DOC-0808,DOB,12/28/1957
DOC-0808,SSN,416-24-8230
DOC-0808,ADDRESS,"6134 Elm St, Salem, OR 90602"
DOC-0808,EMAIL,jennifer.lewis@outlook.com
DOC-0809,PERSON,Linda Robinson
DOC-0809,DOB,06/19/1955
DOC-0809,SSN,827-83-7527
DOC-0809,ADDRESS,"4842 Cedar Blvd, Clinton, NY 89040"
DOC-0809,EMAIL,susan.williams@hotmail.com
DOC-0809,PHONE,(722) 747-0496
DOC-0810,PERSON,Emily Jones
DOC-0810,ADDRESS,"7963 Elm St, Franklin, TN 81212"
DOC-0810,CREDIT_CARD,7304862515217462
DOC-0810,EMAIL,susan.lee@hotmail.com
DOC-0810,PHONE,(724) 251-1663
DOC-0811,PERSON,Karen Anderson
DOC-0811,PHONE,414-605-2237
DOC-0811,PERSON,Matthew Ramirez
DOC-0812,PERSON,Nancy Hernandez
DOC-0812,DOB,12/03/1952
DOC-0812,SSN,420-94-8553
DOC-0812,EMAIL,michelle.flores@example-health.org
DOC-0812,PERSON,Lisa Lewis
DOC-0812,PHONE,374-774-6077
DOC-0813,PERSON,William Martin
DOC-0813,DOB,"November 20, 1964"
DOC-0813,SSN,463-20-7571
DOC-0813,ADDRESS,"9613 Main St, Fairview, OH 79352"
DOC-0813,PHONE,(506) 468-5385
DOC-0813,EMAIL,sarah.wilson@postbox.io
DOC-0813,PERSON,David King
DOC-0813,PHONE,(600) 735-1717
DOC-0815,PERSON,Emily Ramirez
DOC-0815,DOB,10/07/1994
DOC-0815,SSN,810-57-1465
DOC-0815,ADDRESS,"8923 Elm St, Ashland, KY 12708"
DOC-0815,PHONE,(972) 939-7613
DOC-0815,EMAIL,christopher.gonzalez17@hotmail.com
DOC-0815,PERSON,Mary Davis
DOC-0815,PHONE,(324) 789-3950
DOC-0817,PERSON,Kimberly Young
DOC-0817,DOB,07/25/1966
DOC-0817,ADDRESS,"6670 Elm St, Ashland, KY 84494"
DOC-0817,EMAIL,jessica.wilson@postbox.io
DOC-0817,PHONE,833-261-0116
DOC-0818,PERSON,Daniel Davis
DOC-0818,SSN,697-88-0697
DOC-0818,ADDRESS,"4032 Maple Rd, Ashland, KY 71805"
DOC-0818,EMAIL,ashley.lopez@postbox.io
DOC-0818,PHONE,362-757-9740
DOC-0819,PHONE,531-849-3354
DOC-0819,PERSON,Lisa Davis
DOC-0820,PERSON,Thomas Taylor
DOC-0820,DOB,08/04/1974
DOC-0820,SSN,593-39-9698
DOC-0820,ADDRESS,"455 Elm St, Georgetown, TX 85411"
DOC-0820,PHONE,621-788-0735
DOC-0820,EMAIL,ashley.sanchez34@postbox.io
DOC-0820,PERSON,Joshua Smith
DOC-0821,PHONE,(766) 773-1963
DOC-0821,EMAIL,matthew.moore@yahoo.com
DOC-0821,PERSON,Karen Wilson
DOC-0822,PERSON,James Taylor
DOC-0822,SSN,013-89-1846
DOC-0822,ADDRESS,"8500 Elm St, Georgetown, TX 93481"
DOC-0822,PHONE,605-336-5712
DOC-0824,PERSON,Patricia Flores
DOC-0824,PHONE,(694) 931-5071
DOC-0824,PERSON,Elizabeth Martinez
DOC-0825,PERSON,Ashley Martin
DOC-0825,PHONE,(347) 389-4745
DOC-0825,PERSON,Thomas Wilson
DOC-0826,PERSON,James Martinez
DOC-0826,DOB,08/23/1991
DOC-0826,MEDICAL,hyperlipidemia
DOC-0826,PERSON,Robert Williams
DOC-0827,PERSON,Andrew Smith
DOC-0827,EMAIL,mary.robinson28@hotmail.com
DOC-0827,PHONE,291-394-0567
DOC-0827,PERSON,David Hernandez
DOC-0828,PERSON,Thomas Lee
DOC-0828,DOB,"December 14, 1975"
DOC-0828,SSN,508-24-9330
DOC-0828,ADDRESS,"1221 Maple Rd, Ashland, KY 72123"
DOC-0828,EMAIL,jessica.clark@postbox.io
DOC-0828,PERSON,Joseph Martin
DOC-0828,PHONE,500-334-3009
DOC-0829,PERSON,Donald Lopez
DOC-0829,EMAIL,donald.clark11@hotmail.com
DOC-0830,PERSON,David Ramirez
DOC-0830,CREDIT_CARD,8647-8686-2376-0081
DOC-0830,PHONE,(436) 648-9133
DOC-0831,PERSON,Betty Hill
DOC-0831,DOB,04/26/1956
DOC-0831,MEDICAL,rheumatoid arthritis
DOC-0831,PHONE,485-753-4407
DOC-0832,PERSON,David Jones
DOC-0832,PERSON,James Thompson
DOC-0833,PHONE,(664) 445-9727
DOC-0833,EMAIL,michelle.smith1@example-health.org
DOC-0833,PERSON,Andrew Torres
DOC-0834,PERSON,Jessica Rodriguez
DOC-0834,EMAIL,ashley.gonzalez59@postbox.io
DOC-0834,PHONE,795-889-8715
DOC-0835,PERSON,Matthew Thomas
DOC-0835,SSN,837-85-8438
DOC-0835,ADDRESS,"4181 Pine Ln, Georgetown, TX 66958"
DOC-0836,PERSON,John White
DOC-0836,DOB,06/25/1966
DOC-0836,SSN,423-62-0491
DOC-0836,ADDRESS,"6246 Lake Rd, Fairview, OH 85334"
DOC-0836,PHONE,821-811-4102
DOC-0836,EMAIL,donna.moore@hotmail.com
DOC-0836,PERSON,Elizabeth Brown
DOC-0836,PHONE,(297) 259-9019
DOC-0837,PERSON,Robert King
DOC-0837,EMAIL,daniel.allen@outlook.com
DOC-0837,PHONE,905-532-2227
DOC-0839,PERSON,Barbara Lee
DOC-0839,DOB,10/01/1984
DOC-0839,SSN,889-60-1874
DOC-0839,ADDRESS,"7713 Main St, Springfield, IL 88854"
DOC-0839,PHONE,377-424-0907
DOC-0839,PERSON,William Scott
DOC-0839,PHONE,448-734-2348
DOC-0840,PERSON,Margaret Ramirez
DOC-0840,DOB,"April 27, 1981"
DOC-0840,SSN,750-43-5112
DOC-0840,ADDRESS,"5105 Washington Ave, Springfield, IL 95864"
DOC-0840,EMAIL,barbara.martinez@yahoo.com
DOC-0840,PHONE,(849) 507-6272
DOC-0841,PERSON,Emily Clark
DOC-0841,DOB,08/14/1950
DOC-0841,MEDICAL,coronary artery disease
DOC-0841,MEDICAL,atrial fibrillation
DOC-0841,PERSON,Michael Rodriguez
DOC-0842,PERSON,Paul Lewis
DOC-0842,CREDIT_CARD,8494771290350061
DOC-0843,PERSON,Karen Clark
DOC-0843,PHONE,(956) 971-6199
DOC-0843,PERSON,Linda Martinez
DOC-0844,PERSON,Charles Garcia
DOC-0844,EMAIL,linda.miller86@example-health.org
DOC-0844,PHONE,(704) 992-3204
DOC-0844,PERSON,Kimberly Martinez
DOC-0845,PERSON,John King
DOC-0845,CREDIT_CARD,8066405110212540
DOC-0845,EMAIL,sarah.garcia@yahoo.com
DOC-0845,PHONE,(230) 321-6577
DOC-0847,PERSON,Jennifer Moore
DOC-0847,DOB,01/07/1944
DOC-0847,SSN,487-24-3943
DOC-0847,PHONE,677-980-9089
DOC-0847,EMAIL,robert.miller@yahoo.com
DOC-0847,PERSON,Daniel Flores
DOC-0848,PERSON,Emily King
DOC-0848,EMAIL,mark.king@hotmail.com
DOC-0849,PERSON,William Gonzalez
DOC-0849,DOB,05/16/1989
DOC-0849,SSN,124-78-3243
DOC-0849,PHONE,(658) 629-9169
DOC-0849,EMAIL,james.lopez37@gmail.com
DOC-0849,PHONE,(560) 676-8200
DOC-0850,PERSON,Sandra Taylor
DOC-0850,DOB,11/16/1990
DOC-0850,SSN,822-66-5841
DOC-0850,ADDRESS,"2040 Oak Ave, Madison, WI 42231"
DOC-0850,EMAIL,andrew.white90@yahoo.com
DOC-0850,PHONE,(291) 529-0899
DOC-0851,PERSON,Charles Wilson
DOC-0851,DOB,"October 18, 1954"
DOC-0851,MEDICAL,hyperlipidemia
DOC-0851,PHONE,(495) 754-4797
DOC-0852,PERSON,Matthew Walker
DOC-0854,PERSON,Christopher Walker
DOC-0854,DOB,09/11/1971
DOC-0854,MEDICAL,major depressive disorder
DOC-0854,PHONE,340-759-1251
DOC-0855,PERSON,Joshua Robinson
DOC-0855,PHONE,(364) 432-6280
DOC-0856,PERSON,Sandra Wilson
DOC-0856,PERSON,Lisa Harris
DOC-0857,PERSON,Mark Jackson
DOC-0857,ADDRESS,"8346 Oak Ave, Clinton, NY 52508"
DOC-0857,CREDIT_CARD,7260-2925-4686-2726
DOC-0857,EMAIL,robert.lewis@outlook.com
DOC-0857,PHONE,339-210-7296
DOC-0859,PERSON,Barbara Brown
DOC-0859,ADDRESS,"3956 Elm St, Fairview, OH 44040"
DOC-0859,CREDIT_CARD,0508-9273-9615-9760
DOC-0859,EMAIL,richard.lee@gmail.com
DOC-0859,PHONE,954-685-8195
DOC-0860,PHONE,415-612-2133
DOC-0860,EMAIL,susan.lopez8@yahoo.com
DOC-0860,PERSON,Barbara Martinez
DOC-0861,PHONE,(368) 258-4825
DOC-0861,EMAIL,michelle.wright@outlook.com
DOC-0861,PERSON,Sarah Scott
DOC-0862,PERSON,Barbara Johnson
DOC-0862,EMAIL,barbara.clark73@gmail.com
DOC-0862,PHONE,297-472-3020
DOC-0863,PERSON,Betty Gonzalez
DOC-0863,DOB,01/11/1997
DOC-0863,PHONE,(498) 797-3248
DOC-0864,PHONE,(643) 447-9096
DOC-0864,EMAIL,paul.anderson@citymail.net
DOC-0864,PERSON,Betty Lee
DOC-0865,PERSON,Barbara Wright
DOC-0865,DOB,03/19/1951
DOC-0865,SSN,397-38-5702
DOC-0865,ADDRESS,"9328 Main St, Clinton, NY 66261"
DOC-0865,EMAIL,patricia.rodriguez56@hotmail.com
DOC-0865,PHONE,(663) 604-5425
DOC-0866,PHONE,508-202-6859
DOC-0866,PERSON,Paul Smith
DOC-0867,PERSON,Michelle Williams
DOC-0867,DOB,05/18/1975
DOC-0867,PHONE,(798) 430-2840
DOC-0868,PERSON,Patricia Davis
DOC-0868,CREDIT_CARD,9354 5036 9888 4398
DOC-0869,PERSON,Andrew Wright
DOC-0869,EMAIL,joseph.davis@postbox.io
DOC-0869,PHONE,(476) 292-2649
DOC-0869,PERSON,Mark Perez
DOC-0870,PERSON,Sarah Hernandez
DOC-0870,DOB,01/13/1948
DOC-0870,ADDRESS,"7443 Park Ln, Georgetown, TX 54813"
DOC-0870,EMAIL,michelle.miller@yahoo.com
DOC-0870,PHONE,(605) 657-1245
DOC-0871,PERSON,Mary Flores
DOC-0871,PHONE,(204) 784-9717
DOC-0872,PERSON,Christopher Miller
DOC-0872,PHONE,(477) 414-2286
DOC-0872,PERSON,Donna Miller
DOC-0873,PERSON,Lisa Taylor
DOC-0873,EMAIL,william.martinez12@example-health.org
DOC-0873,PHONE,441-925-4167
DOC-0874,PERSON,Susan Thomas
DOC-0874,DOB,"October 19, 1961"
DOC-0874,ADDRESS,"1037 Elm St, Milton, FL 31748"
DOC-0874,PHONE,548-678-8894
DOC-0874,PERSON,Steven Thompson
DOC-0875,PERSON,Lisa Garcia
DOC-0875,PHONE,(376) 387-5740
DOC-0875,PERSON,Michael Wright
DOC-0876,PERSON,Jennifer Hernandez
DOC-0876,PERSON,Charles Torres
DOC-0877,PERSON,Thomas Perez
DOC-0877,PERSON,Richard Lopez
DOC-0878,PERSON,Richard Wright
DOC-0878,PHONE,(674) 295-1422
DOC-0878,PERSON,Matthew Smith
DOC-0879,PERSON,Donald Ramirez
DOC-0879,ADDRESS,"4711 Maple Rd, Madison, WI 38624"
DOC-0879,CREDIT_CARD,8500 9537 2346 1768
DOC-0879,PHONE,212-858-4243
DOC-0880,PERSON,Kimberly White
DOC-0880,DOB,07/25/2001
DOC-0880,SSN,881-98-3414
DOC-0880,ADDRESS,"4890 Pine Ln, Milton, FL 33600"
DOC-0880,EMAIL,michelle.williams@postbox.io
DOC-0880,PHONE,271-684-5370
DOC-0881,PERSON,Sarah Moore
DOC-0881,EMAIL,john.young@outlook.com
DOC-0881,PHONE,(553) 638-5492
DOC-0881,PERSON,Steven Harris
DOC-0884,PERSON,Betty Moore
DOC-0884,DOB,06/25/1970
DOC-0884,MEDICAL,Type 2 diabetes mellitus
DOC-0884,PHONE,233-795-3610
DOC-0885,PERSON,Sarah Wilson
DOC-0885,DOB,01/13/1998
DOC-0885,SSN,085-79-7395
DOC-0885,ADDRESS,"4301 Elm St, Madison, WI 64276"
DOC-0885,PHONE,(439) 613-9067
DOC-0886,PERSON,James King
DOC-0886,DOB,06/02/1979
DOC-0886,MEDICAL,anxiety disorder
DOC-0886,PHONE,220-497-3869
DOC-0887,PERSON,Donald Lewis
DOC-0887,DOB,01/27/1967
DOC-0887,SSN,719-25-8978
DOC-0887,ADDRESS,"3105 Maple Rd, Franklin, TN 65132"
DOC-0887,EMAIL,anthony.walker74@outlook.com
DOC-0887,PHONE,283-829-0264
DOC-0888,PHONE,609-224-5159
DOC-0888,EMAIL,mary.martin@yahoo.com
DOC-0888,PERSON,Linda Robinson
DOC-0889,PERSON,John Sanchez
DOC-0889,DOB,"October 22, 1960"
DOC-0889,SSN,016-70-3140
DOC-0889,PHONE,(830) 282-9283
DOC-0889,EMAIL,ashley.davis@hotmail.com
DOC-0889,PERSON,Christopher Wilson
DOC-0889,PHONE,438-674-1481
DOC-0891,PERSON,Mark Johnson
DOC-0891,DOB,10/06/1988
DOC-0891,MEDICAL,atrial fibrillation
DOC-0891,MEDICAL,gastroesophageal reflux disease
DOC-0891,PERSON,Richard Smith
DOC-0893,PERSON,Michael Harris
DOC-0893,PHONE,(866) 458-9517
DOC-0893,PERSON,Steven Garcia
DOC-0894,PERSON,Patricia Wilson
DOC-0894,DOB,09/21/1943
DOC-0894,SSN,531-91-1074
DOC-0894,ADDRESS,"6689 Lake Rd, Franklin, TN 29689"
DOC-0894,EMAIL,kimberly.hernandez@example-health.org
DOC-0894,PHONE,378-866-4849
DOC-0895,PERSON,Anthony Wright
DOC-0895,DOB,07/19/1940
DOC-0895,SSN,738-86-6305
DOC-0895,ADDRESS,"7838 Oak Ave, Franklin, TN 63234"
DOC-0895,PHONE,(601) 335-0254
DOC-0895,EMAIL,kimberly.rodriguez@example-health.org
DOC-0895,PERSON,Linda Robinson
DOC-0895,PHONE,258-850-2870
DOC-0896,PERSON,Elizabeth Martin
DOC-0896,EMAIL,david.white@example-health.org
DOC-0896,PHONE,(219) 799-1474
DOC-0897,PERSON,James Rodriguez
DOC-0897,SSN,866-98-5051
DOC-0897,ADDRESS,"5915 Main St, Fairview, OH 39138"
DOC-0897,EMAIL,margaret.taylor@citymail.net
DOC-0897,PHONE,745-650-6016
DOC-0898,PHONE,(620) 355-3237
DOC-0898,EMAIL,joseph.ramirez@hotmail.com
DOC-0898,PERSON,Sandra Hill
DOC-0899,PERSON,William Brown
DOC-0899,ADDRESS,"8693 Pine Ln, Franklin, TN 60718"
DOC-0899,CREDIT_CARD,2269-9206-6617-9966
DOC-0899,EMAIL,matthew.flores76@citymail.net
DOC-0899,PHONE,(358) 802-9882
DOC-0902,PERSON,Karen Brown
DOC-0902,EMAIL,sandra.sanchez19@citymail.net
DOC-0902,PERSON,Robert Jackson
DOC-0904,PERSON,Patricia King
DOC-0904,ADDRESS,"5619 Maple Rd, Georgetown, TX 40425"
DOC-0904,CREDIT_CARD,0976691948962980
DOC-0904,PHONE,(287) 685-5971
DOC-0905,PERSON,James Martin
DOC-0906,PERSON,Robert Martinez
DOC-0906,DOB,"October 24, 1982"
DOC-0906,SSN,612-19-9679
DOC-0906,ADDRESS,"8035 Cedar Blvd, Ashland, KY 35346"
DOC-0906,PHONE,(415) 670-0660
DOC-0906,EMAIL,karen.lopez@outlook.com
DOC-0906,PERSON,Mark Jackson
DOC-0906,PHONE,763-823-0001
DOC-0907,PERSON,Emily Thompson
DOC-0907,DOB,08/23/1951
DOC-0907,SSN,675-31-8818
DOC-0907,PHONE,560-592-3155
DOC-0907,EMAIL,robert.hill10@postbox.io
DOC-0907,PERSON,Daniel Allen
DOC-0908,PERSON,Karen Lee
DOC-0908,PHONE,519-320-8840
DOC-0908,PERSON,Mary Thomas
DOC-0909,PERSON,Jessica Allen
DOC-0909,DOB,09/18/1987
DOC-0909,MEDICAL,migraine
DOC-0909,PHONE,843-910-0344
DOC-0910,PERSON,Jessica Perez
DOC-0910,DOB,03/07/1993
DOC-0910,MEDICAL,chronic kidney disease
DOC-0910,PHONE,819-679-4914
DOC-0911,PERSON,Linda Hill
DOC-0911,ADDRESS,"8962 Park Ln, Riverside, CA 92470"
DOC-0911,CREDIT_CARD,4311-3266-1158-4850
DOC-0911,EMAIL,david.sanchez@citymail.net
DOC-0911,PHONE,322-314-9732
DOC-0912,PERSON,Charles Walker
DOC-0912,CREDIT_CARD,0823-1714-6199-5395
DOC-0913,PERSON,Joseph Smith
DOC-0913,DOB,12/13/1957
DOC-0913,ADDRESS,"8066 Maple Rd, Fairview, OH 82813"
DOC-0913,EMAIL,mark.smith@example-health.org
DOC-0913,PHONE,(610) 249-5417
DOC-0914,PERSON,James Wilson
DOC-0914,DOB,"October 4, 1945"
DOC-0914,SSN,061-40-0472
DOC-0914,ADDRESS,"2317 Maple Rd, Fairview, OH 13054"
DOC-0914,PHONE,(822) 468-5553
DOC-0914,EMAIL,richard.robinson@example-health.org
DOC-0914,PERSON,Sandra Hill
DOC-0914,PHONE,(575) 436-1836
DOC-0917,PERSON,Nancy Sanchez
DOC-0917,EMAIL,betty.hernandez22@postbox.io
DOC-0917,PHONE,(902) 579-2447
DOC-0917,PERSON,Ashley Flores
DOC-0918,PERSON,Mary Lewis
DOC-0918,MEDICAL,hyperlipidemia
DOC-0918,MEDICAL,hypothyroidism
DOC-0918,PERSON,Betty Johnson
DOC-0921,PERSON,Christopher Robinson
DOC-0921,DOB,06/24/1946
DOC-0921,MEDICAL,asthma
DOC-0921,PHONE,976-858-8596
DOC-0922,PHONE,470-842-9167
DOC-0922,EMAIL,betty.scott@citymail.net
DOC-0922,PERSON,Sandra Brown
DOC-0924,PHONE,(417) 898-2183
DOC-0924,EMAIL,andrew.sanchez@gmail.com
DOC-0924,PERSON,Barbara Scott
DOC-0925,PHONE,(442) 836-2612
DOC-0925,EMAIL,paul.perez@gmail.com
DOC-0925,PERSON,William Thomas
DOC-0926,PERSON,William Wilson
DOC-0926,DOB,08/22/1978
DOC-0926,MEDICAL,hyperlipidemia
DOC-0926,MEDICAL,Type 2 diabetes mellitus
DOC-0926,PERSON,Donald Perez
DOC-0927,PERSON,Jessica Wilson
DOC-0927,EMAIL,elizabeth.lopez@citymail.net
DOC-0927,PHONE,(942) 997-2466
DOC-0927,PERSON,Ashley Lewis
DOC-0928,PHONE,203-412-9150
DOC-0928,EMAIL,patricia.thomas@outlook.com
DOC-0929,PERSON,William Young
DOC-0929,DOB,01/22/1974
DOC-0929,SSN,445-70-6010
DOC-0929,ADDRESS,"7113 Hillcrest Blvd, Franklin, TN 69433"
DOC-0929,EMAIL,margaret.hernandez@yahoo.com
DOC-0929,PERSON,Betty Gonzalez
DOC-0929,PHONE,720-878-5846
DOC-0930,PERSON,Joshua Jones
DOC-0930,DOB,10/23/1972
DOC-0930,SSN,036-85-5160
DOC-0930,ADDRESS,"4722 Elm St, Springfield, IL 88278"
DOC-0930,PHONE,(421) 330-2159
DOC-0931,PERSON,Joseph Taylor
DOC-0931,EMAIL,mary.smith@yahoo.com
DOC-0931,PHONE,(901) 661-7158
DOC-0931,PERSON,William Gonzalez
DOC-0932,PERSON,Elizabeth Rodriguez
DOC-0932,DOB,08/17/1966
DOC-0932,MEDICAL,psoriasis
DOC-0932,EMAIL,patricia.perez85@postbox.io
DOC-0933,PERSON,Betty Johnson
DOC-0933,EMAIL,christopher.allen55@hotmail.com
DOC-0933,PERSON,Richard Wright
DOC-0935,PERSON,Sarah Perez
DOC-0935,CREDIT_CARD,7865-5575-1247-6407
DOC-0936,PERSON,Thomas Lee
DOC-0936,EMAIL,michael.martinez@postbox.io
DOC-0936,PHONE,509-466-1125
DOC-0936,PERSON,Charles Smith
DOC-0938,PHONE,262-377-0740
DOC-0938,EMAIL,patricia.wright79@example-health.org
DOC-0938,PERSON,Joseph Johnson
DOC-0939,PHONE,789-698-2210
DOC-0939,EMAIL,nancy.martinez@gmail.com
DOC-0939,PERSON,Susan White
DOC-0940,PERSON,Karen Allen
DOC-0940,MEDICAL,rheumatoid arthritis
DOC-0940,MEDICAL,migraine
DOC-0940,PERSON,Mary Perez
DOC-0940,PHONE,(798) 843-8986
DOC-0941,PERSON,Nancy King
DOC-0941,EMAIL,sarah.flores@yahoo.com
DOC-0941,PHONE,(519) 357-0669
DOC-0942,PERSON,John Allen
DOC-0942,PHONE,(362) 406-0060
DOC-0942,PERSON,Joshua Lee
DOC-0943,PERSON,Emily Harris
DOC-0943,CREDIT_CARD,9427674831730666
DOC-0945,PERSON,Anthony Martinez
DOC-0945,DOB,03/15/1970
DOC-0945,ADDRESS,"8335 Oak Ave, Salem, OR 85926"
DOC-0945,PHONE,(227) 355-2805
DOC-0945,EMAIL,donald.torres@citymail.net
DOC-0945,PERSON,Margaret Lee
DOC-0945,PHONE,479-931-8882
DOC-0946,PERSON,Mark Wilson
DOC-0946,ADDRESS,"1187 Lake Rd, Ashland, KY 56234"
DOC-0946,PHONE,(410) 737-0374
DOC-0948,PERSON,Steven Rodriguez
DOC-0948,DOB,11/27/1943
DOC-0948,SSN,412-59-9764
DOC-0948,ADDRESS,"872 Main St, Riverside, CA 69596"
DOC-0948,PHONE,800-335-3595
DOC-0948,EMAIL,elizabeth.nguyen@hotmail.com
DOC-0948,PERSON,Emily Hill
DOC-0948,PHONE,436-429-4503
DOC-0949,PHONE,(213) 698-7245
DOC-0949,PERSON,Christopher Perez
DOC-0950,PERSON,Kimberly Moore
DOC-0950,DOB,05/02/1975
DOC-0950,SSN,522-78-3428
DOC-0950,ADDRESS,"5202 Oak Ave, Riverside, CA 18374"
DOC-0950,PHONE,(515) 694-0842
DOC-0950,EMAIL,elizabeth.anderson@postbox.io
DOC-0950,PHONE,(610) 748-7273
DOC-0951,PERSON,Daniel Ramirez
DOC-0951,EMAIL,steven.jackson@hotmail.com
DOC-0951,PHONE,(788) 500-0405
DOC-0951,PERSON,Margaret Ramirez
DOC-0952,PERSON,Donna Young
DOC-0952,DOB,"August 23, 1986"
DOC-0952,MEDICAL,hyperlipidemia
DOC-0952,MEDICAL,gastroesophageal reflux disease
DOC-0952,PERSON,Joseph Miller
DOC-0952,PHONE,(721) 602-9167
DOC-0954,PERSON,Susan Martin
DOC-0954,SSN,261-59-2894
DOC-0954,ADDRESS,"9477 Oak Ave, Fairview, OH 56758"
DOC-0954,EMAIL,paul.jackson@citymail.net
DOC-0954,PHONE,(698) 474-9990
DOC-0955,PERSON,Joseph Martin
DOC-0955,CREDIT_CARD,9483 7740 2928 6430
DOC-0955,EMAIL,margaret.thompson@example-health.org
DOC-0955,PHONE,943-861-9586
DOC-0957,PERSON,Michelle Nguyen
DOC-0957,DOB,02/07/1945
DOC-0957,MEDICAL,rheumatoid arthritis
DOC-0957,PERSON,Anthony Young
DOC-0957,PHONE,(566) 832-0264
DOC-0958,PERSON,Karen Sanchez
DOC-0958,DOB,07/10/1986
DOC-0958,MEDICAL,anxiety disorder
DOC-0958,MEDICAL,hypertension
DOC-0958,PERSON,Linda Scott
DOC-0958,PHONE,(592) 452-8021
DOC-0959,PERSON,Jennifer Martin
DOC-0959,DOB,"January 7, 1945"
DOC-0959,SSN,813-80-5298
DOC-0959,ADDRESS,"5581 Main St, Franklin, TN 54993"
DOC-0959,EMAIL,john.wilson@citymail.net
DOC-0959,PHONE,461-762-6542
DOC-0960,PERSON,Lisa Walker
DOC-0960,PHONE,(499) 794-3243
DOC-0960,PERSON,Daniel Garcia
DOC-0961,PERSON,Charles Smith
DOC-0961,PHONE,(797) 529-4676
DOC-0962,PERSON,Jennifer Martin
DOC-0962,DOB,10/03/1966
DOC-0962,PHONE,456-434-7096
DOC-0963,PERSON,Karen Rodriguez
DOC-0963,DOB,08/27/1982
DOC-0963,SSN,658-80-0037
DOC-0963,ADDRESS,"9574 Maple Rd, Madison, WI 96054"
DOC-0963,EMAIL,richard.thomas@outlook.com
DOC-0963,PHONE,(469) 383-3214
DOC-0964,PERSON,David Jackson
DOC-0964,PHONE,(613) 618-7870
DOC-0965,PERSON,Kimberly Martinez
DOC-0965,SSN,039-14-5234
DOC-0965,ADDRESS,"2238 Cedar Blvd, Milton, FL 34142"
DOC-0965,PHONE,880-380-0773
DOC-0965,EMAIL,matthew.rodriguez@gmail.com
DOC-0965,PHONE,277-316-3403
DOC-0966,PHONE,(895) 490-5460
DOC-0966,EMAIL,susan.martin24@hotmail.com
DOC-0966,PERSON,Karen Martin
DOC-0967,PERSON,Daniel Thomas
DOC-0967,MEDICAL,rheumatoid arthritis
DOC-0967,EMAIL,sarah.torres71@citymail.net
DOC-0968,PERSON,Andrew Jones
DOC-0968,CREDIT_CARD,4762 5380 9664 1475
DOC-0969,PERSON,Margaret Lee
DOC-0969,CREDIT_CARD,3538962985324363
DOC-0970,PERSON,Emily Anderson
DOC-0970,SSN,294-62-8987
DOC-0970,ADDRESS,"7132 Elm St, Ashland, KY 42289"
DOC-0970,PHONE,884-791-0428
DOC-0970,EMAIL,michael.sanchez94@yahoo.com
DOC-0971,PERSON,Patricia Walker
DOC-0971,DOB,01/04/1961
DOC-0971,MEDICAL,hypothyroidism
DOC-0971,MEDICAL,psoriasis
DOC-0971,PERSON,Emily Johnson
DOC-0971,PHONE,769-343-6334
DOC-0972,PERSON,David Harris
DOC-0972,MEDICAL,chronic kidney disease
DOC-0972,EMAIL,joshua.miller@citymail.net
DOC-0973,PHONE,290-835-6717
DOC-0973,EMAIL,mary.clark88@yahoo.com
DOC-0973,PERSON,Susan Perez
DOC-0974,PERSON,Andrew Hill
DOC-0974,EMAIL,sarah.nguyen@yahoo.com
DOC-0974,PHONE,431-437-4459
DOC-0975,PERSON,Jennifer Brown
DOC-0975,EMAIL,john.ramirez64@yahoo.com
DOC-0975,PHONE,(238) 275-4113
DOC-0975,PERSON,Michael Sanchez
DOC-0976,PHONE,(627) 321-6622
DOC-0976,EMAIL,john.flores@yahoo.com
DOC-0976,PERSON,Charles Martinez
DOC-0977,PHONE,(262) 912-7832
DOC-0977,EMAIL,ashley.nguyen@example-health.org
DOC-0977,PERSON,Matthew Brown
DOC-0978,PERSON,William Martin
DOC-0978,PHONE,(675) 885-0070
DOC-0979,PERSON,Margaret Walker
DOC-0979,DOB,06/16/2005
DOC-0979,SSN,882-64-3072
DOC-0979,ADDRESS,"4014 Park Ln, Riverside, CA 82628"
DOC-0979,PHONE,281-238-8180
DOC-0979,EMAIL,michelle.davis@gmail.com
DOC-0979,PHONE,(373) 455-2486
DOC-0980,PERSON,Barbara Young
DOC-0980,DOB,02/01/1979
DOC-0980,MEDICAL,COPD
DOC-0980,PERSON,Ashley Jones
DOC-0980,PHONE,924-677-9564
DOC-0981,PERSON,Betty Wilson
DOC-0981,DOB,06/25/1986
DOC-0981,PHONE,666-359-6385
DOC-0982,PERSON,Joseph Smith
DOC-0983,PERSON,Kimberly Gonzalez
DOC-0983,EMAIL,daniel.hill76@outlook.com
DOC-0983,PHONE,(232) 201-4471
DOC-0984,PERSON,Mary Lee
DOC-0984,DOB,"June 25, 1964"
DOC-0984,MEDICAL,hyperlipidemia
DOC-0984,MEDICAL,coronary artery disease
DOC-0984,PHONE,334-207-7154
DOC-0986,PERSON,Steven Miller
DOC-0986,DOB,05/16/1973
DOC-0986,SSN,821-68-4715
DOC-0986,ADDRESS,"697 Maple Rd, Ashland, KY 32975"
DOC-0986,PHONE,(287) 856-8354
DOC-0986,EMAIL,mary.harris@hotmail.com
DOC-0986,PERSON,Emily Johnson
DOC-0986,PHONE,(889) 432-7612
DOC-0987,PERSON,Paul Moore
DOC-0987,PHONE,391-789-0010
DOC-0987,PERSON,Joshua Ramirez
DOC-0988,PERSON,Sandra Thomas
DOC-0988,MEDICAL,gastroesophageal reflux disease
DOC-0988,MEDICAL,hypertension
DOC-0988,PERSON,Jennifer Sanchez
DOC-0988,PHONE,525-347-7277
DOC-0989,PERSON,Michelle Sanchez
DOC-0989,DOB,05/10/1977
DOC-0989,MEDICAL,psoriasis
DOC-0989,PHONE,384-530-0149
DOC-0991,PERSON,Donna Johnson
DOC-0991,DOB,03/27/1989
DOC-0991,SSN,830-58-0244
DOC-0991,ADDRESS,"2796 Maple Rd, Clinton, NY 58355"
DOC-0991,EMAIL,mark.brown@yahoo.com
DOC-0992,PERSON,Mark Hernandez
DOC-0992,DOB,"August 10, 1952"
DOC-0992,SSN,615-27-2146
DOC-0992,ADDRESS,"1526 Main St, Clinton, NY 63381"
DOC-0992,PHONE,(675) 754-2897
DOC-0992,EMAIL,daniel.thomas@hotmail.com
DOC-0993,PERSON,Michael Torres
DOC-0993,SSN,634-38-8018
DOC-0993,ADDRESS,"1489 Park Ln, Salem, OR 89128"
DOC-0993,PHONE,(263) 202-0952
DOC-0993,PHONE,349-388-5578
DOC-0994,PERSON,William Anderson
DOC-0994,EMAIL,jennifer.harris84@hotmail.com
DOC-0995,PERSON,Michelle Miller
DOC-0995,EMAIL,jennifer.lewis@hotmail.com
DOC-0996,PERSON,Donald Scott
DOC-0996,EMAIL,patricia.clark@postbox.io
DOC-0996,PERSON,William Thomas
DOC-0997,PERSON,Jessica Rodriguez
DOC-0997,SSN,553-55-9597
DOC-0997,ADDRESS,"2362 Maple Rd, Riverside, CA 59617"
DOC-0997,EMAIL,kimberly.jackson83@outlook.com
DOC-0997,PHONE,(624) 425-8158
DOC-0998,PERSON,Jessica Jones
DOC-0998,DOB,03/09/1966
DOC-0998,SSN,614-94-8228
DOC-0998,ADDRESS,"3520 Washington Ave, Madison, WI 26621"
DOC-0998,EMAIL,michael.young85@yahoo.com
DOC-0998,PERSON,Ashley Clark
DOC-0998,PHONE,550-783-1172
DOC-0999,PERSON,John Martinez
DOC-0999,CREDIT_CARD,7245-5337-5656-9760
DOC-1001,PERSON,Elizabeth Brown
DOC-1001,PHONE,631-984-2070
DOC-1001,PERSON,Anthony Young
DOC-1002,PERSON,William Torres
DOC-1002,ADDRESS,"7262 Oak Ave, Clinton, NY 96080"
DOC-1002,CREDIT_CARD,5022-3477-8045-7972
DOC-1002,EMAIL,linda.king38@citymail.net
DOC-1002,PHONE,(253) 669-0396
DOC-1003,PERSON,Elizabeth Brown
DOC-1003,DOB,06/03/1974
DOC-1004,PERSON,Mary Brown
DOC-1004,PHONE,(597) 459-8898
DOC-1005,PHONE,(710) 941-1405
DOC-1005,EMAIL,matthew.smith43@citymail.net
DOC-1005,PERSON,Thomas Hill
DOC-1006,PERSON,Thomas Flores
DOC-1006,EMAIL,lisa.garcia@outlook.com
DOC-1006,PHONE,(251) 868-0014
DOC-1007,PERSON,Susan King
DOC-1007,DOB,"October 21, 2005"
DOC-1007,PHONE,(262) 478-3964
DOC-1007,PERSON,John Wilson
DOC-1007,PHONE,(538) 395-8559
DOC-1008,PHONE,(661) 762-4296
DOC-1008,EMAIL,jennifer.hill@hotmail.com
DOC-1008,PERSON,Michael Sanchez
DOC-1009,PERSON,Linda Garcia
DOC-1009,CREDIT_CARD,9976-7598-3326-1700
DOC-1010,PERSON,Paul White
DOC-1010,DOB,"June 8, 1971"
DOC-1010,ADDRESS,"4726 Hillcrest Blvd, Franklin, TN 30869"
DOC-1010,EMAIL,sandra.walker43@gmail.com
DOC-1010,PERSON,John Perez
DOC-1010,PHONE,752-474-6968
DOC-1011,PERSON,Lisa Brown
DOC-1011,ADDRESS,"173 Oak Ave, Georgetown, TX 81351"
DOC-1011,PHONE,678-395-0125
DOC-1011,EMAIL,william.smith@postbox.io
DOC-1011,PERSON,Joseph Scott
DOC-1011,PHONE,932-370-7926
DOC-1012,PERSON,Elizabeth Jones
DOC-1012,PHONE,(249) 344-4565
DOC-1012,PERSON,Richard Jackson
DOC-1013,PHONE,323-894-9496
DOC-1013,EMAIL,michael.harris47@example-health.org
DOC-1013,PERSON,Margaret Thompson
DOC-1014,PERSON,Mary Johnson
DOC-1014,CREDIT_CARD,9522-4265-3793-2219
DOC-1015,PERSON,Nancy Young
DOC-1015,DOB,02/11/1954
DOC-1015,MEDICAL,major depressive disorder
DOC-1015,PHONE,(244) 270-6503
DOC-1016,PERSON,Sandra Scott
DOC-1016,DOB,04/11/1966
DOC-1016,MEDICAL,chronic kidney disease
DOC-1016,EMAIL,daniel.young12@yahoo.com
DOC-1017,PERSON,Charles Thomas
DOC-1017,CREDIT_CARD,2031726652824680
DOC-1018,PERSON,Elizabeth Johnson
DOC-1018,DOB,11/02/1990
DOC-1018,MEDICAL,anxiety disorder
DOC-1019,PERSON,Christopher Clark
DOC-1019,SSN,854-35-0210
DOC-1019,ADDRESS,"1032 Oak Ave, Springfield, IL 14943"
DOC-1019,PHONE,(803) 253-8623
DOC-1019,EMAIL,john.scott57@gmail.com
DOC-1019,PERSON,James Martin
DOC-1019,PHONE,(744) 245-2842
DOC-1021,PERSON,Kimberly Jones
DOC-1021,CREDIT_CARD,5947470531105831
DOC-1023,PERSON,Betty Young
DOC-1023,ADDRESS,"1711 Washington Ave, Salem, OR 76727"
DOC-1023,EMAIL,david.robinson@example-health.org
DOC-1023,PHONE,362-388-6965
DOC-1024,PERSON,Sandra Jackson
DOC-1024,PHONE,794-797-3962
DOC-1024,PERSON,Andrew Wright
DOC-1025,PERSON,Emily Gonzalez
DOC-1025,DOB,12/18/1987
DOC-1025,MEDICAL,Type 2 diabetes mellitus
DOC-1026,PERSON,Daniel Garcia
DOC-1026,CREDIT_CARD,8871148600500926
DOC-1027,PERSON,Mary Davis
DOC-1027,DOB,12/05/1953
DOC-1027,SSN,014-18-8309
DOC-1027,ADDRESS,"8184 Washington Ave, Springfield, IL 46075"
DOC-1027,PHONE,375-785-0376
DOC-1027,EMAIL,joshua.thompson@yahoo.com
DOC-1027,PERSON,Joseph Gonzalez
DOC-1027,PHONE,(617) 819-3454
DOC-1028,PERSON,Donald Jackson
DOC-1028,MEDICAL,asthma
DOC-1028,PHONE,857-980-4539
DOC-1029,PERSON,Thomas White
DOC-1029,DOB,05/11/1968
DOC-1029,MEDICAL,migraine
DOC-1029,MEDICAL,anxiety disorder
DOC-1029,PERSON,Margaret Scott
DOC-1029,PHONE,749-878-6862
DOC-1030,PERSON,Ashley Wilson
DOC-1030,CREDIT_CARD,6648 5320 7758 7084
DOC-1031,PERSON,Paul Williams
DOC-1031,CREDIT_CARD,5045 0509 2846 7209
DOC-1032,PERSON,Donna Lee
DOC-1032,EMAIL,sarah.thompson86@citymail.net
DOC-1032,PHONE,(204) 447-9211
DOC-1033,PERSON,Mary Lopez
DOC-1033,DOB,05/07/1952
DOC-1033,SSN,067-27-7602
DOC-1033,ADDRESS,"3910 Park Ln, Clinton, NY 39333"
DOC-1033,PHONE,(280) 938-1647
DOC-1034,PERSON,Daniel Davis
DOC-1034,MEDICAL,chronic kidney disease
DOC-1034,EMAIL,emily.thompson@outlook.com
DOC-1035,PERSON,Daniel Thompson
DOC-1035,DOB,11/08/1980
DOC-1035,SSN,717-14-6846
DOC-1035,ADDRESS,"3156 Maple Rd, Salem, OR 81279"
DOC-1035,EMAIL,michael.clark@yahoo.com
DOC-1035,PHONE,(652) 456-6312
DOC-1036,PERSON,Steven Taylor
DOC-1036,PHONE,738-321-8374
DOC-1036,PERSON,Betty Hernandez
DOC-1037,PERSON,John Ramirez
DOC-1037,EMAIL,ashley.brown@gmail.com
DOC-1037,PHONE,(929) 537-9669
DOC-1037,PERSON,William Clark
DOC-1038,PERSON,Steven Thompson
DOC-1038,DOB,11/10/1951
DOC-1038,SSN,059-28-6050
DOC-1038,EMAIL,lisa.williams@example-health.org
DOC-1038,PHONE,(379) 939-3891
DOC-1039,PERSON,Richard Garcia
DOC-1039,PERSON,Jennifer Williams
DOC-1040,PERSON,Matthew Perez
DOC-1040,ADDRESS,"3601 Oak Ave, Salem, OR 31197"
DOC-1040,EMAIL,andrew.jones@yahoo.com
DOC-1040,PHONE,895-671-7129
DOC-1041,PERSON,Lisa Gonzalez
DOC-1041,DOB,05/09/1947
DOC-1041,SSN,011-32-0096
DOC-1041,ADDRESS,"8632 Maple Rd, Madison, WI 41986"
DOC-1041,PHONE,(773) 706-9092
DOC-1041,EMAIL,susan.martin@gmail.com
DOC-1041,PERSON,David Hill
DOC-1041,PHONE,523-715-6549
DOC-1042,PERSON,Margaret Wright
DOC-1042,SSN,250-80-2165
DOC-1042,ADDRESS,"1275 Lake Rd, Franklin, TN 16352"
DOC-1042,PHONE,(968) 521-1640
DOC-1042,EMAIL,jessica.moore@gmail.com
DOC-1042,PERSON,Paul Martin
DOC-1042,PHONE,(363) 352-0047
DOC-1043,PERSON,Anthony Smith
DOC-1043,DOB,09/19/1970
DOC-1044,PERSON,Patricia Walker
DOC-1044,PHONE,209-667-1870
DOC-1044,PERSON,Jessica Moore
DOC-1049,PERSON,Paul Anderson
DOC-1049,DOB,06/12/1943
DOC-1049,MEDICAL,gastroesophageal reflux disease
DOC-1049,MEDICAL,major depressive disorder
DOC-1049,PHONE,(737) 689-4693
DOC-1052,PERSON,Mary Taylor
DOC-1052,CREDIT_CARD,6568-9698-7036-8831
DOC-1053,PERSON,Elizabeth Hill
DOC-1053,MEDICAL,hypertension
DOC-1054,PERSON,Kimberly Gonzalez
DOC-1054,DOB,02/18/1942
DOC-1054,SSN,715-84-6561
DOC-1054,ADDRESS,"5584 Main St, Salem, OR 98754"
DOC-1054,PHONE,658-738-8530
DOC-1054,EMAIL,andrew.walker37@example-health.org
DOC-1054,PERSON,Mark Flores
DOC-1055,PERSON,John Young
DOC-1055,CREDIT_CARD,3563 1631 2975 5726
DOC-1056,PERSON,Kimberly Nguyen
DOC-1056,EMAIL,donna.nguyen@example-health.org
DOC-1056,PHONE,(370) 914-0775
DOC-1057,PERSON,Anthony Davis
DOC-1057,PHONE,(739) 537-4386
DOC-1058,PERSON,Steven Anderson
DOC-1058,EMAIL,nancy.clark31@example-health.org
DOC-1058,PHONE,(800) 761-2026
DOC-1058,PERSON,Donald Moore
DOC-1059,PERSON,John Taylor
DOC-1059,DOB,"July 6, 2003"
DOC-1059,MEDICAL,major depressive disorder
DOC-1059,EMAIL,barbara.gonzalez@gmail.com
DOC-1061,PERSON,Michelle Williams
DOC-1061,EMAIL,donna.ramirez90@outlook.com
DOC-1061,PHONE,571-793-8820
DOC-1061,PERSON,William Moore
DOC-1062,PERSON,Betty Allen
DOC-1062,CREDIT_CARD,1133973670721730
DOC-1063,PERSON,Patricia Clark
DOC-1063,EMAIL,jessica.lopez@hotmail.com
DOC-1063,PHONE,(520) 515-0236
DOC-1064,PERSON,David Moore
DOC-1064,PHONE,(450) 972-6026
DOC-1064,PERSON,Joshua Martin
DOC-1065,PERSON,Michael Martin
DOC-1065,DOB,06/07/2003
DOC-1065,SSN,635-18-3154
DOC-1065,ADDRESS,"5342 Lake Rd, Springfield, IL 50769"
DOC-1065,EMAIL,william.martin@citymail.net
DOC-1065,PHONE,(848) 838-0914
DOC-1066,PERSON,Donald Harris
DOC-1066,EMAIL,matthew.ramirez75@hotmail.com
DOC-1066,PHONE,814-377-2750
DOC-1067,PERSON,Michelle Anderson
DOC-1067,SSN,881-29-4817
DOC-1067,ADDRESS,"7058 Main St, Madison, WI 98257"
DOC-1067,PHONE,381-724-3077
DOC-1067,PERSON,Kimberly Wright
DOC-1067,PHONE,819-435-3901
DOC-1068,PERSON,Emily Perez
DOC-1068,EMAIL,nancy.johnson@yahoo.com
DOC-1068,PHONE,548-222-9463
DOC-1069,PHONE,490-534-3432
DOC-1069,EMAIL,joshua.miller@outlook.com
DOC-1069,PERSON,Robert Taylor
DOC-1070,PHONE,417-481-4666
DOC-1070,EMAIL,matthew.king@hotmail.com
DOC-1071,PERSON,Jennifer Johnson
DOC-1071,PHONE,976-420-8578
DOC-1071,PERSON,Mark Miller
DOC-1072,PHONE,220-902-1571
DOC-1072,PERSON,Barbara Wilson
DOC-1073,PERSON,Nancy Clark
DOC-1073,ADDRESS,"3858 Washington Ave, Milton, FL 73500"
DOC-1073,CREDIT_CARD,5402 4286 1789 2571
DOC-1073,EMAIL,william.perez8@postbox.io
DOC-1073,PHONE,446-751-5303
DOC-1074,PERSON,Emily Brown
DOC-1074,DOB,04/11/1989
DOC-1074,SSN,227-12-1385
DOC-1074,ADDRESS,"2416 Main St, Riverside, CA 67576"
DOC-1074,EMAIL,emily.torres49@outlook.com
DOC-1074,PHONE,(286) 825-3414
DOC-1076,PERSON,Jessica Anderson
DOC-1076,DOB,09/03/1953
DOC-1076,SSN,155-35-3642
DOC-1076,ADDRESS,"7009 Elm St, Salem, OR 21636"
DOC-1076,EMAIL,donald.brown@postbox.io
DOC-1077,PERSON,Ashley Taylor
DOC-1077,DOB,06/20/2003
DOC-1077,ADDRESS,"5577 Pine Ln, Ashland, KY 28132"
DOC-1077,EMAIL,donna.thompson@citymail.net
DOC-1077,PHONE,(670) 459-0450
DOC-1078,PERSON,Karen Garcia
DOC-1078,PHONE,(412) 867-3407
DOC-1079,PERSON,Jessica Jackson
DOC-1079,EMAIL,thomas.perez32@postbox.io
DOC-1079,PHONE,541-870-6924
DOC-1081,PERSON,Anthony Jones
DOC-1081,EMAIL,jennifer.hill89@example-health.org
DOC-1081,PHONE,781-805-6538
DOC-1081,PERSON,Jennifer Garcia
DOC-1082,PERSON,Steven Young
DOC-1082,DOB,05/24/1940
DOC-1082,SSN,598-62-6551
DOC-1082,ADDRESS,"2513 Washington Ave, Ashland, KY 90492"
DOC-1082,EMAIL,mary.white@outlook.com
DOC-1082,PHONE,613-551-9836
DOC-1083,PERSON,Christopher Moore
DOC-1083,DOB,11/08/2001
DOC-1083,SSN,433-32-2548
DOC-1083,PHONE,268-421-1445
DOC-1083,EMAIL,matthew.williams@outlook.com
DOC-1083,PERSON,Mark Thomas
DOC-1084,PERSON,Joseph Allen
DOC-1084,CREDIT_CARD,8664-7741-3135-1835
DOC-1084,EMAIL,steven.white@hotmail.com
DOC-1084,PHONE,525-747-1286
DOC-1086,PERSON,Susan Wright
DOC-1086,EMAIL,susan.miller@outlook.com
DOC-1086,PHONE,(745) 980-9370
DOC-1087,PERSON,Michael Hill
DOC-1087,ADDRESS,"7691 Elm St, Milton, FL 41740"
DOC-1087,EMAIL,jennifer.perez@outlook.com
DOC-1087,PHONE,400-255-1028
DOC-1088,PERSON,Lisa Flores
DOC-1088,DOB,11/25/1978
DOC-1088,SSN,468-62-7080
DOC-1088,EMAIL,linda.scott@example-health.org
DOC-1088,PHONE,805-300-2316
DOC-1089,PERSON,Michelle Garcia
DOC-1089,DOB,"January 25, 1942"
DOC-1089,MEDICAL,hyperlipidemia
DOC-1089,MEDICAL,coronary artery disease
DOC-1089,PERSON,Thomas Rodriguez
DOC-1089,PHONE,(957) 326-6627
DOC-1090,PERSON,Kimberly Gonzalez
DOC-1090,MEDICAL,asthma
DOC-1092,PHONE,325-348-9995
DOC-1092,EMAIL,jennifer.jackson@citymail.net
DOC-1093,PERSON,James Clark
DOC-1093,DOB,05/16/1985
DOC-1093,MEDICAL,anxiety disorder
DOC-1093,MEDICAL,atrial fibrillation
DOC-1093,PHONE,223-463-1366
DOC-1094,PERSON,Matthew Thompson
DOC-1094,DOB,12/20/1994
DOC-1094,SSN,244-19-3375
DOC-1094,ADDRESS,"6928 Washington Ave, Springfield, IL 94823"
DOC-1094,PHONE,300-944-3170
DOC-1095,PERSON,Donna Lee
DOC-1095,DOB,"September 6, 1971"
DOC-1095,MEDICAL,COPD
DOC-1095,EMAIL,karen.jones76@postbox.io
DOC-1096,PERSON,Donald Wilson
DOC-1096,CREDIT_CARD,0953-2670-8488-6865
DOC-1097,PERSON,Kimberly Wilson
DOC-1097,ADDRESS,"6220 Maple Rd, Georgetown, TX 37481"
DOC-1097,CREDIT_CARD,0688-5684-6767-8094
DOC-1097,EMAIL,emily.anderson@citymail.net
DOC-1097,PHONE,487-788-5332
DOC-1098,PHONE,481-750-7493
DOC-1098,EMAIL,jennifer.jones91@outlook.com
DOC-1098,PERSON,Kimberly Harris
DOC-1099,PHONE,564-525-1178
DOC-1099,EMAIL,margaret.martin15@hotmail.com
DOC-1099,PERSON,Mark King
DOC-1102,PERSON,Margaret Brown
DOC-1102,DOB,11/28/1950
DOC-1102,ADDRESS,"5016 Cedar Blvd, Georgetown, TX 82554"
DOC-1102,PHONE,965-447-6139
DOC-1103,PERSON,Betty Rodriguez
DOC-1103,DOB,03/02/2003
DOC-1103,SSN,769-36-6473
DOC-1103,ADDRESS,"9495 Pine Ln, Milton, FL 18253"
DOC-1103,EMAIL,michael.hill@citymail.net
DOC-1103,PHONE,743-557-6697
DOC-1104,PERSON,Sandra Perez
DOC-1104,DOB,09/05/1980
DOC-1104,SSN,163-59-2988
DOC-1104,ADDRESS,"3665 Washington Ave, Clinton, NY 89605"
DOC-1104,EMAIL,lisa.sanchez62@example-health.org
DOC-1104,PHONE,(473) 495-6478
DOC-1105,PERSON,John Martinez
DOC-1105,EMAIL,andrew.moore@postbox.io
DOC-1105,PHONE,514-818-2706
DOC-1105,PERSON,Susan Miller
DOC-1106,PERSON,Matthew Lee
DOC-1106,EMAIL,donna.williams@outlook.com
DOC-1107,PERSON,Ashley Sanchez
DOC-1107,PERSON,Daniel Wilson
DOC-1108,PERSON,Charles Flores
DOC-1108,EMAIL,thomas.thomas@postbox.io
DOC-1108,PHONE,875-468-8790
DOC-1109,PHONE,516-297-6447
DOC-1109,EMAIL,lisa.robinson28@citymail.net
DOC-1109,PERSON,Christopher Martinez
DOC-1110,PERSON,Ashley Hill
DOC-1110,DOB,"August 12, 1978"
DOC-1110,SSN,101-93-6697
DOC-1110,ADDRESS,"2646 Washington Ave, Springfield, IL 79586"
DOC-1110,EMAIL,thomas.davis@yahoo.com
DOC-1110,PHONE,444-418-4947
DOC-1111,PERSON,Jessica Jackson
DOC-1111,MEDICAL,atrial fibrillation
DOC-1111,EMAIL,robert.king@hotmail.com
DOC-1112,PERSON,Robert Miller
DOC-1112,PHONE,648-967-0577
DOC-1112,PERSON,Sandra Torres
DOC-1113,PERSON,Lisa Nguyen
DOC-1113,PHONE,442-880-9005
DOC-1113,PERSON,Mark Sanchez
DOC-1114,PERSON,Ashley Brown
DOC-1114,DOB,03/05/1998
DOC-1114,PHONE,(476) 997-1398
DOC-1115,PERSON,Michelle Anderson
DOC-1116,PERSON,Anthony Thomas
DOC-1116,DOB,10/09/2000
DOC-1116,EMAIL,elizabeth.allen98@hotmail.com
DOC-1117,PERSON,Matthew Garcia
DOC-1117,DOB,"October 16, 1953"
DOC-1117,MEDICAL,hyperlipidemia
DOC-1117,PHONE,541-833-5015
DOC-1118,PERSON,Kimberly Miller
DOC-1118,PHONE,(904) 745-5613
DOC-1118,PERSON,Susan Harris
DOC-1119,PERSON,Mark Ramirez
DOC-1119,DOB,05/25/2005
DOC-1119,SSN,799-45-8137
DOC-1119,ADDRESS,"6359 Oak Ave, Clinton, NY 97917"
DOC-1119,PHONE,(337) 369-0457
DOC-1119,EMAIL,thomas.king@yahoo.com
DOC-1119,PHONE,(261) 299-1823
DOC-1120,PERSON,Margaret Miller
DOC-1120,CREDIT_CARD,8376 2950 7671 6211
DOC-1121,PERSON,Robert Anderson
DOC-1121,DOB,07/28/1960
DOC-1121,SSN,337-61-4205
DOC-1121,ADDRESS,"7756 Park Ln, Madison, WI 49126"
DOC-1121,EMAIL,robert.lee92@postbox.io
DOC-1121,PERSON,Joseph Hill
DOC-1122,PERSON,Emily Torres
DOC-1122,DOB,"April 13, 1952"
DOC-1122,SSN,146-84-6410
DOC-1122,ADDRESS,"7676 Lake Rd, Springfield, IL 46342"
DOC-1122,EMAIL,barbara.davis@gmail.com
DOC-1122,PHONE,(812) 454-6520
DOC-1123,PERSON,Elizabeth Hill
DOC-1123,PHONE,(437) 403-6030
DOC-1123,PERSON,Steven Martin
DOC-1125,PERSON,Patricia Garcia
DOC-1126,PERSON,Andrew Martin
DOC-1126,DOB,"March 9, 1949"
DOC-1126,SSN,717-58-0078
DOC-1126,ADDRESS,"6526 Elm St, Riverside, CA 43209"
DOC-1126,PHONE,753-437-9097
DOC-1126,EMAIL,susan.thomas@example-health.org
DOC-1126,PERSON,Thomas Davis
DOC-1126,PHONE,974-770-7430
DOC-1127,PERSON,Donald Thomas
DOC-1127,SSN,595-63-7392
DOC-1127,ADDRESS,"4426 Elm St, Salem, OR 54601"
DOC-1127,PHONE,319-998-0005
DOC-1127,EMAIL,paul.moore@example-health.org
DOC-1127,PERSON,Karen Lewis
DOC-1127,PHONE,(942) 422-1918
DOC-1128,PERSON,Michael Miller
DOC-1128,DOB,08/19/1946
DOC-1128,MEDICAL,COPD
DOC-1128,PHONE,660-570-4750
DOC-1129,PERSON,Susan Nguyen
DOC-1129,PHONE,210-823-8314
DOC-1129,PERSON,Matthew King
DOC-1130,PERSON,John Wilson
DOC-1130,CREDIT_CARD,8268709777795703
DOC-1131,PERSON,Jennifer Brown
DOC-1131,DOB,04/12/1996
DOC-1131,MEDICAL,hypothyroidism
DOC-1131,PHONE,376-391-0532
DOC-1132,PERSON,Betty Johnson
DOC-1132,PHONE,(586) 779-4236
DOC-1134,PERSON,Charles Wright
DOC-1134,EMAIL,donald.perez@gmail.com
DOC-1134,PHONE,(792) 846-8524
DOC-1134,PERSON,Thomas Hernandez
DOC-1135,PHONE,770-634-9021
DOC-1135,EMAIL,paul.sanchez4@yahoo.com
DOC-1135,PERSON,Robert Anderson
DOC-1136,PHONE,(413) 806-9448
DOC-1136,EMAIL,paul.walker73@postbox.io
DOC-1136,PERSON,Donald Hernandez
DOC-1138,PERSON,Donald Smith
DOC-1138,PHONE,(219) 531-1287
DOC-1138,PERSON,Barbara King
DOC-1141,PERSON,David Sanchez
DOC-1141,DOB,05/09/1997
DOC-1141,MEDICAL,hypertension
DOC-1141,MEDICAL,rheumatoid arthritis
DOC-1141,PERSON,Betty Brown
DOC-1141,PHONE,692-747-5597
DOC-1142,PERSON,Nancy Lewis
DOC-1142,EMAIL,sandra.smith@gmail.com
DOC-1142,PHONE,939-309-9265
DOC-1144,PERSON,Steven Hernandez
DOC-1144,CREDIT_CARD,9158 5511 6397 1495
DOC-1145,PERSON,David Harris
DOC-1145,DOB,06/20/1956
DOC-1145,SSN,559-40-1148
DOC-1145,ADDRESS,"9523 Maple Rd, Clinton, NY 71581"
DOC-1145,EMAIL,mark.thomas98@hotmail.com
DOC-1145,PHONE,(925) 672-7864
DOC-1147,PERSON,Mary Jackson
DOC-1147,DOB,05/16/1956
DOC-1147,EMAIL,patricia.johnson@example-health.org
DOC-1148,PERSON,William White
DOC-1148,DOB,"October 5, 1973"
DOC-1148,SSN,227-62-9823
DOC-1148,ADDRESS,"9856 Cedar Blvd, Springfield, IL 21079"
DOC-1148,EMAIL,nancy.martinez@gmail.com
DOC-1148,PERSON,Linda Robinson
DOC-1148,PHONE,388-386-6488
DOC-1149,PERSON,Mark Martin
DOC-1149,DOB,03/19/1960
DOC-1149,ADDRESS,"6907 Park Ln, Madison, WI 73084"
DOC-1149,EMAIL,donald.garcia@postbox.io
DOC-1150,PERSON,Margaret Martin
DOC-1150,PHONE,664-616-1106
DOC-1150,PERSON,Karen Martinez
DOC-1151,PERSON,Betty Flores
DOC-1151,PHONE,(704) 813-2352
DOC-1151,PERSON,Margaret Lewis
DOC-1153,PERSON,Sandra Gonzalez
DOC-1153,DOB,"September 4, 1971"
DOC-1153,SSN,253-12-7887
DOC-1153,ADDRESS,"5677 Cedar Blvd, Clinton, NY 42578"
DOC-1153,PHONE,(517) 303-2928
DOC-1154,PHONE,(249) 328-4072
DOC-1154,EMAIL,christopher.miller@citymail.net
DOC-1154,PERSON,Jennifer White
DOC-1155,PERSON,Nancy Sanchez
DOC-1155,EMAIL,karen.jones11@example-health.org
DOC-1155,PHONE,(360) 580-6099
DOC-1155,PERSON,William Lee
DOC-1156,PERSON,Karen Flores
DOC-1156,ADDRESS,"7808 Pine Ln, Riverside, CA 24427"
DOC-1156,CREDIT_CARD,5755-7166-3282-4634
DOC-1156,PHONE,885-749-5974
DOC-1157,PERSON,Anthony Hill
DOC-1157,DOB,08/03/1997
DOC-1157,MEDICAL,hypothyroidism
DOC-1157,PERSON,Mary Allen
DOC-1157,PHONE,(243) 963-9713
DOC-1158,PERSON,Betty Davis
DOC-1158,DOB,04/18/1989
DOC-1158,ADDRESS,"1552 Hillcrest Blvd, Fairview, OH 79132"
DOC-1158,EMAIL,daniel.clark@outlook.com
DOC-1159,PERSON,Charles Lewis
DOC-1159,PERSON,Susan Thompson
DOC-1160,PERSON,Michael Taylor
DOC-1160,DOB,05/20/1984
DOC-1160,SSN,422-69-1301
DOC-1160,ADDRESS,"7978 Pine Ln, Madison, WI 44529"
DOC-1160,EMAIL,andrew.williams@example-health.org
DOC-1160,PHONE,727-940-6846
DOC-1161,PERSON,Jennifer Allen
DOC-1161,SSN,603-28-0266
DOC-1161,ADDRESS,"5827 Main St, Franklin, TN 79370"
DOC-1161,EMAIL,jessica.walker@hotmail.com
DOC-1161,PHONE,893-404-1628
DOC-1162,PERSON,Nancy Lee
DOC-1162,PHONE,(232) 719-0597
DOC-1162,PERSON,Andrew Young
DOC-1163,PERSON,Joseph Brown
DOC-1163,DOB,01/19/1943
DOC-1163,MEDICAL,rheumatoid arthritis
DOC-1163,EMAIL,christopher.hernandez@example-health.org
DOC-1164,PERSON,Steven Flores
DOC-1165,PERSON,Robert White
DOC-1165,EMAIL,matthew.robinson@yahoo.com
DOC-1165,PHONE,(568) 280-6045
DOC-1165,PERSON,Thomas Miller
DOC-1166,PERSON,Ashley King
DOC-1166,DOB,05/16/1977
DOC-1166,MEDICAL,hypertension
DOC-1166,PHONE,(797) 770-6252
DOC-1169,PERSON,Robert Martinez
DOC-1169,DOB,11/13/1988
DOC-1169,MEDICAL,major depressive disorder
DOC-1169,EMAIL,thomas.davis@citymail.net
DOC-1170,PERSON,William Lee
DOC-1170,MEDICAL,COPD
DOC-1170,EMAIL,ashley.clark72@citymail.net
DOC-1171,PERSON,Karen Smith
DOC-1171,PHONE,(550) 287-3792
DOC-1171,PERSON,Christopher Davis
DOC-1172,PERSON,Matthew Robinson
DOC-1172,DOB,"May 22, 1952"
DOC-1172,SSN,470-77-3484
DOC-1172,ADDRESS,"3343 Oak Ave, Springfield, IL 23705"
DOC-1172,PHONE,468-562-6385
DOC-1172,EMAIL,christopher.walker@hotmail.com
DOC-1172,PERSON,Christopher Walker
DOC-1172,PHONE,814-475-0895
DOC-1173,PERSON,Charles Garcia
DOC-1173,DOB,"November 13, 1963"
DOC-1173,MEDICAL,asthma
DOC-1173,EMAIL,james.harris@yahoo.com
DOC-1174,PERSON,Mary Wright
DOC-1174,PERSON,Anthony Miller
DOC-1175,PERSON,Emily Harris
DOC-1175,CREDIT_CARD,9894-8481-7036-1007
DOC-1176,PERSON,Robert Lewis
DOC-1176,EMAIL,kimberly.miller@hotmail.com
DOC-1176,PHONE,(309) 787-6932
DOC-1177,PERSON,Margaret Lewis
DOC-1177,DOB,04/08/1975
DOC-1177,MEDICAL,COPD
DOC-1177,EMAIL,andrew.clark@outlook.com
DOC-1178,PERSON,Michelle Nguyen
DOC-1178,CREDIT_CARD,9266-5361-9773-1734
DOC-1179,PERSON,Michelle Martinez
DOC-1179,EMAIL,donald.harris@citymail.net
DOC-1179,PHONE,(294) 467-1281
DOC-1180,PERSON,Donald Anderson
DOC-1180,PHONE,(527) 673-9953
DOC-1180,PERSON,Linda Davis
DOC-1181,PERSON,Susan Nguyen
DOC-1181,DOB,"January 4, 1997"
DOC-1181,MEDICAL,atrial fibrillation
DOC-1181,PERSON,Ashley Smith
DOC-1181,PHONE,436-813-3888
DOC-1183,PERSON,Christopher Ramirez
DOC-1183,DOB,"July 3, 1949"
DOC-1183,MEDICAL,gastroesophageal reflux disease
DOC-1183,PHONE,397-775-4225
DOC-1184,PHONE,786-839-0839
DOC-1184,EMAIL,donald.rodriguez26@yahoo.com
DOC-1184,PERSON,John Brown
DOC-1185,PERSON,Anthony Jones
DOC-1185,CREDIT_CARD,9221-8822-0631-8649
DOC-1186,PERSON,Joshua Thomas
DOC-1186,MEDICAL,asthma
DOC-1186,MEDICAL,hypothyroidism
DOC-1186,PERSON,Sandra Ramirez
DOC-1186,PHONE,(480) 215-3994
DOC-1187,PERSON,Michael Lopez
DOC-1187,SSN,267-87-9300
DOC-1187,EMAIL,barbara.flores@outlook.com
DOC-1187,PHONE,508-900-8523
DOC-1188,PERSON,Joshua King
DOC-1188,PHONE,225-528-9206
DOC-1188,PERSON,Donald Garcia
DOC-1189,PERSON,David Thompson
DOC-1189,DOB,12/05/1952
DOC-1189,SSN,749-44-6392
DOC-1189,ADDRESS,"2858 Cedar Blvd, Salem, OR 25234"
DOC-1189,PHONE,622-382-6501
DOC-1189,EMAIL,mary.wilson@outlook.com
DOC-1189,PERSON,Steven Martin
DOC-1189,PHONE,(274) 748-0109
DOC-1191,PERSON,James Wilson
DOC-1191,DOB,03/12/1994
DOC-1191,MEDICAL,gastroesophageal reflux disease
DOC-1191,MEDICAL,hypothyroidism
DOC-1191,PERSON,Michael Miller
DOC-1192,PERSON,Steven Robinson
DOC-1192,ADDRESS,"1913 Cedar Blvd, Franklin, TN 15153"
DOC-1192,CREDIT_CARD,7883 1273 6548 5224
DOC-1192,EMAIL,james.jones@postbox.io
DOC-1192,PHONE,(223) 763-4832
DOC-1193,PERSON,Daniel Perez
DOC-1193,EMAIL,jennifer.johnson@gmail.com
DOC-1193,PHONE,233-725-1881
DOC-1195,PERSON,Susan Torres
DOC-1195,EMAIL,linda.ramirez99@yahoo.com
DOC-1195,PHONE,(773) 230-9931
DOC-1197,PERSON,Paul Jackson
DOC-1199,PERSON,Linda Perez
DOC-1199,DOB,12/11/1960
DOC-1199,SSN,716-41-2664
DOC-1199,ADDRESS,"887 Maple Rd, Ashland, KY 52516"
DOC-1199,PHONE,715-761-3163
DOC-1199,EMAIL,mark.martin@outlook.com
DOC-1199,PERSON,Patricia Martin
DOC-1199,PHONE,708-614-2856
DOC-1200,PERSON,Joseph Garcia
DOC-1200,DOB,05/18/1996
DOC-1200,SSN,244-12-4173
DOC-1200,ADDRESS,"8415 Elm St, Ashland, KY 10916"
DOC-1200,PHONE,923-977-9715
DOC-1200,EMAIL,linda.wright@postbox.io
DOC-1200,PERSON,Karen Rodriguez
DOC-1200,PHONE,382-823-3607
DOC-1201,PHONE,(806) 761-3661
DOC-1201,EMAIL,karen.perez@yahoo.com
DOC-1201,PERSON,Mark Taylor
DOC-1202,PHONE,239-974-1786
DOC-1202,EMAIL,david.lopez@yahoo.com
DOC-1203,PERSON,Donna Flores
DOC-1203,DOB,"January 22, 1969"
DOC-1203,MEDICAL,psoriasis
DOC-1203,EMAIL,sarah.harris14@gmail.com
DOC-1204,PERSON,Susan King
DOC-1204,DOB,"December 18, 2002"
DOC-1204,PHONE,349-725-5988
DOC-1205,PERSON,Jessica Young
DOC-1205,DOB,"October 19, 1976"
DOC-1205,SSN,872-93-4869
DOC-1205,ADDRESS,"7679 Pine Ln, Fairview, OH 99652"
DOC-1205,PHONE,(244) 662-6602
DOC-1206,PERSON,Nancy Nguyen
DOC-1206,CREDIT_CARD,9079965857837562
DOC-1206,EMAIL,john.harris62@outlook.com
DOC-1206,PHONE,423-513-0638
DOC-1207,PERSON,Ashley Allen
DOC-1207,DOB,07/19/1967
DOC-1207,MEDICAL,chronic kidney disease
DOC-1207,PHONE,402-932-8209
DOC-1208,PERSON,Jennifer Rodriguez
DOC-1208,MEDICAL,rheumatoid arthritis
DOC-1208,PHONE,(521) 911-5423
DOC-1209,PERSON,Robert Nguyen
DOC-1209,SSN,353-98-7397
DOC-1209,ADDRESS,"703 Main St, Franklin, TN 15367"
DOC-1209,EMAIL,anthony.davis@gmail.com
DOC-1210,PERSON,Anthony Lee
DOC-1210,DOB,08/24/1943
DOC-1210,SSN,158-31-2448
DOC-1210,ADDRESS,"533 Hillcrest Blvd, Georgetown, TX 57799"
DOC-1210,PHONE,595-503-4641
DOC-1210,EMAIL,emily.thompson32@gmail.com
DOC-1210,PERSON,Thomas White
DOC-1210,PHONE,578-531-5572
DOC-1211,PERSON,Andrew Hill
DOC-1211,DOB,"May 22, 1947"
DOC-1211,ADDRESS,"6659 Maple Rd, Georgetown, TX 84129"
DOC-1211,PERSON,Elizabeth Brown
DOC-1211,PHONE,777-654-6136
DOC-1212,PHONE,(646) 813-7792
DOC-1212,EMAIL,linda.harris24@gmail.com
DOC-1212,PERSON,Emily Gonzalez
DOC-1213,PERSON,Linda Smith
DOC-1213,EMAIL,nancy.anderson@gmail.com
DOC-1213,PHONE,(363) 377-6846
DOC-1214,PERSON,Emily Lee
DOC-1214,DOB,12/18/2002
DOC-1214,MEDICAL,gastroesophageal reflux disease
DOC-1214,EMAIL,david.scott@hotmail.com
DOC-1215,PERSON,Steven Nguyen
DOC-1215,EMAIL,christopher.rodriguez@hotmail.com
DOC-1215,PHONE,618-213-9303
DOC-1215,PERSON,Mary Ramirez
DOC-1216,PERSON,James Lewis
DOC-1216,PHONE,(690) 679-7506
DOC-1216,PERSON,Margaret Garcia
DOC-1217,PERSON,Betty Jones
DOC-1217,EMAIL,matthew.taylor@gmail.com
DOC-1217,PHONE,201-549-3209
DOC-1218,PHONE,587-512-7732
DOC-1218,EMAIL,john.martinez60@example-health.org
DOC-1220,PHONE,(697) 305-6013
DOC-1220,EMAIL,robert.walker60@gmail.com
DOC-1220,PERSON,Patricia Walker
DOC-1221,PERSON,Anthony Garcia
DOC-1221,PHONE,784-200-0839
DOC-1221,PERSON,Patricia Miller
DOC-1222,PERSON,Michelle Lopez
DOC-1222,DOB,"February 1, 1944"
DOC-1222,SSN,177-89-7711
DOC-1222,PHONE,(863) 671-5468
DOC-1222,EMAIL,joshua.ramirez42@postbox.io
DOC-1222,PERSON,Mark Martin
DOC-1222,PHONE,460-978-2736
DOC-1223,PERSON,Richard Thomas
DOC-1223,DOB,10/25/1998
DOC-1223,MEDICAL,gastroesophageal reflux disease
DOC-1223,PHONE,633-969-6479
DOC-1224,PERSON,Lisa King
DOC-1224,DOB,10/24/1978
DOC-1224,SSN,522-20-4506
DOC-1224,PHONE,259-416-5528
DOC-1224,PERSON,Daniel Lewis
DOC-1224,PHONE,(461) 471-5418
DOC-1225,PERSON,Paul Taylor
DOC-1225,DOB,"November 14, 1992"
DOC-1225,SSN,625-80-5267
DOC-1225,ADDRESS,"2819 Park Ln, Georgetown, TX 20010"
DOC-1225,EMAIL,linda.allen@gmail.com
DOC-1225,PERSON,Sandra Gonzalez
DOC-1225,PHONE,(866) 481-8714
DOC-1226,PHONE,(761) 304-9990
DOC-1226,EMAIL,john.jackson61@outlook.com
DOC-1226,PERSON,Joshua Wright
DOC-1227,PERSON,Donald Lopez
DOC-1227,EMAIL,jennifer.taylor@hotmail.com
DOC-1227,PHONE,(387) 711-5504
DOC-1227,PERSON,Sarah Thompson
DOC-1228,PERSON,Charles Moore
DOC-1228,DOB,"September 9, 1982"
DOC-1228,SSN,778-47-1134
DOC-1228,ADDRESS,"170 Cedar Blvd, Clinton, NY 25144"
DOC-1228,EMAIL,michelle.rodriguez93@citymail.net
DOC-1229,PERSON,Charles Walker
DOC-1229,PHONE,(885) 557-6670
DOC-1229,PERSON,John White
DOC-1230,PERSON,Michael Harris
DOC-1230,SSN,651-48-3953
DOC-1230,ADDRESS,"3593 Cedar Blvd, Springfield, IL 67670"
DOC-1230,PHONE,(891) 380-8061
DOC-1230,EMAIL,paul.clark82@yahoo.com
DOC-1230,PERSON,Charles Martin
DOC-1230,PHONE,(667) 560-6854
DOC-1231,PERSON,Daniel Flores
DOC-1231,DOB,06/17/2005
DOC-1231,SSN,238-55-7094
DOC-1231,ADDRESS,"1410 Elm St, Clinton, NY 78535"
DOC-1231,EMAIL,mary.hernandez81@citymail.net
DOC-1231,PHONE,(734) 380-5547
DOC-1232,PERSON,Barbara Wright
DOC-1232,DOB,"March 23, 2004"
DOC-1232,MEDICAL,COPD
DOC-1232,MEDICAL,gastroesophageal reflux disease
DOC-1232,PERSON,Robert Perez
DOC-1232,PHONE,(357) 245-3973
DOC-1233,PERSON,Donald Wright
DOC-1233,SSN,721-94-5536
DOC-1233,ADDRESS,"2460 Maple Rd, Salem, OR 79361"
DOC-1233,EMAIL,sandra.harris4@yahoo.com
DOC-1233,PHONE,353-206-8287
DOC-1234,PERSON,Donald Thomas
DOC-1234,DOB,07/06/1983
DOC-1234,SSN,667-26-7420
DOC-1234,ADDRESS,"1017 Lake Rd, Springfield, IL 43382"
DOC-1234,PHONE,(922) 798-7697
DOC-1236,PERSON,Mark Robinson
DOC-1236,DOB,05/04/1944
DOC-1236,MEDICAL,psoriasis
DOC-1236,EMAIL,emily.wright@postbox.io
DOC-1237,PERSON,Steven Taylor
DOC-1237,DOB,08/24/1995
DOC-1237,SSN,192-32-1155
DOC-1237,EMAIL,nancy.thompson@citymail.net
DOC-1237,PHONE,648-229-0173
DOC-1238,PERSON,Susan Brown
DOC-1238,EMAIL,jennifer.rodriguez@yahoo.com
DOC-1238,PERSON,Linda Thomas
DOC-1239,PERSON,Paul Johnson
DOC-1239,DOB,06/27/1954
DOC-1239,SSN,469-45-3239
DOC-1239,ADDRESS,"7611 Elm St, Madison, WI 12775"
DOC-1239,PHONE,332-851-7370
DOC-1239,EMAIL,david.allen@gmail.com
DOC-1239,PERSON,Christopher Harris
DOC-1239,PHONE,574-822-7069
DOC-1240,PERSON,Jennifer Lewis
DOC-1240,DOB,05/17/1954
DOC-1240,MEDICAL,COPD
DOC-1240,EMAIL,john.scott29@outlook.com
DOC-1241,PERSON,Betty Lee
DOC-1241,DOB,02/20/1952
DOC-1241,PHONE,(527) 352-0983
DOC-1241,EMAIL,robert.rodriguez61@hotmail.com
DOC-1241,PERSON,Michelle Taylor
DOC-1241,PHONE,(674) 407-0421
DOC-1242,PHONE,439-496-0361
DOC-1242,EMAIL,jennifer.lopez@postbox.io
DOC-1243,PHONE,(822) 458-1450
DOC-1243,EMAIL,jessica.martinez@hotmail.com
DOC-1243,PERSON,James Garcia
DOC-1244,PHONE,908-380-7564
DOC-1244,EMAIL,paul.clark@hotmail.com
DOC-1244,PERSON,Jessica Jackson
DOC-1247,PERSON,Steven Martinez
DOC-1247,MEDICAL,anxiety disorder
DOC-1247,PHONE,(775) 944-3389
DOC-1248,PERSON,Jennifer Smith
DOC-1249,PERSON,Daniel Brown
DOC-1249,CREDIT_CARD,7752572316316036
DOC-1250,PERSON,Susan Brown
DOC-1250,DOB,07/28/1994
DOC-1250,PERSON,Joshua Hill
DOC-1250,PHONE,487-612-9784
DOC-1252,PERSON,Betty Perez
DOC-1252,PHONE,747-996-8043
DOC-1252,PERSON,Charles Wright
DOC-1255,PERSON,Emily Wilson
DOC-1255,DOB,"April 13, 2002"
DOC-1255,MEDICAL,chronic kidney disease
DOC-1255,EMAIL,elizabeth.thomas@gmail.com
DOC-1256,PERSON,Michael Sanchez
DOC-1256,DOB,08/25/1969
DOC-1256,EMAIL,david.torres@hotmail.com
DOC-1256,PHONE,238-324-4262
DOC-1258,PERSON,Betty Johnson
DOC-1258,EMAIL,nancy.perez44@citymail.net
DOC-1258,PHONE,476-588-5744
DOC-1259,PERSON,Ashley Lewis
DOC-1259,DOB,05/26/1951
DOC-1260,PERSON,Elizabeth Young
DOC-1260,DOB,04/17/1959
DOC-1260,SSN,602-70-4375
DOC-1260,ADDRESS,"7392 Maple Rd, Riverside, CA 37218"
DOC-1260,PHONE,599-743-3797
DOC-1260,EMAIL,patricia.nguyen42@citymail.net
DOC-1260,PERSON,Mark Johnson
DOC-1260,PHONE,(799) 398-4237
DOC-1261,PERSON,Sarah Gonzalez
DOC-1261,DOB,08/02/2000
DOC-1261,MEDICAL,hypothyroidism
DOC-1261,EMAIL,barbara.young@citymail.net
DOC-1263,PERSON,Linda Clark
DOC-1263,PHONE,960-935-1095
DOC-1263,PERSON,Susan Moore
DOC-1264,PERSON,Joseph Hernandez
DOC-1264,DOB,05/24/1994
DOC-1264,MEDICAL,psoriasis
DOC-1264,EMAIL,jennifer.williams@hotmail.com
DOC-1265,PERSON,Andrew Martin
DOC-1265,DOB,"February 23, 1976"
DOC-1265,MEDICAL,COPD
DOC-1265,PERSON,Jessica Lee
DOC-1265,PHONE,(930) 559-2453
DOC-1266,PERSON,Sandra Walker
DOC-1266,DOB,02/11/1952
DOC-1266,EMAIL,sarah.jones@hotmail.com
DOC-1266,PHONE,(945) 790-1979
DOC-1267,PERSON,Karen Lopez
DOC-1267,PHONE,988-886-8457
DOC-1267,PERSON,Barbara Thomas
DOC-1269,PERSON,Betty Walker
DOC-1269,SSN,422-12-2431
DOC-1269,ADDRESS,"6008 Hillcrest Blvd, Madison, WI 36642"
DOC-1269,EMAIL,sandra.jones@hotmail.com
DOC-1269,PERSON,Kimberly Rodriguez
DOC-1269,PHONE,(311) 986-0019
DOC-1270,PERSON,Joseph Hernandez
DOC-1270,DOB,"August 26, 1944"
DOC-1270,MEDICAL,hypertension
DOC-1270,EMAIL,andrew.allen@example-health.org
DOC-1271,PERSON,Charles Moore
DOC-1271,SSN,438-70-6474
DOC-1271,ADDRESS,"1572 Elm St, Clinton, NY 88391"
DOC-1271,EMAIL,steven.hernandez@hotmail.com
DOC-1271,PHONE,800-477-8165
DOC-1272,PHONE,(879) 461-5657
DOC-1272,PERSON,Michelle Williams
DOC-1274,PERSON,Patricia Thompson
DOC-1274,SSN,418-86-3422
DOC-1274,ADDRESS,"8171 Cedar Blvd, Franklin, TN 66947"
DOC-1274,PHONE,(436) 422-4224
DOC-1274,EMAIL,elizabeth.wright46@hotmail.com
DOC-1274,PERSON,David King
DOC-1275,PERSON,Susan Taylor
DOC-1275,DOB,04/24/1944
DOC-1275,SSN,274-35-3130
DOC-1275,ADDRESS,"2129 Cedar Blvd, Georgetown, TX 92871"
DOC-1275,PHONE,(841) 750-8431
DOC-1275,EMAIL,paul.moore@citymail.net
DOC-1275,PERSON,Jennifer Rodriguez
DOC-1275,PHONE,(568) 861-7976
DOC-1276,PERSON,Charles White
DOC-1276,DOB,05/10/1985
DOC-1276,SSN,709-28-1570
DOC-1276,ADDRESS,"8938 Elm St, Salem, OR 39157"
DOC-1276,EMAIL,sandra.flores@hotmail.com
DOC-1276,PHONE,(496) 230-5295
DOC-1277,PERSON,Joshua Robinson
DOC-1277,DOB,11/22/1999
DOC-1277,SSN,223-96-3460
DOC-1277,ADDRESS,"475 Oak Ave, Fairview, OH 41198"
DOC-1277,PHONE,368-296-9729
DOC-1277,PERSON,Jennifer Johnson
DOC-1277,PHONE,330-539-0191
DOC-1278,PERSON,Emily Nguyen
DOC-1278,DOB,12/20/1985
DOC-1278,MEDICAL,Type 2 diabetes mellitus
DOC-1278,PHONE,(436) 740-5487
DOC-1279,PERSON,Anthony Anderson
DOC-1279,DOB,"October 11, 1972"
DOC-1279,MEDICAL,COPD
DOC-1280,PERSON,Patricia Martinez
DOC-1280,PHONE,(956) 293-0257
DOC-1280,PERSON,Sandra Wilson
DOC-1281,PERSON,Susan Jackson
DOC-1281,DOB,08/09/2004
DOC-1281,MEDICAL,asthma
DOC-1282,PERSON,Anthony Martin
DOC-1282,SSN,585-90-3239
DOC-1282,ADDRESS,"5956 Lake Rd, Ashland, KY 90483"
DOC-1282,PHONE,(571) 845-4577
DOC-1282,EMAIL,donald.ramirez8@citymail.net
DOC-1282,PERSON,Mary Hill
DOC-1282,PHONE,402-707-1584
DOC-1283,PERSON,Joseph Wright
DOC-1283,EMAIL,mark.scott8@postbox.io
DOC-1283,PHONE,(928) 533-2142
DOC-1284,PERSON,Kimberly Wright
DOC-1284,DOB,04/15/2004
DOC-1285,PERSON,Sarah Sanchez
DOC-1285,CREDIT_CARD,9243-4354-8695-2125
DOC-1286,PHONE,836-497-6254
DOC-1286,EMAIL,james.martin@yahoo.com
DOC-1287,PERSON,Robert Thomas
DOC-1287,EMAIL,andrew.sanchez@outlook.com
DOC-1287,PHONE,(764) 618-8236
DOC-1287,PERSON,Andrew Williams
DOC-1288,PERSON,James Miller
DOC-1288,DOB,09/11/1968
DOC-1288,SSN,001-13-2741
DOC-1288,ADDRESS,"7996 Park Ln, Fairview, OH 35299"
DOC-1288,EMAIL,kimberly.smith@gmail.com
DOC-1288,PHONE,388-501-5796
DOC-1289,PERSON,Nancy Davis
DOC-1289,DOB,11/27/1952
DOC-1289,MEDICAL,rheumatoid arthritis
DOC-1289,MEDICAL,hypothyroidism
DOC-1289,PHONE,283-713-7095
DOC-1290,PERSON,Mary Young
DOC-1290,CREDIT_CARD,1961293321349520
DOC-1291,PERSON,Mark Taylor
DOC-1291,DOB,07/13/1940
DOC-1291,SSN,709-33-6791
DOC-1291,ADDRESS,"3861 Maple Rd, Springfield, IL 17804"
DOC-1291,EMAIL,margaret.lee63@gmail.com
DOC-1291,PERSON,David Davis
DOC-1291,PHONE,(320) 767-7071
DOC-1292,PERSON,Patricia Ramirez
DOC-1292,MEDICAL,atrial fibrillation
DOC-1294,PERSON,Thomas Taylor
DOC-1294,PHONE,(965) 616-0696
DOC-1294,PERSON,Michelle Young
DOC-1296,PERSON,Thomas Perez
DOC-1296,DOB,07/20/1990
DOC-1296,MEDICAL,osteoporosis
DOC-1296,MEDICAL,hypertension
DOC-1296,PERSON,Ashley Taylor
DOC-1296,PHONE,(345) 822-4492
DOC-1297,PERSON,Sandra Sanchez
DOC-1297,EMAIL,matthew.hill11@postbox.io
DOC-1297,PHONE,(553) 399-0735
DOC-1297,PERSON,Betty Jackson
DOC-1299,PHONE,645-208-3107
DOC-1299,PERSON,Betty Scott
DOC-1300,PERSON,David Jones
DOC-1300,DOB,08/05/1986
DOC-1300,SSN,736-28-5280
DOC-1300,ADDRESS,"3038 Maple Rd, Clinton, NY 36617"
DOC-1300,PHONE,548-355-5596
DOC-1300,EMAIL,robert.smith@citymail.net
DOC-1300,PERSON,Kimberly Flores
DOC-1301,PERSON,Nancy Flores
DOC-1301,PHONE,(838) 435-4721
DOC-1301,PERSON,Jessica Martinez
DOC-1302,PERSON,Michael Moore
DOC-1302,ADDRESS,"3325 Cedar Blvd, Clinton, NY 99248"
DOC-1302,PHONE,(850) 676-7892
DOC-1302,EMAIL,karen.williams@gmail.com
DOC-1302,PHONE,(743) 350-3736
DOC-1303,PERSON,Susan Perez
DOC-1303,CREDIT_CARD,5877452634888237
DOC-1304,PERSON,Emily Johnson
DOC-1304,EMAIL,nancy.williams@outlook.com
DOC-1304,PHONE,(574) 435-9077
DOC-1306,PERSON,Susan Harris
DOC-1306,DOB,10/07/1986
DOC-1306,SSN,797-27-6490
DOC-1306,ADDRESS,"665 Maple Rd, Riverside, CA 73014"
DOC-1306,EMAIL,thomas.anderson1@postbox.io
DOC-1306,PERSON,Linda Smith
DOC-1307,PERSON,Joseph Thomas
DOC-1307,EMAIL,sarah.nguyen@example-health.org
DOC-1307,PHONE,(642) 830-7657
DOC-1308,PERSON,Emily Clark
DOC-1308,DOB,12/17/1948
DOC-1308,SSN,095-70-8384
DOC-1308,PHONE,821-461-3561
DOC-1309,PERSON,Mark Smith
DOC-1309,SSN,320-77-3577
DOC-1309,ADDRESS,"7692 Washington Ave, Ashland, KY 50586"
DOC-1309,PHONE,670-682-8132
DOC-1309,PERSON,Matthew Clark
DOC-1309,PHONE,(980) 561-6589
DOC-1310,PERSON,Donald Scott
DOC-1310,CREDIT_CARD,4393-3045-9692-0663
DOC-1310,EMAIL,robert.moore@yahoo.com
DOC-1310,PHONE,296-386-3315
DOC-1312,PERSON,Mary Martin
DOC-1312,MEDICAL,major depressive disorder
DOC-1312,EMAIL,jennifer.clark@example-health.org
DOC-1314,PERSON,Ashley White
DOC-1314,DOB,06/26/1966
DOC-1314,SSN,074-36-5056
DOC-1314,ADDRESS,"4309 Oak Ave, Salem, OR 88068"
DOC-1314,EMAIL,john.nguyen@postbox.io
DOC-1314,PHONE,768-224-8973
DOC-1316,PHONE,(457) 711-2560
DOC-1316,EMAIL,thomas.nguyen@gmail.com
DOC-1316,PERSON,James King
DOC-1317,PERSON,Nancy Walker
DOC-1317,DOB,"September 22, 1968"
DOC-1317,PHONE,665-827-9376
DOC-1318,PERSON,Karen Anderson
DOC-1318,MEDICAL,gastroesophageal reflux disease
DOC-1318,PERSON,David Moore
DOC-1319,PERSON,Barbara Clark
DOC-1319,ADDRESS,"7047 Main St, Milton, FL 76581"
DOC-1319,CREDIT_CARD,5688-8861-0859-7352
DOC-1319,EMAIL,donna.jackson28@yahoo.com
DOC-1319,PHONE,620-480-4448
DOC-1320,PERSON,Nancy King
DOC-1320,EMAIL,mark.harris50@outlook.com
DOC-1320,PHONE,797-848-4343
DOC-1320,PERSON,Jennifer Thompson
DOC-1322,PERSON,Christopher Anderson
DOC-1322,DOB,06/01/1973
DOC-1322,MEDICAL,osteoporosis
DOC-1322,MEDICAL,migraine
DOC-1322,PERSON,Emily Williams
DOC-1322,PHONE,693-737-0119
DOC-1324,PHONE,(423) 380-4219
DOC-1324,EMAIL,christopher.miller6@yahoo.com
DOC-1324,PERSON,Anthony White
DOC-1325,PERSON,Margaret Williams
DOC-1325,SSN,140-72-3220
DOC-1325,EMAIL,linda.perez@postbox.io
DOC-1325,PHONE,254-925-9430
DOC-1326,PERSON,Donna Robinson
DOC-1326,EMAIL,donald.torres@yahoo.com
DOC-1326,PHONE,(730) 401-3867
DOC-1326,PERSON,Margaret Garcia
DOC-1328,PERSON,Patricia Walker
DOC-1328,DOB,"November 28, 1950"
DOC-1328,SSN,555-97-1961
DOC-1328,ADDRESS,"3088 Maple Rd, Milton, FL 41346"
DOC-1328,EMAIL,betty.miller28@gmail.com
DOC-1328,PHONE,330-392-8060
DOC-1329,PERSON,Ashley Nguyen
DOC-1329,DOB,"January 21, 1948"
DOC-1329,SSN,415-92-5953
DOC-1329,ADDRESS,"7102 Oak Ave, Springfield, IL 45039"
DOC-1329,PHONE,241-707-0586
DOC-1329,EMAIL,kimberly.wilson98@citymail.net
DOC-1329,PERSON,Karen Lewis
DOC-1329,PHONE,(743) 948-4405
DOC-1330,PERSON,Richard Davis
DOC-1330,SSN,251-94-6389
DOC-1330,ADDRESS,"1456 Pine Ln, Georgetown, TX 66101"
DOC-1330,PHONE,704-962-8507
DOC-1330,EMAIL,michelle.allen@outlook.com
DOC-1330,PHONE,775-874-9380
DOC-1331,PERSON,William Hill
DOC-1331,PHONE,812-874-6589
DOC-1331,PERSON,Richard Anderson
DOC-1332,PERSON,Daniel Moore
DOC-1332,PHONE,(261) 384-7584
DOC-1332,PERSON,David Johnson
DOC-1334,PERSON,Andrew Thomas
DOC-1334,PHONE,257-554-4871
DOC-1335,PERSON,Christopher Thomas
DOC-1335,DOB,06/28/1953
DOC-1335,MEDICAL,coronary artery disease
DOC-1335,EMAIL,ashley.martinez@postbox.io
DOC-1336,PERSON,Nancy Perez
DOC-1336,DOB,"April 2, 1945"
DOC-1336,SSN,127-83-6934
DOC-1336,ADDRESS,"5070 Park Ln, Fairview, OH 44314"
DOC-1336,PHONE,959-713-7429
DOC-1336,EMAIL,michael.perez2@postbox.io
DOC-1336,PERSON,Charles Allen
DOC-1336,PHONE,(767) 488-9587
DOC-1337,PERSON,Lisa Perez
DOC-1337,EMAIL,steven.allen@example-health.org
DOC-1337,PHONE,(974) 928-2197
DOC-1338,PERSON,William Wilson
DOC-1338,PHONE,726-658-2431
DOC-1338,PERSON,Donna Thomas
DOC-1339,PERSON,Emily Martin
DOC-1339,CREDIT_CARD,9674166239567121
DOC-1340,PERSON,Elizabeth Martinez
DOC-1340,DOB,03/22/2002
DOC-1340,PHONE,402-264-4637
DOC-1341,PERSON,Daniel Thompson
DOC-1341,PHONE,(391) 325-6946
DOC-1341,PERSON,Susan White
DOC-1342,PERSON,Charles Gonzalez
DOC-1342,PHONE,281-685-1454
DOC-1342,PERSON,Nancy Walker
DOC-1343,PERSON,John Clark
DOC-1343,PHONE,(759) 558-0400
DOC-1344,PERSON,Patricia Williams
DOC-1344,EMAIL,michelle.gonzalez88@citymail.net
DOC-1344,PERSON,Jessica Young
DOC-1345,PERSON,Kimberly Martin
DOC-1345,ADDRESS,"8616 Pine Ln, Salem, OR 23020"
DOC-1345,CREDIT_CARD,6766-3420-8348-1249
DOC-1345,EMAIL,margaret.jackson@yahoo.com
DOC-1345,PHONE,945-622-5029
DOC-1346,PERSON,Emily Walker
DOC-1346,MEDICAL,coronary artery disease
DOC-1346,PHONE,518-597-8625
DOC-1347,PERSON,Michelle Moore
DOC-1347,DOB,03/21/1941
DOC-1347,SSN,814-84-0182
DOC-1347,ADDRESS,"6245 Hillcrest Blvd, Milton, FL 45162"
DOC-1347,PHONE,984-803-6366
DOC-1347,EMAIL,anthony.king@citymail.net
DOC-1347,PERSON,Paul Lopez
DOC-1347,PHONE,(342) 790-2390
DOC-1348,PHONE,508-923-8533
DOC-1348,EMAIL,ashley.allen@outlook.com
DOC-1348,PERSON,Nancy Lee
DOC-1349,PERSON,Steven Harris
DOC-1349,CREDIT_CARD,8005 5126 7644 9433
DOC-1350,PERSON,Patricia Jackson
DOC-1350,PHONE,354-289-8357
DOC-1350,PERSON,Mark Taylor
DOC-1351,PERSON,Mary Perez
DOC-1351,EMAIL,anthony.white@yahoo.com
DOC-1351,PHONE,429-524-8967
DOC-1351,PERSON,Patricia Wright
DOC-1352,PERSON,Donna Brown
DOC-1352,DOB,03/07/1975
DOC-1352,MEDICAL,major depressive disorder
DOC-1352,MEDICAL,Type 2 diabetes mellitus
DOC-1352,PERSON,Betty Williams
DOC-1352,PHONE,961-717-1268
DOC-1353,PERSON,Michelle Hill
DOC-1353,DOB,06/28/1942
DOC-1353,ADDRESS,"7133 Park Ln, Milton, FL 22541"
DOC-1353,EMAIL,linda.jackson@example-health.org
DOC-1353,PHONE,(398) 245-5113
DOC-1354,PHONE,494-547-3295
DOC-1354,EMAIL,linda.jackson@postbox.io
DOC-1355,PERSON,Barbara Anderson
DOC-1355,DOB,"July 3, 1965"
DOC-1355,SSN,365-53-8358
DOC-1355,ADDRESS,"2485 Main St, Madison, WI 42839"
DOC-1355,PHONE,664-533-5435
DOC-1355,PERSON,Jessica Sanchez
DOC-1355,PHONE,(844) 684-0941
DOC-1356,PERSON,Jennifer King
DOC-1356,ADDRESS,"7533 Oak Ave, Madison, WI 88489"
DOC-1356,CREDIT_CARD,3235-3933-0548-4956
DOC-1356,EMAIL,donald.brown57@outlook.com
DOC-1356,PHONE,(392) 348-1773
DOC-1357,PERSON,Robert Martin
DOC-1357,DOB,11/03/1948
DOC-1357,MEDICAL,COPD
DOC-1357,PHONE,757-716-0537
DOC-1358,PERSON,Donald White
DOC-1358,EMAIL,karen.gonzalez60@postbox.io
DOC-1358,PERSON,Linda Sanchez
DOC-1360,PERSON,Jennifer Lewis
DOC-1360,CREDIT_CARD,8568176975059173
DOC-1362,PERSON,Mary King
DOC-1362,CREDIT_CARD,9440-6545-2593-5709
DOC-1363,PERSON,Mark Davis
DOC-1363,DOB,"July 1, 1960"
DOC-1363,PHONE,(724) 220-1925
DOC-1363,EMAIL,joshua.anderson@example-health.org
DOC-1363,PERSON,John Nguyen
DOC-1363,PHONE,(485) 785-0057
DOC-1364,PERSON,Patricia Garcia
DOC-1364,DOB,11/19/1975
DOC-1364,SSN,716-59-8298
DOC-1364,ADDRESS,"1824 Maple Rd, Riverside, CA 83815"
DOC-1364,PHONE,952-814-6573
DOC-1366,PERSON,Ashley Thompson
DOC-1366,DOB,07/15/1953
DOC-1366,SSN,831-77-6816
DOC-1366,ADDRESS,"6050 Lake Rd, Georgetown, TX 80954"
DOC-1366,EMAIL,ashley.young34@hotmail.com
DOC-1366,PERSON,Charles Young
DOC-1366,PHONE,661-821-3911
DOC-1369,PERSON,Robert Lee
DOC-1369,DOB,09/05/1990
DOC-1369,MEDICAL,psoriasis
DOC-1369,PHONE,582-437-3857
DOC-1370,PERSON,Barbara Scott
DOC-1370,PHONE,(361) 612-9681
DOC-1370,PERSON,Charles White
DOC-1371,PERSON,Jessica Torres
DOC-1371,DOB,"November 24, 1975"
DOC-1371,SSN,450-57-0908
DOC-1371,PHONE,(706) 942-7905
DOC-1371,PERSON,Karen Wilson
DOC-1371,PHONE,(509) 856-5230
DOC-1372,PERSON,Lisa Lewis
DOC-1372,DOB,"July 6, 1985"
DOC-1372,MEDICAL,migraine
DOC-1372,EMAIL,richard.gonzalez@hotmail.com
DOC-1373,PERSON,Michael Brown
DOC-1373,DOB,01/10/1948
DOC-1373,SSN,499-85-7765
DOC-1373,ADDRESS,"3262 Pine Ln, Milton, FL 55718"
DOC-1373,EMAIL,sarah.nguyen@gmail.com
DOC-1374,PERSON,Karen Robinson
DOC-1374,EMAIL,lisa.sanchez7@gmail.com
DOC-1374,PHONE,621-493-2643
DOC-1375,PERSON,Matthew Flores
DOC-1375,DOB,03/22/1961
DOC-1375,MEDICAL,Type 2 diabetes mellitus
DOC-1375,PERSON,Ashley Garcia
DOC-1375,PHONE,968-655-4032
DOC-1376,PERSON,Patricia Lewis
DOC-1376,PERSON,Betty Gonzalez
DOC-1377,PERSON,Steven Williams
DOC-1377,DOB,07/09/1983
DOC-1377,ADDRESS,"3242 Pine Ln, Riverside, CA 38617"
DOC-1377,EMAIL,richard.ramirez@citymail.net
DOC-1378,PERSON,Donna Lopez
DOC-1378,PHONE,(902) 305-4638
DOC-1378,PERSON,Andrew Nguyen
DOC-1379,PERSON,Donna Gonzalez
DOC-1379,DOB,05/28/1955
DOC-1379,MEDICAL,atrial fibrillation
DOC-1379,EMAIL,elizabeth.smith@postbox.io
DOC-1380,PERSON,Betty White
DOC-1380,ADDRESS,"4152 Park Ln, Riverside, CA 96779"
DOC-1380,EMAIL,matthew.robinson@example-health.org
DOC-1380,PHONE,304-626-5114
DOC-1381,PERSON,Jessica Jackson
DOC-1381,PHONE,944-328-2417
DOC-1382,PERSON,David Thomas
DOC-1382,EMAIL,paul.ramirez@postbox.io
DOC-1382,PHONE,(658) 685-6305
DOC-1383,PERSON,Ashley Rodriguez
DOC-1383,DOB,01/15/1949
DOC-1383,SSN,183-47-0848
DOC-1383,EMAIL,lisa.jones3@citymail.net
DOC-1383,PHONE,(972) 812-8078
DOC-1384,PERSON,Ashley Ramirez
DOC-1384,DOB,10/18/1969
DOC-1384,SSN,190-38-9102
DOC-1384,ADDRESS,"2874 Oak Ave, Ashland, KY 77015"
DOC-1384,PERSON,Kimberly Johnson
DOC-1384,PHONE,689-955-0650
DOC-1386,PERSON,James Young
DOC-1386,DOB,06/01/2001
DOC-1388,PERSON,Lisa Nguyen
DOC-1388,EMAIL,nancy.perez@postbox.io
DOC-1388,PHONE,393-924-0566
DOC-1390,PERSON,Nancy Johnson
DOC-1390,MEDICAL,hyperlipidemia
DOC-1390,PHONE,(344) 442-4273
DOC-1393,PERSON,Jessica Miller
DOC-1393,EMAIL,mary.wright@yahoo.com
DOC-1393,PHONE,446-255-7077
DOC-1394,PERSON,Jennifer Williams
DOC-1394,DOB,03/03/1945
DOC-1394,SSN,312-19-4142
DOC-1394,ADDRESS,"1530 Main St, Ashland, KY 68686"
DOC-1394,PHONE,264-634-9013
DOC-1395,PERSON,Ashley Taylor
DOC-1395,CREDIT_CARD,3344210651004602
DOC-1396,PERSON,Donald Martinez
DOC-1396,DOB,11/08/1956
DOC-1396,SSN,366-64-7606
DOC-1396,ADDRESS,"8114 Maple Rd, Riverside, CA 59515"
DOC-1396,PHONE,278-927-8564
DOC-1396,EMAIL,emily.robinson@hotmail.com
DOC-1396,PHONE,265-422-8193
DOC-1397,PERSON,Donna Taylor
DOC-1397,PHONE,526-549-8213
DOC-1398,PERSON,Karen Williams
DOC-1398,CREDIT_CARD,3157-5859-3918-5360
DOC-1399,PERSON,Anthony Anderson
DOC-1399,DOB,07/15/1980
DOC-1399,MEDICAL,hypertension
DOC-1399,PHONE,956-679-1223
DOC-1400,PERSON,Christopher Moore
DOC-1400,MEDICAL,hypothyroidism
DOC-1400,EMAIL,sandra.robinson90@postbox.io
DOC-1401,PERSON,Ashley Jones
DOC-1401,EMAIL,linda.lopez@gmail.com
DOC-1401,PHONE,904-654-6013
DOC-1401,PERSON,Paul Smith
DOC-1402,PERSON,Charles Martin
DOC-1402,EMAIL,ashley.brown@example-health.org
DOC-1402,PHONE,(761) 624-7700
DOC-1403,PERSON,Charles Anderson
DOC-1403,DOB,08/08/1943
DOC-1403,MEDICAL,anxiety disorder
DOC-1403,EMAIL,margaret.king73@postbox.io
DOC-1404,PERSON,Steven Nguyen
DOC-1404,DOB,"May 13, 1958"
DOC-1404,MEDICAL,coronary artery disease
DOC-1405,PERSON,Matthew White
DOC-1405,EMAIL,michael.allen@hotmail.com
DOC-1405,PHONE,576-808-1321
DOC-1405,PERSON,Patricia Johnson
DOC-1406,PERSON,Nancy Wilson
DOC-1406,DOB,03/11/1988
DOC-1406,MEDICAL,hyperlipidemia
DOC-1406,EMAIL,susan.davis@outlook.com
DOC-1407,PERSON,Robert White
DOC-1407,DOB,"March 3, 1956"
DOC-1407,SSN,317-43-2686
DOC-1407,ADDRESS,"4104 Washington Ave, Salem, OR 57911"
DOC-1407,PHONE,(404) 773-4350
DOC-1407,EMAIL,christopher.ramirez@postbox.io
DOC-1407,PHONE,901-520-9353
DOC-1408,PERSON,Paul Miller
DOC-1408,DOB,"October 19, 1974"
DOC-1408,MEDICAL,COPD
DOC-1408,PHONE,(232) 387-3137
DOC-1409,PERSON,Steven King
DOC-1409,DOB,"June 1, 1943"
DOC-1409,SSN,508-50-0746
DOC-1409,ADDRESS,"1543 Lake Rd, Ashland, KY 86796"
DOC-1409,PHONE,(902) 845-7390
DOC-1409,PERSON,Barbara Moore
DOC-1409,PHONE,920-918-7755
DOC-1410,PERSON,Matthew Martin
DOC-1410,SSN,373-56-3406
DOC-1410,ADDRESS,"9828 Lake Rd, Salem, OR 39867"
DOC-1410,PHONE,775-560-4755
DOC-1410,EMAIL,mary.nguyen@gmail.com
DOC-1410,PERSON,Mary Taylor
DOC-1411,PERSON,Mark Torres
DOC-1411,SSN,815-23-7813
DOC-1411,ADDRESS,"2138 Pine Ln, Georgetown, TX 99867"
DOC-1411,PHONE,(603) 992-0930
DOC-1411,EMAIL,william.white8@postbox.io
DOC-1411,PERSON,Joseph Nguyen
DOC-1411,PHONE,504-452-9789
DOC-1412,PERSON,Michelle Thompson
DOC-1412,EMAIL,sandra.allen@hotmail.com
DOC-1412,PERSON,Charles Martinez
DOC-1413,PERSON,Donald Harris
DOC-1413,ADDRESS,"6796 Oak Ave, Salem, OR 45471"
DOC-1413,CREDIT_CARD,0404-6551-1286-3810
DOC-1413,EMAIL,james.rodriguez@example-health.org
DOC-1413,PHONE,(935) 817-2653
DOC-1414,PERSON,Ashley Walker
DOC-1414,SSN,326-99-4341
DOC-1414,EMAIL,william.lewis@example-health.org
DOC-1414,PHONE,(628) 988-9477
DOC-1415,PERSON,Andrew Harris
DOC-1415,DOB,04/28/1983
DOC-1415,SSN,370-55-7805
DOC-1415,ADDRESS,"532 Cedar Blvd, Riverside, CA 56674"
DOC-1415,EMAIL,barbara.smith72@example-health.org
DOC-1415,PHONE,399-267-9111
DOC-1416,PERSON,Sarah Garcia
DOC-1416,CREDIT_CARD,2759082680090724
DOC-1416,PHONE,798-970-4575
DOC-1417,PERSON,Daniel Davis
DOC-1417,DOB,"June 15, 1998"
DOC-1417,SSN,031-35-2741
DOC-1417,ADDRESS,"9125 Cedar Blvd, Springfield, IL 78914"
DOC-1417,EMAIL,paul.brown@example-health.org
DOC-1417,PHONE,489-268-7616
DOC-1418,PERSON,Paul Perez
DOC-1418,DOB,10/11/1940
DOC-1418,MEDICAL,major depressive disorder
DOC-1418,EMAIL,karen.perez@example-health.org
DOC-1420,PERSON,Robert Taylor
DOC-1420,DOB,03/04/1991
DOC-1420,SSN,396-43-3168
DOC-1420,ADDRESS,"3397 Pine Ln, Milton, FL 85234"
DOC-1420,EMAIL,charles.miller55@postbox.io
DOC-1420,PHONE,(586) 659-4201
DOC-1421,PERSON,Patricia Sanchez
DOC-1421,DOB,08/21/1995
DOC-1421,SSN,440-47-1501
DOC-1421,EMAIL,susan.robinson@gmail.com
DOC-1421,PERSON,David Moore
DOC-1421,PHONE,788-417-1794
DOC-1422,PERSON,Betty Nguyen
DOC-1422,DOB,"July 23, 1962"
DOC-1422,MEDICAL,hypertension
DOC-1422,PERSON,Joseph Hernandez
DOC-1422,PHONE,680-413-5608
DOC-1423,PERSON,Lisa Anderson
DOC-1423,ADDRESS,"3076 Maple Rd, Clinton, NY 54619"
DOC-1423,PHONE,869-393-2048
DOC-1425,PERSON,Charles Gonzalez
DOC-1425,DOB,09/15/1989
DOC-1425,MEDICAL,anxiety disorder
DOC-1425,MEDICAL,rheumatoid arthritis
DOC-1426,PERSON,John Moore
DOC-1426,MEDICAL,asthma
DOC-1426,PERSON,Thomas Miller
DOC-1426,PHONE,943-951-9901
DOC-1427,PERSON,Linda Lee
DOC-1427,MEDICAL,major depressive disorder
DOC-1427,PHONE,416-341-0110
DOC-1428,PHONE,599-207-4861
DOC-1428,EMAIL,anthony.scott@example-health.org
DOC-1428,PERSON,Jennifer Miller
DOC-1429,PERSON,Lisa Walker
DOC-1429,CREDIT_CARD,6664-7608-5208-5292
DOC-1430,PERSON,Elizabeth Robinson
DOC-1430,DOB,05/24/1986
DOC-1430,SSN,171-10-7063
DOC-1430,ADDRESS,"6028 Oak Ave, Ashland, KY 15320"
DOC-1430,EMAIL,anthony.hill22@postbox.io
DOC-1430,PHONE,749-678-3803
DOC-1431,PERSON,Jennifer Wright
DOC-1431,EMAIL,richard.torres@postbox.io
DOC-1431,PHONE,(220) 280-1777
DOC-1433,PERSON,Daniel Robinson
DOC-1433,EMAIL,kimberly.wilson@hotmail.com
DOC-1433,PHONE,785-759-3272
DOC-1433,PERSON,Jennifer Thomas
DOC-1434,PERSON,John Robinson
DOC-1434,DOB,06/22/1958
DOC-1434,MEDICAL,major depressive disorder
DOC-1434,PERSON,Joshua Flores
DOC-1434,PHONE,967-797-1816
DOC-1436,PERSON,Jennifer Smith
DOC-1436,MEDICAL,asthma
DOC-1436,PHONE,821-977-0952
DOC-1439,PERSON,Richard Rodriguez
DOC-1439,PHONE,(751) 293-4530
DOC-1439,PERSON,Jessica Brown
DOC-1440,PERSON,Ashley Moore
DOC-1440,PHONE,(577) 214-9834
DOC-1440,PERSON,Jessica Lopez
DOC-1442,PERSON,Ashley Walker
DOC-1442,DOB,08/14/1968
DOC-1442,PHONE,651-607-1062
DOC-1443,PHONE,(638) 308-5563
DOC-1443,PERSON,William Hill
DOC-1444,PERSON,Jessica Torres
DOC-1444,EMAIL,patricia.ramirez@example-health.org
DOC-1444,PHONE,(958) 752-5415
DOC-1446,PERSON,Christopher Robinson
DOC-1446,PHONE,(957) 291-6904
DOC-1446,PERSON,Barbara Williams
DOC-1447,PHONE,(473) 497-4112
DOC-1447,EMAIL,david.torres54@gmail.com
DOC-1447,PERSON,Thomas Martinez
DOC-1448,PERSON,David Robinson
DOC-1449,PERSON,Nancy Allen
DOC-1449,DOB,"November 16, 1994"
DOC-1449,SSN,339-46-6594
DOC-1449,ADDRESS,"6870 Elm St, Ashland, KY 25806"
DOC-1449,PHONE,690-369-9056
DOC-1449,EMAIL,sandra.johnson@outlook.com
DOC-1449,PERSON,Anthony Wilson
DOC-1449,PHONE,425-388-4702
DOC-1450,PERSON,Michael Young
DOC-1450,EMAIL,betty.torres@outlook.com
DOC-1450,PHONE,920-779-5913
DOC-1450,PERSON,Christopher Clark
DOC-1451,PERSON,William Garcia
DOC-1451,MEDICAL,hyperlipidemia
DOC-1451,EMAIL,christopher.garcia@outlook.com
DOC-1452,PHONE,(514) 419-0940
DOC-1452,EMAIL,michelle.walker6@gmail.com
DOC-1452,PERSON,Joseph Young
DOC-1453,PERSON,Richard Hill
DOC-1453,DOB,03/20/1959
DOC-1453,EMAIL,jennifer.martin@yahoo.com
DOC-1454,PERSON,Ashley Sanchez
DOC-1454,SSN,449-74-2553
DOC-1454,ADDRESS,"6642 Pine Ln, Clinton, NY 66484"
DOC-1454,EMAIL,betty.harris@citymail.net
DOC-1454,PHONE,(775) 427-7068
DOC-1455,PERSON,Matthew Harris
DOC-1455,PHONE,658-952-2602
DOC-1456,PERSON,Richard Thomas
DOC-1456,DOB,"November 9, 1972"
DOC-1456,MEDICAL,hypothyroidism
DOC-1456,PHONE,(626) 607-1726
DOC-1457,PERSON,Michelle Hernandez
DOC-1457,DOB,"May 20, 1974"
DOC-1457,SSN,261-12-4027
DOC-1457,EMAIL,margaret.flores@hotmail.com
DOC-1457,PHONE,288-435-4910
DOC-1458,PERSON,Susan Young
DOC-1458,SSN,625-80-0038
DOC-1458,ADDRESS,"2721 Oak Ave, Franklin, TN 13644"
DOC-1458,PHONE,(793) 301-5960
DOC-1459,PERSON,Barbara Williams
DOC-1459,DOB,03/20/1954
DOC-1459,SSN,019-41-1600
DOC-1459,ADDRESS,"5347 Lake Rd, Salem, OR 62278"
DOC-1459,EMAIL,andrew.smith1@gmail.com
DOC-1459,PHONE,(906) 307-9532
DOC-1460,PERSON,Christopher Jackson
DOC-1460,DOB,05/14/2003
DOC-1460,SSN,117-69-0959
DOC-1460,ADDRESS,"277 Hillcrest Blvd, Salem, OR 27481"
DOC-1460,EMAIL,robert.taylor@example-health.org
DOC-1460,PERSON,Jessica King
DOC-1461,PERSON,Mark Harris
DOC-1461,DOB,06/05/1960
DOC-1461,MEDICAL,hypertension
DOC-1461,EMAIL,david.garcia@gmail.com
DOC-1462,PERSON,Betty Lewis
DOC-1462,PHONE,717-313-1850
DOC-1462,PERSON,Sandra Wright
DOC-1463,PERSON,Mark Anderson
DOC-1463,CREDIT_CARD,0220994175304051
DOC-1464,PERSON,David Scott
DOC-1464,EMAIL,charles.clark@gmail.com
DOC-1464,PHONE,438-708-8260
DOC-1465,PERSON,James Garcia
DOC-1466,PERSON,John Flores
DOC-1466,ADDRESS,"6062 Park Ln, Springfield, IL 13862"
DOC-1466,CREDIT_CARD,2406-5117-4711-7069
DOC-1466,EMAIL,mark.torres56@example-health.org
DOC-1466,PHONE,(615) 399-1467
DOC-1468,PERSON,Donna Perez
DOC-1468,SSN,030-22-7928
DOC-1468,ADDRESS,"2612 Main St, Milton, FL 22393"
DOC-1468,EMAIL,john.walker@yahoo.com
DOC-1468,PERSON,Elizabeth Wilson
DOC-1468,PHONE,768-204-4121
DOC-1469,PHONE,441-569-8225
DOC-1469,EMAIL,barbara.robinson22@example-health.org
DOC-1469,PERSON,Richard Wilson
DOC-1470,PERSON,Richard Hill
DOC-1470,DOB,07/10/1979
DOC-1470,SSN,273-27-7453
DOC-1470,ADDRESS,"9230 Cedar Blvd, Milton, FL 40476"
DOC-1470,EMAIL,christopher.sanchez@yahoo.com
DOC-1470,PHONE,(927) 445-9876
DOC-1471,PERSON,Patricia Miller
DOC-1471,EMAIL,anthony.ramirez@outlook.com
DOC-1471,PHONE,(260) 319-4289
DOC-1472,PERSON,Barbara Wilson
DOC-1472,DOB,06/15/1964
DOC-1472,ADDRESS,"5122 Elm St, Riverside, CA 36658"
DOC-1472,EMAIL,sarah.jackson@gmail.com
DOC-1473,PERSON,Steven Davis
DOC-1473,SSN,126-62-4474
DOC-1473,PHONE,(876) 596-4723
DOC-1473,EMAIL,donna.hill@yahoo.com
DOC-1473,PHONE,(945) 409-5295
DOC-1474,PERSON,Jessica Brown
DOC-1474,ADDRESS,"9238 Elm St, Salem, OR 32480"
DOC-1474,CREDIT_CARD,4531 0812 4643 7864
DOC-1474,PHONE,213-635-6893
DOC-1475,PERSON,Matthew Perez
DOC-1475,PERSON,Mark Garcia
DOC-1477,PERSON,Emily Sanchez
DOC-1477,PHONE,281-470-8978
DOC-1477,PERSON,Elizabeth White
DOC-1478,PERSON,John Jackson
DOC-1478,ADDRESS,"4519 Oak Ave, Clinton, NY 27880"
DOC-1478,CREDIT_CARD,4607-3723-8615-9521
DOC-1478,EMAIL,joshua.hill@outlook.com
DOC-1478,PHONE,(875) 681-7156
DOC-1479,PERSON,Matthew Lewis
DOC-1479,DOB,01/16/1995
DOC-1479,SSN,641-22-0661
DOC-1479,ADDRESS,"3679 Elm St, Milton, FL 89330"
DOC-1479,PHONE,(479) 947-8773
DOC-1479,EMAIL,christopher.smith@postbox.io
DOC-1479,PERSON,Joseph Torres
DOC-1479,PHONE,257-442-5586
DOC-1480,PERSON,David Garcia
DOC-1480,ADDRESS,"8299 Main St, Riverside, CA 48137"
DOC-1480,CREDIT_CARD,2622-6441-8024-5945
DOC-1480,EMAIL,joshua.anderson@outlook.com
DOC-1480,PHONE,446-544-2580
DOC-1481,PHONE,(458) 773-5777
DOC-1481,EMAIL,nancy.jones@outlook.com
DOC-1481,PERSON,Emily Jackson
DOC-1482,PERSON,Michelle Moore
DOC-1482,ADDRESS,"5470 Park Ln, Madison, WI 31247"
DOC-1482,CREDIT_CARD,3967 4999 0203 8545
DOC-1482,PHONE,(784) 931-1345
DOC-1483,PERSON,Matthew Thomas
DOC-1483,DOB,03/20/1982
DOC-1483,MEDICAL,asthma
DOC-1483,PERSON,William Ramirez
DOC-1483,PHONE,965-371-0356
DOC-1485,PERSON,Donald Garcia
DOC-1485,DOB,01/08/1989
DOC-1485,SSN,850-96-3791
DOC-1485,ADDRESS,"6223 Main St, Ashland, KY 48256"
DOC-1485,PHONE,488-288-8669
DOC-1485,EMAIL,jessica.clark@gmail.com
DOC-1485,PERSON,Barbara Johnson
DOC-1485,PHONE,(845) 819-3263
DOC-1486,PERSON,Nancy Robinson
DOC-1486,DOB,05/12/1988
DOC-1486,SSN,339-89-0953
DOC-1486,ADDRESS,"8362 Cedar Blvd, Clinton, NY 24526"
DOC-1486,EMAIL,michelle.perez@yahoo.com
DOC-1487,PERSON,Susan White
DOC-1487,DOB,05/21/1948
DOC-1487,MEDICAL,atrial fibrillation
DOC-1489,PERSON,Thomas Rodriguez
DOC-1489,ADDRESS,"7532 Lake Rd, Milton, FL 42669"
DOC-1489,CREDIT_CARD,0294069572520235
DOC-1489,PHONE,(314) 364-6131
DOC-1490,PERSON,Christopher Sanchez
DOC-1490,EMAIL,charles.martin@postbox.io
DOC-1490,PHONE,(529) 347-3903
DOC-1490,PERSON,Mary Taylor
DOC-1494,PERSON,Jessica Miller
DOC-1494,PHONE,623-300-3630
DOC-1494,PERSON,James Young
DOC-1495,PERSON,Steven Gonzalez
DOC-1495,DOB,09/25/1956
DOC-1495,SSN,705-74-5545
DOC-1495,ADDRESS,"956 Oak Ave, Fairview, OH 65430"
DOC-1495,PHONE,(600) 733-8324
DOC-1495,PERSON,Christopher White
DOC-1495,PHONE,(625) 893-6822
DOC-1496,PERSON,Joseph Wilson
DOC-1496,PHONE,(801) 542-6804
DOC-1496,PERSON,Barbara Rodriguez
DOC-1498,PHONE,957-402-1397
DOC-1498,EMAIL,joseph.brown@hotmail.com
DOC-1498,PERSON,Patricia Taylor
DOC-1501,PERSON,Anthony Martinez
DOC-1501,PHONE,377-397-0197
DOC-1501,PERSON,Richard Thompson
DOC-1502,PERSON,John Smith
DOC-1502,EMAIL,karen.smith@yahoo.com
DOC-1502,PHONE,(962) 363-7680
DOC-1502,PERSON,Mary Wilson
DOC-1503,PHONE,(282) 318-9122
DOC-1503,EMAIL,james.thomas@citymail.net
DOC-1503,PERSON,Margaret Nguyen
DOC-1504,PERSON,Michael Hernandez
DOC-1504,ADDRESS,"7746 Hillcrest Blvd, Riverside, CA 73494"
DOC-1504,EMAIL,anthony.lee75@outlook.com
DOC-1504,PHONE,(544) 210-3153
DOC-1505,PERSON,Richard Martinez
DOC-1505,PHONE,(927) 456-5618
DOC-1505,PERSON,Mark Perez
DOC-1506,PERSON,William Sanchez
DOC-1506,SSN,638-47-8877
DOC-1506,ADDRESS,"8301 Park Ln, Riverside, CA 56601"
DOC-1506,PHONE,(363) 940-9820
DOC-1506,PERSON,John Lee
DOC-1507,PHONE,311-781-5370
DOC-1507,EMAIL,andrew.johnson17@outlook.com
DOC-1507,PERSON,Emily Taylor
DOC-1509,PERSON,Betty Lewis
DOC-1509,MEDICAL,osteoporosis
DOC-1509,EMAIL,donna.gonzalez@gmail.com
DOC-1510,PERSON,Paul Williams
DOC-1510,DOB,03/01/1996
DOC-1510,SSN,030-38-3517
DOC-1510,ADDRESS,"1742 Hillcrest Blvd, Ashland, KY 18741"
DOC-1510,EMAIL,david.smith98@example-health.org
DOC-1510,PHONE,637-605-7810
DOC-1511,PERSON,Donna Smith
DOC-1511,DOB,"July 22, 1984"
DOC-1511,SSN,503-46-3175
DOC-1511,ADDRESS,"8114 Park Ln, Madison, WI 72693"
DOC-1511,EMAIL,mark.gonzalez@gmail.com
DOC-1511,PERSON,Betty Taylor
DOC-1511,PHONE,943-811-0092
DOC-1512,PERSON,Margaret Clark
DOC-1512,EMAIL,william.lee@postbox.io
DOC-1512,PHONE,720-249-0535
DOC-1513,PERSON,Mary Jones
DOC-1513,SSN,519-50-4221
DOC-1513,PHONE,516-945-8128
DOC-1513,EMAIL,jessica.sanchez97@yahoo.com
DOC-1513,PHONE,(767) 818-4526
DOC-1514,PERSON,Daniel Jones
DOC-1514,DOB,02/19/1953
DOC-1514,SSN,202-55-9849
DOC-1514,ADDRESS,"9568 Pine Ln, Springfield, IL 48509"
DOC-1514,PHONE,370-877-9460
DOC-1514,PERSON,Michelle Flores
DOC-1514,PHONE,(956) 803-0595
DOC-1515,PERSON,Richard Martin
DOC-1515,PHONE,217-863-3480
DOC-1515,PERSON,Emily Wilson
DOC-1516,PERSON,Michelle Lewis
DOC-1516,EMAIL,james.lopez@yahoo.com
DOC-1516,PHONE,722-370-0072
DOC-1517,PHONE,257-549-7171
DOC-1517,EMAIL,betty.lewis@example-health.org
DOC-1517,PERSON,William Scott
DOC-1518,PERSON,Daniel Allen
DOC-1518,PHONE,(839) 970-3042
DOC-1518,PERSON,James Wilson
DOC-1519,PERSON,Matthew Lee
DOC-1519,EMAIL,nancy.robinson@hotmail.com
DOC-1520,PERSON,Kimberly Wright
DOC-1520,DOB,06/05/1958
DOC-1520,SSN,672-87-9395
DOC-1520,EMAIL,michael.miller@citymail.net
DOC-1520,PHONE,(643) 687-4090
DOC-1522,PERSON,Steven Ramirez
DOC-1522,EMAIL,patricia.thomas@citymail.net
DOC-1523,PERSON,Kimberly Rodriguez
DOC-1523,CREDIT_CARD,6388032427161868
DOC-1524,PERSON,Mary Wilson
DOC-1524,CREDIT_CARD,8547872681931924
DOC-1525,PERSON,Barbara Thompson
DOC-1525,CREDIT_CARD,3941854554189254
DOC-1526,PERSON,Steven Martinez
DOC-1526,EMAIL,margaret.walker@citymail.net
DOC-1526,PHONE,510-827-0148
DOC-1527,PERSON,Richard Martinez
DOC-1527,MEDICAL,hypothyroidism
DOC-1528,PERSON,Betty Robinson
DOC-1528,PHONE,407-449-0269
DOC-1528,PERSON,Matthew Williams
DOC-1529,PERSON,Ashley Jackson
DOC-1529,DOB,11/03/1950
DOC-1529,SSN,246-42-3646
DOC-1529,ADDRESS,"1657 Main St, Georgetown, TX 18003"
DOC-1529,EMAIL,michael.harris@postbox.io
DOC-1529,PHONE,(584) 641-2931
DOC-1530,PERSON,Michael Smith
DOC-1530,PHONE,723-519-8635
DOC-1530,PERSON,Jennifer Williams
DOC-1531,PERSON,Mark Taylor
DOC-1531,PHONE,(827) 875-5496
DOC-1531,PERSON,Steven Flores
DOC-1532,PERSON,Christopher Walker
DOC-1532,SSN,058-32-4486
DOC-1532,ADDRESS,"8699 Maple Rd, Georgetown, TX 85004"
DOC-1532,EMAIL,richard.thompson35@outlook.com
DOC-1532,PHONE,(214) 671-1249
DOC-1533,PERSON,Mark Miller
DOC-1533,DOB,09/11/1972
DOC-1533,MEDICAL,rheumatoid arthritis
DOC-1533,MEDICAL,chronic kidney disease
DOC-1534,PERSON,Emily Jones
DOC-1534,DOB,11/06/1985
DOC-1534,MEDICAL,osteoporosis
DOC-1534,EMAIL,william.davis@example-health.org
DOC-1535,PERSON,Joshua Jones
DOC-1535,EMAIL,joseph.hill@gmail.com
DOC-1535,PHONE,452-904-2765
DOC-1536,PERSON,Donald Sanchez
DOC-1536,ADDRESS,"3549 Elm St, Clinton, NY 88135"
DOC-1536,CREDIT_CARD,9942-8580-3308-6417
DOC-1537,PERSON,Patricia Flores
DOC-1537,PHONE,253-694-4147
DOC-1537,PERSON,Thomas Walker
DOC-1538,PERSON,Daniel Sanchez
DOC-1538,EMAIL,kimberly.allen@example-health.org
DOC-1538,PHONE,(605) 537-7975
DOC-1539,PHONE,(469) 306-2424
DOC-1539,EMAIL,emily.miller@yahoo.com
DOC-1539,PERSON,Margaret King
DOC-1540,PERSON,Lisa Davis
DOC-1540,EMAIL,betty.johnson@example-health.org
DOC-1540,PHONE,925-536-7915
DOC-1541,PERSON,Donald King
DOC-1541,DOB,08/11/1948
DOC-1541,MEDICAL,rheumatoid arthritis
DOC-1541,PERSON,Nancy Thomas
DOC-1542,PERSON,Barbara Hill
DOC-1542,MEDICAL,Type 2 diabetes mellitus
DOC-1542,PHONE,295-286-4160
DOC-1543,PHONE,746-269-9882
DOC-1543,EMAIL,lisa.harris44@hotmail.com
DOC-1543,PERSON,Mark Anderson
DOC-1544,PERSON,Patricia King
DOC-1544,DOB,05/26/1942
DOC-1544,ADDRESS,"4654 Washington Ave, Milton, FL 38125"
DOC-1544,PHONE,(232) 685-2646
DOC-1544,EMAIL,steven.allen59@hotmail.com
DOC-1544,PERSON,John Ramirez
DOC-1544,PHONE,790-802-1652
DOC-1545,PERSON,Matthew Lee
DOC-1545,DOB,12/06/2001
DOC-1545,ADDRESS,"2824 Park Ln, Riverside, CA 74296"
DOC-1545,PHONE,976-775-8749
DOC-1545,EMAIL,david.taylor74@example-health.org
DOC-1545,PERSON,John Flores
DOC-1545,PHONE,614-226-8680
DOC-1546,PHONE,222-704-2019
DOC-1546,EMAIL,michelle.taylor33@citymail.net
DOC-1547,PERSON,Margaret Martin
DOC-1547,DOB,"August 25, 1945"
DOC-1547,MEDICAL,psoriasis
DOC-1547,PHONE,(362) 798-6735
DOC-1548,PERSON,Lisa Davis
DOC-1548,DOB,"December 7, 2001"
DOC-1548,ADDRESS,"6101 Pine Ln, Salem, OR 76680"
DOC-1548,PHONE,672-773-3987
DOC-1548,EMAIL,john.brown@yahoo.com
DOC-1548,PERSON,Donna Martinez
DOC-1548,PHONE,(563) 863-9668
DOC-1549,PERSON,Patricia Williams
DOC-1549,CREDIT_CARD,4131667752707129
DOC-1550,PERSON,Sandra Hernandez
DOC-1550,DOB,12/10/1943
DOC-1550,MEDICAL,major depressive disorder
DOC-1550,EMAIL,ashley.clark@yahoo.com
DOC-1552,PERSON,Robert Wilson
DOC-1553,PERSON,Margaret Harris
DOC-1553,DOB,"July 13, 1996"
DOC-1553,MEDICAL,COPD
DOC-1554,PERSON,Sandra Scott
DOC-1554,ADDRESS,"9178 Main St, Fairview, OH 18884"
DOC-1554,CREDIT_CARD,3805-7321-3678-8642
DOC-1554,EMAIL,william.clark@gmail.com
DOC-1554,PHONE,230-651-0182
DOC-1555,PERSON,Donna Nguyen
DOC-1555,EMAIL,paul.nguyen56@yahoo.com
DOC-1556,PERSON,Lisa Jones
DOC-1556,DOB,08/17/1965
DOC-1556,MEDICAL,chronic kidney disease
DOC-1556,PERSON,John Lopez
DOC-1557,PERSON,Elizabeth Ramirez
DOC-1557,EMAIL,nancy.thomas@yahoo.com
DOC-1557,PHONE,(891) 467-7367
DOC-1557,PERSON,Steven Miller
DOC-1558,PERSON,Jessica Lewis
DOC-1558,EMAIL,karen.scott86@citymail.net
DOC-1558,PHONE,950-322-2224
DOC-1558,PERSON,Steven Davis
DOC-1559,PERSON,Paul Davis
DOC-1559,ADDRESS,"3256 Pine Ln, Springfield, IL 38394"
DOC-1559,CREDIT_CARD,4050 8105 6358 6992
DOC-1559,EMAIL,michael.thomas@hotmail.com
DOC-1560,PERSON,Andrew King
DOC-1560,EMAIL,richard.sanchez@hotmail.com
DOC-1560,PERSON,Donna Lee
DOC-1561,PERSON,Daniel Young
DOC-1561,DOB,07/13/1955
DOC-1561,MEDICAL,major depressive disorder
DOC-1563,PHONE,351-477-9053
DOC-1563,PERSON,Michael Wilson
DOC-1564,PERSON,Andrew Thomas
DOC-1564,DOB,01/17/1979
DOC-1564,MEDICAL,migraine
DOC-1564,PHONE,848-485-2306
DOC-1565,PHONE,(345) 669-7136
DOC-1565,EMAIL,william.thomas54@yahoo.com
DOC-1565,PERSON,Jennifer Lopez
DOC-1566,PERSON,Emily Williams
DOC-1567,PERSON,Michelle Jones
DOC-1567,ADDRESS,"3152 Main St, Georgetown, TX 41238"
DOC-1567,CREDIT_CARD,1866 7906 6747 7201
DOC-1567,EMAIL,patricia.jackson1@yahoo.com
DOC-1567,PHONE,721-456-4045
DOC-1568,PERSON,Elizabeth Rodriguez
DOC-1568,EMAIL,christopher.wilson@example-health.org
DOC-1568,PERSON,Lisa Young
DOC-1569,PERSON,Barbara Garcia
DOC-1569,DOB,05/17/1952
DOC-1569,MEDICAL,hypertension
DOC-1569,MEDICAL,rheumatoid arthritis
DOC-1569,PERSON,Matthew Gonzalez
DOC-1569,PHONE,743-435-9542
DOC-1570,PERSON,Lisa Allen
DOC-1570,ADDRESS,"7425 Park Ln, Clinton, NY 72233"
DOC-1570,CREDIT_CARD,0693-9285-3202-5461
DOC-1570,EMAIL,donald.nguyen@citymail.net
DOC-1570,PHONE,(655) 860-7409
DOC-1571,PERSON,Linda Scott
DOC-1571,SSN,648-52-0846
DOC-1571,ADDRESS,"4701 Oak Ave, Milton, FL 70375"
DOC-1571,PERSON,Donna Harris
DOC-1572,PERSON,Patricia Sanchez
DOC-1572,DOB,06/03/1963
DOC-1572,EMAIL,donna.perez@postbox.io
DOC-1573,PERSON,Barbara Moore
DOC-1573,CREDIT_CARD,2274 9665 2948 3056
DOC-1574,PERSON,Sandra White
DOC-1574,CREDIT_CARD,7777342658750312
DOC-1575,PERSON,Mary Clark
DOC-1575,MEDICAL,psoriasis
DOC-1575,EMAIL,thomas.sanchez51@hotmail.com
DOC-1576,PERSON,Patricia Wilson
DOC-1576,EMAIL,elizabeth.thompson@hotmail.com
DOC-1576,PHONE,786-580-2365
DOC-1578,PERSON,Anthony Jones
DOC-1578,DOB,11/13/1963
DOC-1578,MEDICAL,anxiety disorder
DOC-1578,PERSON,Jessica Miller
DOC-1578,PHONE,(989) 786-6469
DOC-1579,PERSON,Mary Brown
DOC-1579,EMAIL,betty.gonzalez@citymail.net
DOC-1579,PHONE,(320) 255-5876
DOC-1580,PERSON,Richard Walker
DOC-1580,EMAIL,jessica.hill@yahoo.com
DOC-1580,PHONE,694-843-2673
DOC-1580,PERSON,Donna Wright
DOC-1581,PERSON,Joshua Hill
DOC-1581,DOB,06/10/1952
DOC-1581,SSN,188-71-0155
DOC-1581,EMAIL,susan.miller@hotmail.com
DOC-1582,PERSON,Kimberly Moore
DOC-1582,PHONE,(376) 917-6134
DOC-1583,PERSON,Paul Lee
DOC-1583,EMAIL,emily.young@postbox.io
DOC-1583,PHONE,(647) 399-0094
DOC-1585,PERSON,Sarah Clark
DOC-1585,DOB,11/12/1975
DOC-1585,SSN,466-97-2472
DOC-1585,ADDRESS,"1783 Hillcrest Blvd, Georgetown, TX 11285"
DOC-1585,EMAIL,linda.scott46@citymail.net
DOC-1586,PHONE,698-808-8058
DOC-1586,EMAIL,thomas.young@example-health.org
DOC-1586,PERSON,Susan Lewis
DOC-1587,PHONE,653-483-9405
DOC-1587,EMAIL,joseph.gonzalez62@postbox.io
DOC-1587,PERSON,Elizabeth Martinez
DOC-1588,PERSON,Charles Lee
DOC-1588,DOB,06/06/1946
DOC-1588,SSN,297-11-5234
DOC-1588,ADDRESS,"7854 Main St, Clinton, NY 27113"
DOC-1588,PHONE,969-626-0432
DOC-1588,EMAIL,andrew.ramirez21@gmail.com
DOC-1588,PERSON,Sarah Thompson
DOC-1588,PHONE,(801) 698-7387
DOC-1589,PERSON,Kimberly Lewis
DOC-1589,DOB,09/24/1978
DOC-1589,SSN,698-54-5934
DOC-1589,ADDRESS,"4110 Lake Rd, Riverside, CA 24841"
DOC-1589,EMAIL,michelle.wright@outlook.com
DOC-1590,PHONE,(655) 578-6283
DOC-1590,PERSON,Kimberly Walker
DOC-1591,PERSON,Christopher Jackson
DOC-1591,ADDRESS,"7279 Elm St, Riverside, CA 40161"
DOC-1591,CREDIT_CARD,6585405919344243
DOC-1591,EMAIL,donald.miller@example-health.org
DOC-1592,PERSON,Linda Hill
DOC-1592,EMAIL,betty.smith@example-health.org
DOC-1592,PHONE,700-982-5328
DOC-1593,PERSON,Margaret Harris
DOC-1593,SSN,584-73-8245
DOC-1593,ADDRESS,"283 Elm St, Fairview, OH 17241"
DOC-1593,PHONE,902-858-4789
DOC-1593,PERSON,Joshua Sanchez
DOC-1593,PHONE,(360) 824-0445
DOC-1594,PERSON,John Robinson
DOC-1594,DOB,06/07/1996
DOC-1594,MEDICAL,gastroesophageal reflux disease
DOC-1594,PHONE,(368) 484-5172
DOC-1595,PERSON,Betty Perez
DOC-1595,DOB,03/14/2001
DOC-1596,PERSON,Emily Lewis
DOC-1596,EMAIL,mary.lopez62@outlook.com
DOC-1596,PHONE,(429) 660-9325
DOC-1597,PERSON,Andrew Williams
DOC-1597,EMAIL,kimberly.white@gmail.com
DOC-1597,PHONE,(617) 772-4273
DOC-1599,PERSON,Michael Smith
DOC-1599,CREDIT_CARD,5772504025898814
DOC-1600,PHONE,(844) 352-0761
DOC-1600,EMAIL,elizabeth.jackson@postbox.io
DOC-1601,PERSON,Linda Garcia
DOC-1601,DOB,11/12/1983
DOC-1601,MEDICAL,hypothyroidism
DOC-1601,EMAIL,jennifer.anderson@gmail.com
DOC-1602,PERSON,William Walker
DOC-1602,EMAIL,mary.sanchez74@citymail.net
DOC-1602,PHONE,238-866-6298
DOC-1603,PERSON,Joseph Sanchez
DOC-1603,DOB,09/07/1967
DOC-1603,MEDICAL,psoriasis
DOC-1603,EMAIL,william.hernandez@outlook.com
DOC-1604,PERSON,Michelle Clark
DOC-1604,MEDICAL,hypertension
DOC-1604,EMAIL,robert.williams@yahoo.com
DOC-1605,PHONE,(415) 275-8156
DOC-1605,EMAIL,donna.allen@hotmail.com
DOC-1605,PERSON,Paul Scott
DOC-1607,PERSON,Anthony Miller
DOC-1608,PERSON,Linda Robinson
DOC-1608,DOB,11/08/1969
DOC-1608,SSN,345-73-1540
DOC-1608,ADDRESS,"4651 Washington Ave, Springfield, IL 32608"
DOC-1608,EMAIL,matthew.garcia@hotmail.com
DOC-1608,PHONE,(289) 627-5455
DOC-1609,PERSON,Lisa Taylor
DOC-1609,DOB,"November 22, 1951"
DOC-1609,MEDICAL,major depressive disorder
DOC-1609,MEDICAL,rheumatoid arthritis
DOC-1609,PHONE,245-460-9747
DOC-1610,PERSON,Ashley Jackson
DOC-1610,DOB,05/14/1955
DOC-1610,MEDICAL,migraine
DOC-1611,PERSON,Susan Wright
DOC-1611,ADDRESS,"6000 Pine Ln, Riverside, CA 55177"
DOC-1611,CREDIT_CARD,1095425275056888
DOC-1611,EMAIL,sarah.king23@gmail.com
DOC-1611,PHONE,(649) 360-7713
DOC-1612,PERSON,Mark Thomas
DOC-1612,EMAIL,jessica.martinez@hotmail.com
DOC-1612,PHONE,657-938-7037
DOC-1613,PERSON,Donna Martinez
DOC-1613,DOB,05/20/1977
DOC-1613,PHONE,(716) 466-9888
DOC-1614,PERSON,Mark Hill
DOC-1614,DOB,06/08/1941
DOC-1614,PHONE,(304) 869-5224
DOC-1615,PERSON,Richard Jones
DOC-1615,DOB,"June 9, 1954"
DOC-1615,ADDRESS,"1645 Lake Rd, Ashland, KY 57117"
DOC-1615,EMAIL,ashley.thomas@postbox.io
DOC-1615,PHONE,(525) 793-1383
DOC-1616,PERSON,Karen Young
DOC-1616,ADDRESS,"2260 Hillcrest Blvd, Milton, FL 28953"
DOC-1616,CREDIT_CARD,5182-6135-0621-0847
DOC-1616,PHONE,(218) 604-2227
DOC-1618,PHONE,(284) 487-3238
DOC-1618,EMAIL,richard.flores2@yahoo.com
DOC-1618,PERSON,Mary Brown
DOC-1619,PERSON,Charles Allen
DOC-1619,CREDIT_CARD,5798 8892 1327 3812
DOC-1620,PERSON,Emily Jackson
DOC-1620,EMAIL,ashley.white@citymail.net
DOC-1620,PHONE,287-718-8798
DOC-1621,PERSON,Margaret Wilson
DOC-1621,MEDICAL,rheumatoid arthritis
DOC-1621,MEDICAL,psoriasis
DOC-1621,PERSON,Daniel White
DOC-1622,PERSON,Mark Martinez
DOC-1622,DOB,"November 3, 1952"
DOC-1622,SSN,786-56-9626
DOC-1622,ADDRESS,"4733 Hillcrest Blvd, Springfield, IL 35289"
DOC-1622,PHONE,414-442-1802
DOC-1622,EMAIL,anthony.nguyen@gmail.com
DOC-1622,PERSON,Linda Brown
DOC-1622,PHONE,(285) 519-6647
DOC-1623,PERSON,Matthew Sanchez
DOC-1623,ADDRESS,"2017 Cedar Blvd, Georgetown, TX 59694"
DOC-1623,CREDIT_CARD,1408-2310-1717-1999
DOC-1623,EMAIL,thomas.williams@example-health.org
DOC-1623,PHONE,881-852-9382
DOC-1624,PERSON,Joshua White
DOC-1624,DOB,08/26/1951
DOC-1624,MEDICAL,osteoporosis
DOC-1624,MEDICAL,coronary artery disease
DOC-1624,PHONE,(445) 867-0460
DOC-1625,PERSON,Mark Lewis
DOC-1625,CREDIT_CARD,4149057175322797
DOC-1626,PERSON,Betty Scott
DOC-1626,ADDRESS,"7921 Cedar Blvd, Riverside, CA 23879"
DOC-1626,CREDIT_CARD,5111 4241 2484 5469
DOC-1626,PHONE,(931) 470-1514
DOC-1627,PERSON,Ashley Sanchez
DOC-1627,ADDRESS,"574 Oak Ave, Salem, OR 60718"
DOC-1627,EMAIL,christopher.walker@outlook.com
DOC-1627,PHONE,(632) 465-0200
DOC-1629,PERSON,John Davis
DOC-1629,MEDICAL,anxiety disorder
DOC-1629,EMAIL,margaret.martinez36@yahoo.com
DOC-1631,PERSON,Ashley Jackson
DOC-1631,DOB,05/11/1994
DOC-1631,ADDRESS,"5253 Pine Ln, Milton, FL 11251"
DOC-1631,PHONE,640-234-5301
DOC-1631,EMAIL,michael.miller@hotmail.com
DOC-1631,PERSON,Michael Anderson
DOC-1631,PHONE,857-890-4761
DOC-1633,PHONE,(446) 443-4382
DOC-1633,PERSON,Joshua Walker
DOC-1634,PERSON,Patricia Taylor
DOC-1634,DOB,10/07/1940
DOC-1634,MEDICAL,asthma
DOC-1634,MEDICAL,major depressive disorder
DOC-1634,PHONE,836-607-9126
DOC-1635,PERSON,Kimberly Moore
DOC-1635,ADDRESS,"6500 Lake Rd, Franklin, TN 62195"
DOC-1635,CREDIT_CARD,8063992416119548
DOC-1635,PHONE,(861) 826-0424
DOC-1636,PERSON,Jessica Garcia
DOC-1636,DOB,06/13/1963
DOC-1636,MEDICAL,hyperlipidemia
DOC-1636,PHONE,554-202-3509
DOC-1637,PERSON,Christopher Young
DOC-1637,DOB,"December 16, 1969"
DOC-1637,MEDICAL,coronary artery disease
DOC-1637,PHONE,(303) 892-5071
DOC-1639,PERSON,James Torres
DOC-1639,CREDIT_CARD,7993642737957236
DOC-1639,EMAIL,michael.ramirez@yahoo.com
DOC-1639,PHONE,(796) 352-1393
DOC-1640,PERSON,Betty Torres
DOC-1640,DOB,"September 27, 1975"
DOC-1640,MEDICAL,COPD
DOC-1640,MEDICAL,major depressive disorder
DOC-1640,PHONE,(342) 946-2066
DOC-1641,PERSON,Donna Miller
DOC-1641,DOB,"August 1, 1971"
DOC-1641,PHONE,(775) 650-8506
DOC-1642,PERSON,Mark Jones
DOC-1642,DOB,02/20/1987
DOC-1642,SSN,460-79-4941
DOC-1642,PHONE,(452) 753-0051
DOC-1642,EMAIL,mark.moore@citymail.net
DOC-1642,PHONE,(326) 298-3659
DOC-1643,PERSON,Susan Taylor
DOC-1643,EMAIL,emily.miller@postbox.io
DOC-1643,PHONE,(723) 228-9099
DOC-1644,PERSON,Ashley Thompson
DOC-1644,DOB,"August 3, 1968"
DOC-1644,MEDICAL,hypothyroidism
DOC-1644,EMAIL,charles.miller@yahoo.com
DOC-1645,PERSON,Andrew Jones
DOC-1645,MEDICAL,atrial fibrillation
DOC-1645,PHONE,(545) 961-3608
DOC-1647,PERSON,James Jackson
DOC-1647,DOB,09/05/1987
DOC-1647,MEDICAL,hyperlipidemia
DOC-1647,PHONE,298-600-2990
DOC-1648,PERSON,Nancy Rodriguez
DOC-1648,DOB,"June 23, 1943"
DOC-1648,MEDICAL,anxiety disorder
DOC-1648,MEDICAL,gastroesophageal reflux disease
DOC-1648,PERSON,Michelle Davis
DOC-1648,PHONE,(332) 224-7377
DOC-1649,PERSON,Paul Taylor
DOC-1649,DOB,06/14/1975
DOC-1649,MEDICAL,gastroesophageal reflux disease
DOC-1649,PERSON,Mark Taylor
DOC-1650,PERSON,Joshua Hill
DOC-1650,DOB,01/01/1971
DOC-1650,MEDICAL,migraine
DOC-1652,PHONE,559-374-5919
DOC-1652,EMAIL,mary.jackson71@example-health.org
DOC-1652,PERSON,Elizabeth Jackson
DOC-1653,PERSON,Jennifer Garcia
DOC-1653,DOB,02/06/2004
DOC-1653,MEDICAL,major depressive disorder
DOC-1654,PERSON,Ashley Taylor
DOC-1654,ADDRESS,"4598 Oak Ave, Madison, WI 73049"
DOC-1654,CREDIT_CARD,7631-0323-1976-7021
DOC-1654,EMAIL,michael.clark@outlook.com
DOC-1654,PHONE,484-588-9727
DOC-1656,PERSON,Andrew Garcia
DOC-1656,EMAIL,sarah.martin68@outlook.com
DOC-1656,PHONE,220-205-9411
DOC-1656,PERSON,Matthew Perez
DOC-1657,PERSON,Donald Sanchez
DOC-1657,PHONE,(410) 663-8702
DOC-1659,PERSON,Donna Davis
DOC-1659,ADDRESS,"6077 Park Ln, Georgetown, TX 31454"
DOC-1659,CREDIT_CARD,6425-9931-7697-0853
DOC-1659,EMAIL,christopher.torres@citymail.net
DOC-1659,PHONE,(583) 868-7144
DOC-1660,PHONE,(256) 338-5983
DOC-1660,EMAIL,jennifer.white@outlook.com
DOC-1660,PERSON,Michelle Jackson
DOC-1661,PERSON,Emily Moore
DOC-1661,EMAIL,daniel.perez@citymail.net
DOC-1661,PHONE,885-870-7756
DOC-1661,PERSON,Anthony Wilson
DOC-1662,PERSON,Mark Hernandez
DOC-1662,CREDIT_CARD,2769-5887-0894-2660
DOC-1662,EMAIL,margaret.flores@postbox.io
DOC-1662,PHONE,851-391-7613
DOC-1663,PERSON,Sandra King
DOC-1663,DOB,03/09/1972
DOC-1663,SSN,431-46-9244
DOC-1663,EMAIL,richard.ramirez@gmail.com
DOC-1664,PERSON,Kimberly Jones
DOC-1664,PHONE,(401) 420-5044
DOC-1664,PERSON,Elizabeth Wilson
DOC-1666,PERSON,Robert Thomas
DOC-1666,DOB,02/18/1948
DOC-1666,MEDICAL,gastroesophageal reflux disease
DOC-1666,MEDICAL,major depressive disorder
DOC-1666,PERSON,Thomas Ramirez
DOC-1666,PHONE,(565) 804-5716
DOC-1667,PERSON,Susan Torres
DOC-1667,DOB,04/18/1977
DOC-1667,SSN,740-71-5853
DOC-1667,ADDRESS,"8782 Pine Ln, Franklin, TN 75655"
DOC-1667,PHONE,507-594-3970
DOC-1667,EMAIL,donald.thomas40@example-health.org
DOC-1667,PERSON,Christopher Brown
DOC-1667,PHONE,(952) 449-0159
DOC-1669,PERSON,Steven King
DOC-1669,DOB,"October 3, 1974"
DOC-1669,MEDICAL,hypothyroidism
DOC-1669,PHONE,653-369-8297
DOC-1670,PERSON,Michelle Harris
DOC-1670,CREDIT_CARD,5241 5731 8020 4046
DOC-1671,PHONE,257-384-6919
DOC-1671,EMAIL,mark.king@example-health.org
DOC-1672,PERSON,Lisa Sanchez
DOC-1672,PHONE,(258) 911-0758
DOC-1672,PERSON,Sandra Moore
DOC-1673,PERSON,Susan Robinson
DOC-1673,DOB,04/27/1967
DOC-1673,MEDICAL,hypertension
DOC-1673,MEDICAL,asthma
DOC-1673,PERSON,James Miller
DOC-1673,PHONE,(876) 496-9268
DOC-1674,PERSON,Patricia Hernandez
DOC-1674,MEDICAL,hypertension
DOC-1674,MEDICAL,migraine
DOC-1674,PERSON,Donald Garcia
DOC-1674,PHONE,(265) 770-0506
DOC-1675,PERSON,Donald Sanchez
DOC-1675,DOB,12/28/1964
DOC-1675,PHONE,696-821-7160
DOC-1676,PERSON,Patricia Harris
DOC-1676,EMAIL,donna.taylor85@citymail.net
DOC-1676,PHONE,712-624-1796
DOC-1676,PERSON,Nancy Taylor
DOC-1677,PERSON,John Torres
DOC-1677,PHONE,711-887-5411
DOC-1677,PERSON,Ashley Williams
DOC-1678,PERSON,William Flores
DOC-1678,CREDIT_CARD,4267088050151377
DOC-1679,PERSON,Charles Martinez
DOC-1679,PHONE,(205) 655-6261
DOC-1680,PERSON,Betty Clark
DOC-1680,CREDIT_CARD,1054 1715 0076 0170
DOC-1681,PHONE,694-693-0749
DOC-1681,EMAIL,margaret.young17@gmail.com
DOC-1681,PERSON,Joshua Hernandez
DOC-1682,PHONE,380-963-5956
DOC-1682,EMAIL,paul.anderson@postbox.io
DOC-1682,PERSON,Sandra Moore
DOC-1683,PERSON,Betty Nguyen
DOC-1683,MEDICAL,coronary artery disease
DOC-1683,EMAIL,nancy.sanchez@example-health.org
DOC-1684,PERSON,David Brown
DOC-1684,DOB,12/08/1990
DOC-1684,EMAIL,lisa.perez@example-health.org
DOC-1685,PERSON,Richard Harris
DOC-1685,CREDIT_CARD,0253687320922543
DOC-1686,PERSON,Michael Wright
DOC-1686,DOB,"November 10, 1965"
DOC-1686,SSN,774-17-0833
DOC-1686,ADDRESS,"6482 Main St, Madison, WI 52285"
DOC-1686,PHONE,(928) 973-9233
DOC-1687,PERSON,Robert Harris
DOC-1687,MEDICAL,rheumatoid arthritis
DOC-1687,MEDICAL,psoriasis
DOC-1687,PHONE,205-491-4630
DOC-1688,PERSON,James Brown
DOC-1688,DOB,11/26/1981
DOC-1688,ADDRESS,"5481 Elm St, Salem, OR 49161"
DOC-1688,EMAIL,paul.jackson@outlook.com
DOC-1688,PERSON,Mary Harris
DOC-1689,PERSON,Jennifer Lewis
DOC-1689,PHONE,766-722-7765
DOC-1689,PERSON,James White
DOC-1690,PERSON,Mary Smith
DOC-1690,EMAIL,ashley.taylor@outlook.com
DOC-1690,PHONE,952-582-1109
DOC-1691,PERSON,Donna Taylor
DOC-1691,DOB,04/17/1997
DOC-1691,MEDICAL,chronic kidney disease
DOC-1692,PERSON,Susan Walker
DOC-1692,PHONE,(410) 824-4867
DOC-1692,PERSON,William Lee
DOC-1693,PERSON,Jennifer Martin
DOC-1693,DOB,"December 20, 1980"
DOC-1693,SSN,287-57-6892
DOC-1693,ADDRESS,"6132 Hillcrest Blvd, Riverside, CA 14158"
DOC-1693,PHONE,972-756-9562
DOC-1693,EMAIL,michael.jackson49@yahoo.com
DOC-1693,PERSON,Michael Wright
DOC-1693,PHONE,658-832-9020
DOC-1694,PERSON,Elizabeth Lee
DOC-1694,PHONE,227-825-2515
DOC-1695,PERSON,David Robinson
DOC-1695,DOB,08/24/1980
DOC-1695,SSN,429-64-3318
DOC-1695,PHONE,(410) 697-3170
DOC-1695,EMAIL,emily.king@yahoo.com
DOC-1695,PERSON,Robert Torres
DOC-1695,PHONE,(671) 230-1529
DOC-1696,PERSON,Sandra King
DOC-1696,CREDIT_CARD,2816 8960 0668 8122
DOC-1697,PERSON,Mark Hill
DOC-1697,ADDRESS,"4778 Maple Rd, Franklin, TN 23220"
DOC-1697,CREDIT_CARD,9979703108083489
DOC-1699,PERSON,Karen Anderson
DOC-1699,CREDIT_CARD,0878037825371268
DOC-1700,PHONE,405-931-1275
DOC-1700,EMAIL,david.davis62@outlook.com
DOC-1700,PERSON,Matthew Rodriguez
DOC-1701,PERSON,Daniel Flores
DOC-1701,DOB,07/14/2001
DOC-1701,SSN,541-49-0229
DOC-1701,ADDRESS,"4594 Lake Rd, Ashland, KY 62556"
DOC-1701,PHONE,459-213-1883
DOC-1701,EMAIL,mark.lewis@hotmail.com
DOC-1701,PERSON,William Davis
DOC-1703,PERSON,Joseph King
DOC-1703,PHONE,367-648-3823
DOC-1704,PERSON,Barbara Torres
DOC-1704,ADDRESS,"9188 Lake Rd, Clinton, NY 16790"
DOC-1704,EMAIL,emily.martin@citymail.net
DOC-1704,PHONE,(281) 922-5003
DOC-1705,PHONE,(277) 491-9910
DOC-1705,EMAIL,andrew.garcia@example-health.org
DOC-1705,PERSON,Michael Ramirez
DOC-1706,PERSON,Betty Rodriguez
DOC-1706,EMAIL,ashley.martin98@citymail.net
DOC-1706,PHONE,(360) 204-5157
DOC-1706,PERSON,William Perez
DOC-1707,PERSON,Robert Lewis
DOC-1707,ADDRESS,"6720 Main St, Ashland, KY 18614"
DOC-1707,CREDIT_CARD,1713 4025 0064 2274
DOC-1707,EMAIL,karen.torres@postbox.io
DOC-1709,PERSON,Andrew Lopez
DOC-1709,DOB,05/24/1947
DOC-1709,SSN,353-51-2681
DOC-1709,EMAIL,michael.sanchez36@yahoo.com
DOC-1709,PHONE,(220) 874-4032
DOC-1710,PERSON,Charles Brown
DOC-1710,DOB,08/15/1977
DOC-1710,SSN,652-91-6444
DOC-1710,EMAIL,steven.wilson@gmail.com
DOC-1712,PERSON,Charles King
DOC-1712,EMAIL,donna.jones@citymail.net
DOC-1712,PHONE,(572) 680-9236
DOC-1714,PHONE,(867) 421-1165
DOC-1714,EMAIL,donna.perez79@outlook.com
DOC-1714,PERSON,Jessica Lee
DOC-1717,PHONE,253-699-0954
DOC-1717,EMAIL,mary.lewis4@outlook.com
DOC-1717,PERSON,Mary Sanchez
DOC-1718,PERSON,William Ramirez
DOC-1718,ADDRESS,"2606 Elm St, Salem, OR 10434"
DOC-1718,CREDIT_CARD,7980-4707-8937-9876
DOC-1718,EMAIL,david.gonzalez80@example-health.org
DOC-1718,PHONE,(645) 399-6370
DOC-1719,PERSON,David Sanchez
DOC-1719,DOB,12/20/1958
DOC-1719,MEDICAL,hypothyroidism
DOC-1719,EMAIL,daniel.miller41@citymail.net
DOC-1721,PERSON,Michael Robinson
DOC-1721,CREDIT_CARD,6502100027864998
DOC-1723,PERSON,Susan Hernandez
DOC-1723,MEDICAL,coronary artery disease
DOC-1723,EMAIL,ashley.jackson@postbox.io
DOC-1724,PHONE,337-872-0430
DOC-1724,EMAIL,christopher.lewis@citymail.net
DOC-1724,PERSON,Michael Martin
DOC-1725,PHONE,(380) 848-4304
DOC-1725,EMAIL,emily.moore1@citymail.net
DOC-1725,PERSON,Elizabeth Young
DOC-1726,PERSON,Linda Wright
DOC-1726,EMAIL,elizabeth.thompson12@gmail.com
DOC-1726,PHONE,231-396-1468
DOC-1726,PERSON,Mark Rodriguez
DOC-1727,PERSON,Matthew Smith
DOC-1727,DOB,12/11/1951
DOC-1727,SSN,277-40-4458
DOC-1727,ADDRESS,"117 Main St, Riverside, CA 34296"
DOC-1727,EMAIL,betty.white@hotmail.com
DOC-1729,PERSON,Barbara Davis
DOC-1729,DOB,12/16/1979
DOC-1729,MEDICAL,hypothyroidism
DOC-1729,PERSON,Matthew Perez
DOC-1729,PHONE,(425) 673-3600
DOC-1730,PERSON,Patricia Walker
DOC-1730,DOB,01/14/1954
DOC-1730,MEDICAL,anxiety disorder
DOC-1730,MEDICAL,hypertension
DOC-1730,PERSON,Joseph Ramirez
DOC-1731,PERSON,Emily Robinson
DOC-1731,ADDRESS,"6985 Pine Ln, Milton, FL 19073"
DOC-1731,CREDIT_CARD,2298308788477986
DOC-1731,EMAIL,elizabeth.taylor@outlook.com
DOC-1731,PHONE,836-612-8700
DOC-1732,PERSON,Mary Davis
DOC-1732,PHONE,(355) 944-1439
DOC-1732,PERSON,Christopher Harris
DOC-1733,PERSON,Linda Thomas
DOC-1733,DOB,"February 14, 1997"
DOC-1733,EMAIL,andrew.moore86@yahoo.com
DOC-1734,PERSON,Lisa Miller
DOC-1734,ADDRESS,"4054 Hillcrest Blvd, Riverside, CA 59965"
DOC-1734,CREDIT_CARD,9004790464494056
DOC-1734,PHONE,(428) 831-4177
DOC-1735,PERSON,Patricia Ramirez
DOC-1735,DOB,"May 10, 1949"
DOC-1735,MEDICAL,hypothyroidism
DOC-1735,EMAIL,margaret.harris@hotmail.com
DOC-1736,PERSON,Emily Martinez
DOC-1736,PHONE,691-696-9656
DOC-1736,PERSON,Donald Lopez
DOC-1737,PHONE,382-991-2495
DOC-1737,EMAIL,michelle.martin@hotmail.com
DOC-1738,PHONE,(437) 417-4298
DOC-1738,EMAIL,elizabeth.lewis@citymail.net
DOC-1738,PERSON,Donald Brown
DOC-1739,PERSON,Sarah Taylor
DOC-1739,PHONE,(848) 204-1920
DOC-1741,PERSON,Jessica Davis
DOC-1741,DOB,"June 6, 1999"
DOC-1741,ADDRESS,"3946 Maple Rd, Clinton, NY 42914"
DOC-1741,EMAIL,elizabeth.miller@example-health.org
DOC-1741,PHONE,557-959-7906
DOC-1742,PERSON,Kimberly Hernandez
DOC-1742,EMAIL,michelle.jackson@postbox.io
DOC-1742,PERSON,Barbara White
DOC-1743,PERSON,Steven Robinson
DOC-1743,MEDICAL,osteoporosis
DOC-1743,MEDICAL,osteoporosis
DOC-1743,PERSON,Paul Rodriguez
DOC-1743,PHONE,(892) 339-6849
DOC-1744,PERSON,Michael Jackson
DOC-1744,EMAIL,mark.walker@postbox.io
DOC-1744,PHONE,914-757-8344
DOC-1744,PERSON,Susan Young
DOC-1745,PERSON,Barbara Martinez
DOC-1745,PHONE,870-995-3653
DOC-1746,PERSON,Elizabeth Smith
DOC-1746,EMAIL,paul.wilson@postbox.io
DOC-1746,PHONE,(462) 892-4404
DOC-1747,PERSON,Joshua Hill
DOC-1747,EMAIL,thomas.perez@hotmail.com
DOC-1747,PHONE,(873) 741-3271
DOC-1748,PERSON,Patricia Thomas
DOC-1748,MEDICAL,osteoporosis
DOC-1748,PHONE,585-812-5456
DOC-1749,PERSON,Emily Allen
DOC-1749,DOB,01/17/1989
DOC-1749,SSN,004-68-1629
DOC-1749,ADDRESS,"2958 Pine Ln, Milton, FL 36782"
DOC-1749,PHONE,(920) 609-0420
DOC-1749,EMAIL,anthony.allen4@citymail.net
DOC-1749,PERSON,Nancy Scott
DOC-1749,PHONE,878-717-4689
DOC-1750,PERSON,Steven Brown
DOC-1752,PHONE,(516) 596-0120
DOC-1752,EMAIL,patricia.rodriguez@gmail.com
DOC-1753,PERSON,Jennifer Wright
DOC-1753,ADDRESS,"2833 Elm St, Milton, FL 13168"
DOC-1753,EMAIL,joseph.miller@postbox.io
DOC-1753,PHONE,(271) 670-9862
DOC-1754,PERSON,Joshua Martin
DOC-1754,PERSON,Michelle Harris
DOC-1755,PERSON,Patricia Torres
DOC-1755,EMAIL,emily.smith56@postbox.io
DOC-1755,PERSON,Jessica Wilson
DOC-1756,PERSON,Ashley Thomas
DOC-1756,DOB,06/22/1944
DOC-1756,SSN,748-53-1646
DOC-1756,ADDRESS,"2158 Cedar Blvd, Georgetown, TX 13842"
DOC-1756,PHONE,(805) 605-7260
DOC-1756,EMAIL,patricia.nguyen@gmail.com
DOC-1756,PERSON,Donald Martin
DOC-1756,PHONE,295-853-3301
DOC-1757,PERSON,James Johnson
DOC-1757,PHONE,765-505-1670
DOC-1757,PERSON,Elizabeth Harris
DOC-1758,PERSON,Joseph Torres
DOC-1758,PERSON,Steven Jackson
DOC-1761,PERSON,Matthew Robinson
DOC-1761,EMAIL,donald.thompson@hotmail.com
DOC-1761,PHONE,(296) 600-2613
DOC-1762,PERSON,David Smith
DOC-1762,DOB,"January 9, 1958"
DOC-1762,SSN,570-72-1316
DOC-1762,EMAIL,nancy.anderson@hotmail.com
DOC-1762,PHONE,970-502-1448
DOC-1763,PERSON,Patricia Martinez
DOC-1763,PHONE,843-832-0302
DOC-1763,PERSON,Donna Thompson
DOC-1764,PERSON,Michelle Johnson
DOC-1764,PHONE,779-733-2613
DOC-1764,PERSON,Christopher Brown
DOC-1766,PERSON,Richard Taylor
DOC-1766,ADDRESS,"7002 Oak Ave, Salem, OR 34441"
DOC-1766,CREDIT_CARD,2809-5417-5401-6378
DOC-1766,EMAIL,emily.moore@example-health.org
DOC-1766,PHONE,(316) 656-3079
DOC-1767,PERSON,Daniel Ramirez
DOC-1767,DOB,03/26/1953
DOC-1767,MEDICAL,anxiety disorder
DOC-1767,EMAIL,charles.harris36@hotmail.com
DOC-1768,PERSON,Jessica Torres
DOC-1768,EMAIL,donna.torres@hotmail.com
DOC-1768,PHONE,(215) 794-9485
DOC-1768,PERSON,Steven Ramirez
DOC-1769,PERSON,Elizabeth Smith
DOC-1769,CREDIT_CARD,3286 5918 1980 5289
DOC-1771,PERSON,Donna Davis
DOC-1771,PHONE,(952) 217-5380
DOC-1771,PERSON,Ashley Miller
DOC-1772,PERSON,Karen Thomas
DOC-1772,DOB,08/26/2005
DOC-1772,MEDICAL,chronic kidney disease
DOC-1772,PHONE,(765) 858-5000
DOC-1773,PERSON,Anthony Anderson
DOC-1773,DOB,12/16/1961
DOC-1773,SSN,271-39-8012
DOC-1773,ADDRESS,"1392 Main St, Georgetown, TX 84838"
DOC-1773,EMAIL,betty.lee@outlook.com
DOC-1773,PERSON,John Anderson
DOC-1773,PHONE,515-395-0345
DOC-1774,PERSON,Michael Walker
DOC-1774,DOB,03/22/1940
DOC-1774,MEDICAL,rheumatoid arthritis
DOC-1774,EMAIL,margaret.thomas@citymail.net
DOC-1775,PHONE,(932) 322-7167
DOC-1775,EMAIL,anthony.davis@citymail.net
DOC-1775,PERSON,Charles Robinson
DOC-1776,PERSON,Sarah Lee
DOC-1776,PHONE,557-627-5002
DOC-1776,PERSON,Richard Jones
DOC-1778,PERSON,Betty White
DOC-1778,PHONE,(643) 210-8504
DOC-1778,PERSON,Thomas Jones
DOC-1780,PERSON,Kimberly Garcia
DOC-1780,PHONE,(394) 662-2190
DOC-1780,PERSON,Donna Gonzalez
DOC-1781,PERSON,Anthony Taylor
DOC-1781,DOB,12/16/1963
DOC-1781,MEDICAL,hypothyroidism
DOC-1781,MEDICAL,major depressive disorder
DOC-1781,PERSON,Susan Anderson
DOC-1781,PHONE,(945) 686-2154
DOC-1782,PERSON,Richard Sanchez
DOC-1782,PHONE,(698) 264-6686
DOC-1782,PERSON,Jessica Thomas
DOC-1783,PERSON,Thomas King
DOC-1783,CREDIT_CARD,8105-0391-6781-2887
DOC-1784,PERSON,Barbara Lewis
DOC-1784,ADDRESS,"4588 Hillcrest Blvd, Riverside, CA 65797"
DOC-1784,CREDIT_CARD,9539536982320727
DOC-1784,EMAIL,anthony.miller@outlook.com
DOC-1784,PHONE,(642) 888-2609
DOC-1785,PERSON,Emily Smith
DOC-1785,EMAIL,thomas.jackson@postbox.io
DOC-1785,PHONE,(362) 238-9205
DOC-1786,PERSON,John Walker
DOC-1786,DOB,03/26/1968
DOC-1786,SSN,418-13-6815
DOC-1786,ADDRESS,"5537 Cedar Blvd, Milton, FL 93967"
DOC-1786,EMAIL,john.thomas53@example-health.org
DOC-1786,PHONE,796-250-6990
DOC-1787,PERSON,Anthony Garcia
DOC-1787,PHONE,693-663-7891
DOC-1787,PERSON,Kimberly White
DOC-1788,PERSON,Charles Martin
DOC-1788,DOB,04/25/1961
DOC-1788,SSN,387-14-4621
DOC-1788,ADDRESS,"4475 Maple Rd, Clinton, NY 52519"
DOC-1788,EMAIL,james.lopez@hotmail.com
DOC-1788,PHONE,(855) 263-2546
DOC-1789,PERSON,Donna Jackson
DOC-1789,ADDRESS,"4286 Cedar Blvd, Salem, OR 21800"
DOC-1789,EMAIL,steven.harris@postbox.io
DOC-1789,PERSON,Linda Smith
DOC-1789,PHONE,736-623-1665
DOC-1791,PERSON,James Young
DOC-1791,PHONE,885-966-0052
DOC-1791,PERSON,Betty Brown
DOC-1792,PERSON,Anthony Jones
DOC-1792,MEDICAL,anxiety disorder
DOC-1792,PHONE,221-909-2695
DOC-1793,PERSON,Nancy Robinson
DOC-1793,CREDIT_CARD,5546 0683 4260 5338
DOC-1794,PERSON,Steven Robinson
DOC-1794,DOB,09/18/1980
DOC-1794,SSN,111-47-0321
DOC-1794,ADDRESS,"3755 Cedar Blvd, Madison, WI 50082"
DOC-1794,PERSON,Andrew Thomas
DOC-1794,PHONE,(660) 827-0926
DOC-1795,PERSON,Joshua Flores
DOC-1795,DOB,01/16/1943
DOC-1795,MEDICAL,anxiety disorder
DOC-1795,PERSON,Emily Young
DOC-1795,PHONE,334-455-0940
DOC-1796,PERSON,Ashley Hill
DOC-1796,ADDRESS,"6376 Pine Ln, Milton, FL 72841"
DOC-1796,EMAIL,susan.robinson11@hotmail.com
DOC-1796,PHONE,682-521-5381
DOC-1797,PERSON,Matthew Nguyen
DOC-1797,EMAIL,mark.sanchez@gmail.com
DOC-1797,PHONE,441-891-6367
DOC-1798,PERSON,Joseph Torres
DOC-1798,DOB,05/04/1950
DOC-1798,ADDRESS,"4775 Main St, Milton, FL 89941"
DOC-1798,EMAIL,patricia.jackson@hotmail.com
DOC-1798,PHONE,(485) 390-7504
DOC-1799,PERSON,Sandra Lee
DOC-1799,PHONE,(292) 828-4025
DOC-1799,PERSON,Thomas Harris
DOC-1800,PERSON,Emily White
DOC-1800,DOB,08/15/2003
DOC-1800,SSN,738-70-5869
DOC-1800,PHONE,(869) 888-3530
DOC-1800,EMAIL,christopher.sanchez58@hotmail.com
DOC-1800,PERSON,Karen Sanchez
DOC-1800,PHONE,450-294-7851
DOC-1802,PERSON,Mary Flores
DOC-1802,MEDICAL,psoriasis
DOC-1802,PHONE,520-430-6457
DOC-1803,PERSON,Barbara King
DOC-1803,DOB,05/17/1971
DOC-1803,MEDICAL,Type 2 diabetes mellitus
DOC-1803,EMAIL,mary.nguyen@outlook.com
DOC-1805,PERSON,Christopher Robinson
DOC-1805,ADDRESS,"4473 Elm St, Ashland, KY 29056"
DOC-1805,CREDIT_CARD,7686-1277-9333-3569
DOC-1806,PHONE,451-884-2958
DOC-1806,EMAIL,lisa.rodriguez@citymail.net
DOC-1806,PERSON,Margaret White
DOC-1807,PERSON,Barbara Ramirez
DOC-1807,DOB,05/22/1973
DOC-1807,MEDICAL,coronary artery disease
DOC-1807,EMAIL,steven.hill@citymail.net
DOC-1808,PHONE,965-862-0038
DOC-1808,PERSON,Steven Jackson
DOC-1809,PERSON,Mary White
DOC-1809,DOB,11/09/1957
DOC-1809,SSN,355-95-5165
DOC-1809,ADDRESS,"5857 Pine Ln, Madison, WI 20234"
DOC-1809,EMAIL,william.brown52@gmail.com
DOC-1809,PHONE,(877) 842-7057
DOC-1810,PERSON,Sarah Rodriguez
DOC-1810,EMAIL,emily.johnson@outlook.com
DOC-1810,PHONE,(888) 217-1002
DOC-1810,PERSON,Susan Miller
DOC-1811,PERSON,Barbara Flores
DOC-1811,EMAIL,david.harris@outlook.com
DOC-1811,PHONE,897-573-6024
DOC-1812,PERSON,Joseph Hill
DOC-1812,ADDRESS,"9611 Cedar Blvd, Milton, FL 47917"
DOC-1812,CREDIT_CARD,3109 5188 8578 7828
DOC-1812,EMAIL,andrew.perez@citymail.net
DOC-1812,PHONE,721-448-9895
DOC-1813,PERSON,Mary Lewis
DOC-1813,DOB,06/28/1977
DOC-1813,EMAIL,matthew.robinson@yahoo.com
DOC-1814,PERSON,Ashley Perez
DOC-1814,CREDIT_CARD,9074 3906 4847 7393
DOC-1814,EMAIL,karen.taylor@citymail.net
DOC-1814,PHONE,689-441-1658
DOC-1815,PERSON,Betty Flores
DOC-1815,DOB,03/14/1972
DOC-1815,SSN,654-60-6801
DOC-1815,PHONE,(229) 700-9390
DOC-1815,EMAIL,daniel.lopez@hotmail.com
DOC-1815,PERSON,Lisa Rodriguez
DOC-1816,PERSON,Matthew Moore
DOC-1817,PERSON,Sandra King
DOC-1817,DOB,02/09/1961
DOC-1817,SSN,121-15-0982
DOC-1817,ADDRESS,"517 Lake Rd, Franklin, TN 76031"
DOC-1817,EMAIL,thomas.walker80@citymail.net
DOC-1817,PHONE,(247) 943-1715
DOC-1818,PERSON,Joseph Sanchez
DOC-1818,EMAIL,sandra.lee82@postbox.io
DOC-1818,PHONE,(945) 486-8015
DOC-1819,PERSON,Paul Smith
DOC-1820,PERSON,Thomas Lewis
DOC-1820,CREDIT_CARD,5396 4163 8251 1723
DOC-1821,PERSON,Paul Brown
DOC-1821,ADDRESS,"314 Pine Ln, Ashland, KY 80158"
DOC-1821,EMAIL,michael.rodriguez@citymail.net
DOC-1821,PHONE,(614) 728-1731
DOC-1822,PERSON,Linda Jones
DOC-1822,DOB,08/25/1941
DOC-1822,SSN,405-78-6724
DOC-1822,ADDRESS,"4591 Hillcrest Blvd, Madison, WI 64943"
DOC-1822,EMAIL,karen.miller@yahoo.com
DOC-1822,PHONE,558-821-5093
DOC-1823,PERSON,Andrew White
DOC-1823,DOB,"July 21, 1951"
DOC-1823,MEDICAL,hypertension
DOC-1824,PERSON,Daniel Miller
DOC-1824,DOB,12/22/1988
DOC-1824,SSN,228-28-3663
DOC-1824,ADDRESS,"8090 Main St, Clinton, NY 74396"
DOC-1824,PHONE,354-544-9683
DOC-1824,EMAIL,john.garcia47@citymail.net
DOC-1824,PHONE,(903) 901-3767
DOC-1826,PERSON,Christopher Ramirez
DOC-1826,DOB,12/17/1947
DOC-1826,MEDICAL,rheumatoid arthritis
DOC-1826,PHONE,491-698-2375
DOC-1827,PHONE,(508) 333-9874
DOC-1827,EMAIL,william.sanchez@citymail.net
DOC-1829,PERSON,Barbara Perez
DOC-1829,DOB,"March 22, 1952"
DOC-1829,SSN,863-81-7617
DOC-1829,ADDRESS,"3753 Washington Ave, Madison, WI 44858"
DOC-1829,EMAIL,thomas.taylor@outlook.com
DOC-1829,PERSON,Barbara Rodriguez
DOC-1829,PHONE,510-610-6571
DOC-1830,PERSON,James Johnson
DOC-1830,EMAIL,daniel.lewis34@outlook.com
DOC-1830,PERSON,Anthony Clark
DOC-1831,PERSON,Richard Thompson
DOC-1831,EMAIL,joshua.jackson@citymail.net
DOC-1831,PHONE,(330) 462-5936
DOC-1833,PERSON,Michael Jackson
DOC-1833,DOB,04/19/1999
DOC-1833,PHONE,(844) 373-9453
DOC-1834,PERSON,Matthew Allen
DOC-1834,CREDIT_CARD,5390 9174 4794 0802
DOC-1835,PERSON,Charles Williams
DOC-1835,DOB,12/19/1959
DOC-1835,MEDICAL,hypothyroidism
DOC-1836,PERSON,Lisa Nguyen
DOC-1836,DOB,11/28/1943
DOC-1836,SSN,539-80-8379
DOC-1836,ADDRESS,"4154 Main St, Springfield, IL 10006"
DOC-1836,PHONE,200-540-3196
DOC-1836,EMAIL,paul.martinez@postbox.io
DOC-1836,PERSON,Kimberly Walker
DOC-1836,PHONE,(844) 364-2532
DOC-1839,PERSON,Karen Nguyen
DOC-1839,EMAIL,david.harris26@example-health.org
DOC-1839,PHONE,989-852-8857
DOC-1840,PERSON,Sandra Martinez
DOC-1840,EMAIL,steven.anderson@citymail.net
DOC-1840,PERSON,Margaret Garcia
DOC-1841,PERSON,Michelle Martin
DOC-1841,PHONE,266-638-7667
DOC-1842,PERSON,Donald Hernandez
DOC-1842,PHONE,725-486-5524
DOC-1842,PERSON,Paul Walker
DOC-1843,PERSON,Ashley Lopez
DOC-1843,ADDRESS,"9437 Main St, Riverside, CA 75239"
DOC-1843,PHONE,492-415-5272
DOC-1843,PERSON,Nancy Thompson
DOC-1843,PHONE,914-977-6121
DOC-1844,PERSON,Donald Williams
DOC-1844,EMAIL,james.rodriguez@example-health.org
DOC-1844,PHONE,909-240-6441
DOC-1844,PERSON,William Martin
DOC-1845,PERSON,Paul Wilson
DOC-1845,DOB,08/05/1982
DOC-1845,SSN,618-13-1548
DOC-1845,ADDRESS,"6942 Main St, Springfield, IL 42747"
DOC-1845,PHONE,473-856-7539
DOC-1845,EMAIL,jennifer.allen@postbox.io
DOC-1845,PERSON,William Williams
DOC-1845,PHONE,(894) 357-2570
DOC-1846,PERSON,Daniel Thompson
DOC-1846,EMAIL,william.perez@example-health.org
DOC-1846,PHONE,531-593-8857
DOC-1848,PERSON,William Nguyen
DOC-1848,EMAIL,thomas.allen@hotmail.com
DOC-1848,PHONE,206-493-1937
DOC-1848,PERSON,Lisa Williams
DOC-1849,PERSON,Linda Gonzalez
DOC-1849,CREDIT_CARD,8759-5594-2298-1332
DOC-1850,PERSON,Mark Robinson
DOC-1850,CREDIT_CARD,4360489098592713
DOC-1851,PERSON,Steven Clark
DOC-1851,DOB,07/21/1950
DOC-1851,SSN,719-77-7872
DOC-1851,ADDRESS,"5132 Lake Rd, Madison, WI 51469"
DOC-1851,EMAIL,richard.garcia@citymail.net
DOC-1851,PERSON,Christopher Hernandez
DOC-1851,PHONE,(943) 268-7324
DOC-1852,PERSON,Paul Lewis
DOC-1853,PERSON,Christopher Nguyen
DOC-1853,DOB,"April 6, 1962"
DOC-1853,MEDICAL,hypertension
DOC-1853,PERSON,Charles Thompson
DOC-1853,PHONE,(526) 711-1270
DOC-1855,PERSON,Ashley Harris
DOC-1855,PHONE,(437) 503-4485
DOC-1855,PERSON,Susan Moore
DOC-1856,PERSON,Emily Young
DOC-1856,DOB,03/11/1944
DOC-1856,MEDICAL,osteoporosis
DOC-1857,PERSON,Paul White
DOC-1857,DOB,07/02/1961
DOC-1857,PERSON,Nancy Jackson
DOC-1858,PERSON,Donald White
DOC-1858,EMAIL,david.gonzalez@example-health.org
DOC-1858,PHONE,703-236-6128
DOC-1859,PERSON,Susan Flores
DOC-1859,DOB,"May 17, 1996"
DOC-1859,SSN,594-81-0693
DOC-1859,EMAIL,susan.gonzalez@hotmail.com
DOC-1859,PHONE,838-952-2060
DOC-1860,PHONE,(555) 530-8451
DOC-1860,EMAIL,betty.lee@postbox.io
DOC-1862,PERSON,Jennifer Martin
DOC-1862,DOB,01/27/1958
DOC-1862,MEDICAL,anxiety disorder
DOC-1862,PHONE,(311) 336-2366
DOC-1865,PERSON,Donna Young
DOC-1865,DOB,12/08/1952
DOC-1865,MEDICAL,coronary artery disease
DOC-1865,EMAIL,joshua.lee@citymail.net
DOC-1866,PERSON,Sandra Nguyen
DOC-1866,CREDIT_CARD,5361-4083-0709-0633
DOC-1868,PERSON,Sandra Gonzalez
DOC-1868,DOB,12/10/1963
DOC-1868,SSN,515-29-1049
DOC-1868,ADDRESS,"2823 Pine Ln, Madison, WI 87857"
DOC-1868,PHONE,(428) 401-8553
DOC-1869,PERSON,Michael Moore
DOC-1869,DOB,02/06/1978
DOC-1869,MEDICAL,coronary artery disease
DOC-1869,PHONE,389-804-2536
DOC-1871,PERSON,Emily Anderson
DOC-1871,EMAIL,susan.king58@citymail.net
DOC-1871,PHONE,(796) 573-1305
DOC-1871,PERSON,Nancy Thomas
DOC-1872,PERSON,William Anderson
DOC-1872,CREDIT_CARD,2300-7086-1869-4849
DOC-1873,PERSON,Lisa Williams
DOC-1873,DOB,10/05/1988
DOC-1873,MEDICAL,hyperlipidemia
DOC-1873,MEDICAL,gastroesophageal reflux disease
DOC-1873,PHONE,540-333-6045
DOC-1874,PERSON,Andrew Taylor
DOC-1874,SSN,310-71-0580
DOC-1874,ADDRESS,"7052 Cedar Blvd, Georgetown, TX 44948"
DOC-1874,PHONE,(374) 495-5323
DOC-1874,PHONE,617-849-1100
DOC-1875,PERSON,Michelle White
DOC-1875,ADDRESS,"3153 Cedar Blvd, Riverside, CA 31434"
DOC-1875,CREDIT_CARD,5264974787067640
DOC-1875,EMAIL,anthony.anderson@citymail.net
DOC-1876,PERSON,Michael Davis
DOC-1876,PHONE,868-220-0418
DOC-1877,PERSON,Andrew Lopez
DOC-1877,EMAIL,mary.jackson73@yahoo.com
DOC-1877,PERSON,Patricia Taylor
DOC-1880,PERSON,Nancy Sanchez
DOC-1880,DOB,10/12/1942
DOC-1880,SSN,738-26-7501
DOC-1880,ADDRESS,"2658 Lake Rd, Springfield, IL 18524"
DOC-1880,PHONE,550-997-3773
DOC-1880,EMAIL,linda.miller@gmail.com
DOC-1880,PERSON,Jennifer Ramirez
DOC-1880,PHONE,(378) 942-7714
DOC-1881,PERSON,Linda Williams
DOC-1881,EMAIL,ashley.gonzalez@yahoo.com
DOC-1881,PHONE,(349) 207-7187
DOC-1882,PERSON,Donna Rodriguez
DOC-1882,DOB,04/27/1980
DOC-1882,SSN,040-22-0244
DOC-1882,ADDRESS,"9523 Park Ln, Milton, FL 41136"
DOC-1882,EMAIL,john.nguyen13@postbox.io
DOC-1882,PHONE,(475) 991-0965
DOC-1883,PERSON,Donna Taylor
DOC-1884,PERSON,Andrew Rodriguez
DOC-1884,PHONE,953-636-8072
DOC-1885,PERSON,Patricia Allen
DOC-1885,DOB,11/12/1968
DOC-1885,SSN,713-38-3129
DOC-1885,PHONE,(454) 642-6313
DOC-1887,PERSON,Andrew Lopez
DOC-1887,DOB,07/16/2001
DOC-1887,MEDICAL,hypothyroidism
DOC-1887,EMAIL,mary.king@postbox.io
DOC-1888,PERSON,Mary King
DOC-1888,EMAIL,mary.williams@citymail.net
DOC-1888,PHONE,(823) 254-8984
DOC-1889,PERSON,William Taylor
DOC-1889,DOB,07/03/1967
DOC-1889,SSN,381-11-2950
DOC-1889,EMAIL,steven.davis@example-health.org
DOC-1889,PERSON,Paul Wilson
DOC-1889,PHONE,622-705-8550
DOC-1890,PERSON,Sarah Gonzalez
DOC-1890,ADDRESS,"3362 Lake Rd, Fairview, OH 23790"
DOC-1890,CREDIT_CARD,5752-2950-8386-0390
DOC-1890,EMAIL,ashley.jackson@hotmail.com
DOC-1890,PHONE,568-605-7732
DOC-1892,PERSON,James Thomas
DOC-1892,DOB,01/17/1958
DOC-1892,SSN,246-42-1586
DOC-1892,ADDRESS,"9886 Washington Ave, Springfield, IL 99831"
DOC-1892,PHONE,829-225-9450
DOC-1892,EMAIL,daniel.young91@example-health.org
DOC-1892,PERSON,Daniel Davis
DOC-1892,PHONE,(610) 608-1382
DOC-1894,PERSON,David Harris
DOC-1894,PHONE,219-963-2950
DOC-1894,PERSON,Anthony Thompson
DOC-1895,PERSON,Richard Nguyen
DOC-1895,ADDRESS,"5872 Lake Rd, Clinton, NY 34928"
DOC-1895,CREDIT_CARD,9180238487614447
DOC-1895,EMAIL,joseph.lewis@postbox.io
DOC-1895,PHONE,(859) 861-0606
DOC-1896,PERSON,James Hernandez
DOC-1896,PERSON,Paul Perez
DOC-1898,PERSON,Steven Flores
DOC-1898,EMAIL,mark.allen@citymail.net
DOC-1898,PHONE,517-332-6054
DOC-1898,PERSON,Lisa Scott
DOC-1899,PHONE,398-739-3252
DOC-1899,EMAIL,matthew.harris@example-health.org
DOC-1899,PERSON,Linda Taylor
DOC-1900,PERSON,John Thompson
DOC-1900,EMAIL,richard.johnson@hotmail.com
DOC-1900,PHONE,815-306-0695
DOC-1901,PERSON,Christopher Jones
DOC-1901,EMAIL,barbara.hill@example-health.org
DOC-1901,PHONE,861-961-4120
DOC-1901,PERSON,Sarah Garcia
DOC-1902,PERSON,Joseph King
DOC-1902,EMAIL,william.williams26@outlook.com
DOC-1902,PHONE,889-260-0909
DOC-1902,PERSON,Steven Ramirez
DOC-1903,PERSON,Patricia Anderson
DOC-1903,CREDIT_CARD,6733614247415162
DOC-1904,PERSON,Thomas Thomas
DOC-1904,DOB,05/18/1993
DOC-1904,MEDICAL,gastroesophageal reflux disease
DOC-1905,PERSON,Joshua Harris
DOC-1905,DOB,01/24/1979
DOC-1905,SSN,847-85-2540
DOC-1905,ADDRESS,"8469 Elm St, Madison, WI 36510"
DOC-1905,PHONE,893-537-9838
DOC-1905,PHONE,689-690-6265
DOC-1906,PHONE,(550) 385-9340
DOC-1906,EMAIL,matthew.walker@yahoo.com
DOC-1906,PERSON,Sandra White
DOC-1907,PERSON,Joshua Lewis
DOC-1907,DOB,10/12/1986
DOC-1907,SSN,409-94-4888
DOC-1907,ADDRESS,"905 Maple Rd, Franklin, TN 85809"
DOC-1907,PHONE,468-648-0550
DOC-1907,EMAIL,thomas.taylor@outlook.com
DOC-1907,PERSON,Steven Gonzalez
DOC-1908,PERSON,Sarah Moore
DOC-1908,CREDIT_CARD,9738-5442-4029-4808
DOC-1908,EMAIL,steven.king50@citymail.net
DOC-1909,PERSON,Paul Garcia
DOC-1909,DOB,"July 4, 1983"
DOC-1909,SSN,414-30-1064
DOC-1909,ADDRESS,"6295 Lake Rd, Georgetown, TX 72090"
DOC-1909,EMAIL,jennifer.thomas95@citymail.net
DOC-1909,PHONE,707-402-1033
DOC-1910,PERSON,Paul King
DOC-1910,DOB,08/13/1995
DOC-1910,MEDICAL,asthma
DOC-1910,EMAIL,steven.rodriguez@hotmail.com
DOC-1911,PERSON,Kimberly Torres
DOC-1911,EMAIL,daniel.robinson@outlook.com
DOC-1911,PHONE,(667) 749-6071
DOC-1911,PERSON,Richard Lee
DOC-1912,PERSON,Donald Miller
DOC-1912,EMAIL,john.thompson41@yahoo.com
DOC-1912,PHONE,(385) 267-9131
DOC-1912,PERSON,Andrew Perez
DOC-1913,PERSON,Susan Miller
DOC-1913,DOB,05/11/1990
DOC-1913,SSN,202-34-6557
DOC-1913,ADDRESS,"5815 Pine Ln, Franklin, TN 52256"
DOC-1913,PHONE,(208) 428-5910
DOC-1913,EMAIL,jessica.lopez@gmail.com
DOC-1913,PERSON,Michael Hernandez
DOC-1913,PHONE,545-507-6610
DOC-1914,PERSON,Lisa Scott
DOC-1914,DOB,03/02/1965
DOC-1914,PHONE,(605) 682-8360
DOC-1914,EMAIL,margaret.allen@hotmail.com
DOC-1914,PERSON,Karen Martin
DOC-1914,PHONE,(936) 516-9495
DOC-1916,PERSON,Patricia Ramirez
DOC-1916,CREDIT_CARD,9782 0993 8721 1201
DOC-1917,PERSON,Michelle Thompson
DOC-1917,CREDIT_CARD,4761680680304005
DOC-1919,PERSON,Andrew Garcia
DOC-1919,EMAIL,donald.hill@example-health.org
DOC-1919,PHONE,(588) 836-0773
DOC-1920,PERSON,Andrew Martin
DOC-1920,EMAIL,paul.wilson@example-health.org
DOC-1920,PHONE,(227) 276-6890
DOC-1920,PERSON,Michael Garcia
DOC-1921,PERSON,Susan Rodriguez
DOC-1921,CREDIT_CARD,0096-0153-5305-3252
DOC-1922,PERSON,Michael Sanchez
DOC-1922,CREDIT_CARD,9324 0574 1193 5398
DOC-1923,PERSON,Elizabeth Jones
DOC-1923,EMAIL,steven.perez87@postbox.io
DOC-1923,PHONE,587-743-0701
DOC-1923,PERSON,Richard Hill
DOC-1924,PERSON,Steven Gonzalez
DOC-1924,SSN,464-70-3377
DOC-1924,ADDRESS,"948 Oak Ave, Franklin, TN 58263"
DOC-1924,EMAIL,emily.scott53@citymail.net
DOC-1924,PHONE,904-513-8509
DOC-1925,PERSON,Christopher Brown
DOC-1925,DOB,09/04/1949
DOC-1925,MEDICAL,anxiety disorder
DOC-1926,PERSON,James Nguyen
DOC-1926,PERSON,Christopher Lee
DOC-1927,PERSON,Patricia Jones
DOC-1927,CREDIT_CARD,0932152941761114
DOC-1928,PERSON,John Rodriguez
DOC-1928,DOB,"July 27, 1955"
DOC-1928,MEDICAL,COPD
DOC-1928,MEDICAL,asthma
DOC-1928,PERSON,Patricia Smith
DOC-1928,PHONE,(278) 265-2698
DOC-1929,PERSON,Matthew Allen
DOC-1929,EMAIL,karen.miller@outlook.com
DOC-1929,PHONE,(488) 602-2783
DOC-1930,PERSON,Michelle White
DOC-1930,SSN,748-44-2651
DOC-1930,ADDRESS,"7244 Hillcrest Blvd, Riverside, CA 81224"
DOC-1930,EMAIL,joseph.sanchez@hotmail.com
DOC-1930,PHONE,(703) 383-1405
DOC-1931,PERSON,Lisa Perez
DOC-1931,SSN,366-57-2743
DOC-1931,ADDRESS,"4295 Park Ln, Madison, WI 42350"
DOC-1931,PHONE,(841) 525-2302
DOC-1931,EMAIL,michael.walker@example-health.org
DOC-1931,PERSON,Karen Martinez
DOC-1931,PHONE,470-995-8593
DOC-1935,PERSON,Lisa Perez
DOC-1935,PHONE,(879) 831-2262
DOC-1935,PERSON,Donald Walker
DOC-1936,PERSON,Barbara Thompson
DOC-1936,DOB,11/19/1991
DOC-1936,SSN,800-49-1275
DOC-1936,ADDRESS,"5797 Oak Ave, Georgetown, TX 12020"
DOC-1936,EMAIL,mark.ramirez38@example-health.org
DOC-1936,PHONE,589-662-2750
DOC-1937,PERSON,Barbara Rodriguez
DOC-1937,DOB,02/03/1945
DOC-1937,EMAIL,james.jackson@citymail.net
DOC-1938,PERSON,Margaret Sanchez
DOC-1938,PHONE,956-836-7727
DOC-1938,PERSON,Karen Clark
DOC-1940,PHONE,210-386-6591
DOC-1940,EMAIL,william.wilson@citymail.net
DOC-1940,PERSON,Karen Perez
DOC-1942,PERSON,Patricia Martinez
DOC-1942,PHONE,950-699-4267
DOC-1942,PERSON,David Moore
DOC-1943,PERSON,Linda Davis
DOC-1943,SSN,759-72-7217
DOC-1943,ADDRESS,"7398 Cedar Blvd, Clinton, NY 70771"
DOC-1943,EMAIL,charles.nguyen@example-health.org
DOC-1943,PHONE,(958) 498-6142
DOC-1944,PERSON,Daniel Perez
DOC-1944,DOB,10/15/1996
DOC-1946,PERSON,Matthew Lewis
DOC-1946,DOB,05/02/1956
DOC-1946,EMAIL,charles.wright@outlook.com
DOC-1947,PHONE,242-668-2653
DOC-1947,PERSON,Michael Moore
DOC-1948,PERSON,Andrew Perez
DOC-1948,DOB,"December 27, 1989"
DOC-1948,SSN,200-32-0970
DOC-1948,ADDRESS,"7022 Elm St, Springfield, IL 55531"
DOC-1948,PERSON,Sarah Thompson
DOC-1950,PERSON,Mary Perez
DOC-1950,DOB,06/08/1995
DOC-1950,SSN,278-96-3470
DOC-1950,ADDRESS,"3041 Pine Ln, Franklin, TN 14299"
DOC-1950,EMAIL,ashley.williams@gmail.com
DOC-1950,PHONE,901-246-7461
DOC-1951,PERSON,Ashley Sanchez
DOC-1951,DOB,11/28/2000
DOC-1951,SSN,219-74-8453
DOC-1951,ADDRESS,"1802 Main St, Riverside, CA 18354"
DOC-1951,PHONE,(411) 233-5735
DOC-1951,EMAIL,donna.martinez27@yahoo.com
DOC-1951,PHONE,351-415-7626
DOC-1952,PERSON,Michael Sanchez
DOC-1952,CREDIT_CARD,5542 7933 9970 2145
DOC-1953,PHONE,877-976-6008
DOC-1953,PERSON,Thomas Gonzalez
DOC-1954,PERSON,Mark Lopez
DOC-1954,DOB,07/22/1975
DOC-1954,MEDICAL,atrial fibrillation
DOC-1954,PHONE,606-209-4818
DOC-1955,PERSON,Linda Jones
DOC-1955,DOB,09/11/2002
DOC-1955,PHONE,817-928-2807
DOC-1956,PERSON,John Scott
DOC-1956,EMAIL,mark.perez@gmail.com
DOC-1956,PHONE,701-614-6133
DOC-1956,PERSON,David Hernandez
DOC-1958,PERSON,Anthony King
DOC-1958,DOB,07/21/1991
DOC-1958,MEDICAL,Type 2 diabetes mellitus
DOC-1958,MEDICAL,psoriasis
DOC-1958,PHONE,(627) 543-3908
DOC-1959,PERSON,Jessica Anderson
DOC-1959,PHONE,(663) 289-4339
DOC-1959,PERSON,Linda Wilson
DOC-1960,PERSON,Steven Flores
DOC-1960,DOB,10/11/1975
DOC-1960,EMAIL,anthony.rodriguez@citymail.net
DOC-1961,PERSON,Michelle Allen
DOC-1961,PERSON,Joshua Wright
DOC-1962,PERSON,Donald White
DOC-1962,EMAIL,joshua.taylor@hotmail.com
DOC-1962,PHONE,(438) 337-7935
DOC-1963,PERSON,Barbara Torres
DOC-1963,EMAIL,mark.taylor@gmail.com
DOC-1963,PHONE,921-881-6465
DOC-1964,PHONE,938-204-5587
DOC-1964,PERSON,Betty Martin
DOC-1966,PERSON,John Harris
DOC-1966,DOB,12/28/1998
DOC-1966,SSN,896-56-5819
DOC-1966,ADDRESS,"9611 Park Ln, Milton, FL 19860"
DOC-1966,EMAIL,joshua.harris53@hotmail.com
DOC-1966,PHONE,(615) 262-3011
DOC-1967,PERSON,Anthony Martinez
DOC-1967,ADDRESS,"2061 Washington Ave, Georgetown, TX 75201"
DOC-1967,EMAIL,andrew.johnson@hotmail.com
DOC-1967,PHONE,408-306-7433
DOC-1969,PERSON,Joseph Jones
DOC-1969,EMAIL,mark.jones78@citymail.net
DOC-1969,PHONE,(266) 589-3772
DOC-1969,PERSON,Daniel Taylor
DOC-1970,PHONE,(620) 757-9362
DOC-1970,EMAIL,elizabeth.williams51@yahoo.com
DOC-1971,PERSON,Andrew Allen
DOC-1971,DOB,07/24/1950
DOC-1971,SSN,301-86-9913
DOC-1971,ADDRESS,"5056 Cedar Blvd, Riverside, CA 52237"
DOC-1971,PHONE,454-947-6852
DOC-1971,EMAIL,michael.gonzalez28@hotmail.com
DOC-1971,PERSON,Linda Anderson
DOC-1971,PHONE,624-677-4764
DOC-1972,PHONE,204-627-9920
DOC-1972,EMAIL,jessica.jones@hotmail.com
DOC-1972,PERSON,Kimberly Hill
DOC-1973,PERSON,Jennifer Scott
DOC-1973,CREDIT_CARD,6293-1916-7875-8640
DOC-1974,PERSON,James Taylor
DOC-1974,EMAIL,betty.miller@outlook.com
DOC-1974,PHONE,922-439-8871
DOC-1975,PERSON,Patricia Flores
DOC-1975,EMAIL,daniel.sanchez@citymail.net
DOC-1975,PHONE,948-257-3572
DOC-1975,PERSON,Christopher Hernandez
DOC-1976,PERSON,Michelle Nguyen
DOC-1976,EMAIL,michael.hill@hotmail.com
DOC-1976,PHONE,453-724-5930
DOC-1978,PERSON,Patricia Ramirez
DOC-1978,CREDIT_CARD,9895-8294-8630-9978
DOC-1979,PERSON,Jennifer Martin
DOC-1979,DOB,"May 6, 1955"
DOC-1980,PERSON,Ashley Robinson
DOC-1980,MEDICAL,gastroesophageal reflux disease
DOC-1980,EMAIL,margaret.harris@hotmail.com
DOC-1981,PERSON,Charles Johnson
DOC-1981,MEDICAL,rheumatoid arthritis
DOC-1981,EMAIL,sarah.clark@citymail.net
DOC-1982,PERSON,Michelle Johnson
DOC-1982,EMAIL,james.lopez75@outlook.com
DOC-1982,PHONE,245-265-1534
DOC-1983,PERSON,Michelle Johnson
DOC-1983,EMAIL,thomas.flores@hotmail.com
DOC-1983,PHONE,919-988-4799
DOC-1984,PERSON,Paul Martin
DOC-1984,DOB,06/03/1993
DOC-1984,EMAIL,susan.jackson@postbox.io
DOC-1985,PERSON,Thomas Nguyen
DOC-1985,DOB,04/12/1945
DOC-1985,MEDICAL,rheumatoid arthritis
DOC-1985,EMAIL,charles.davis63@hotmail.com
DOC-1986,PERSON,Paul Hernandez
DOC-1986,DOB,07/22/1951
DOC-1986,SSN,445-95-3085
DOC-1986,ADDRESS,"3701 Park Ln, Franklin, TN 18785"
DOC-1986,PERSON,Jessica Wright
DOC-1986,PHONE,770-446-6539
DOC-1987,PERSON,Kimberly Sanchez
DOC-1987,EMAIL,jessica.nguyen73@hotmail.com
DOC-1987,PHONE,(366) 513-0272
DOC-1988,PERSON,Joshua Johnson
DOC-1988,PHONE,870-395-5983
DOC-1988,PERSON,William King
DOC-1989,PHONE,(431) 425-3490
DOC-1989,EMAIL,mark.harris@postbox.io
DOC-1990,PERSON,Nancy Lopez
DOC-1991,PHONE,(536) 830-0895
DOC-1991,PERSON,Kimberly Thomas
DOC-1992,PERSON,Elizabeth Hill
DOC-1992,PERSON,Mark Lee
DOC-1993,PERSON,Susan Johnson
DOC-1993,DOB,03/12/1963
DOC-1993,SSN,397-64-7158
DOC-1993,ADDRESS,"2956 Hillcrest Blvd, Milton, FL 25476"
DOC-1993,EMAIL,david.miller@outlook.com
DOC-1993,PERSON,Lisa Torres
DOC-1993,PHONE,(934) 555-9203
DOC-1994,PERSON,Susan Lewis
DOC-1994,EMAIL,margaret.gonzalez@postbox.io
DOC-1994,PHONE,768-927-2873
DOC-1994,PERSON,Anthony Jackson
DOC-1996,PERSON,Michael White
DOC-1996,ADDRESS,"5229 Park Ln, Springfield, IL 90772"
DOC-1996,CREDIT_CARD,2568704264697951
DOC-1996,EMAIL,paul.brown39@hotmail.com
DOC-1996,PHONE,(617) 206-6385
DOC-1997,PERSON,Barbara Perez
DOC-1997,EMAIL,barbara.davis@example-health.org
DOC-1997,PHONE,212-378-9516
DOC-1998,PERSON,Thomas Nguyen
DOC-1998,CREDIT_CARD,7151-2954-5893-8533
DOC-1999,PERSON,Elizabeth Rodriguez
DOC-1999,PHONE,(281) 332-0114
DOC-1999,PERSON,John Scott
DOC-2000,PERSON,Patricia Lee
DOC-2000,PHONE,885-202-4617
DOC-2000,PERSON,Joshua Harris
DOC-2001,PERSON,Charles Thompson
DOC-2001,MEDICAL,COPD
DOC-2001,EMAIL,david.johnson87@outlook.com
DOC-2003,PHONE,202-653-9490
DOC-2003,EMAIL,mary.sanchez12@hotmail.com
DOC-2003,PERSON,Donna Moore
DOC-2004,PERSON,Donna White
DOC-2004,EMAIL,paul.hernandez@citymail.net
DOC-2004,PHONE,(263) 909-6704
DOC-2004,PERSON,William Clark
DOC-2006,PERSON,Lisa Nguyen
DOC-2006,CREDIT_CARD,6915734943856331
DOC-2008,PERSON,Sarah Thomas
DOC-2008,CREDIT_CARD,7071278796338797
DOC-2008,EMAIL,john.gonzalez@yahoo.com
DOC-2008,PHONE,(954) 251-8314
DOC-2009,PERSON,Donald Davis
DOC-2009,PHONE,(548) 837-9686
DOC-2009,PERSON,James Lopez
DOC-2010,PERSON,Jessica Young
DOC-2010,CREDIT_CARD,0305-7925-1733-3583
DOC-2010,EMAIL,steven.hernandez@gmail.com
DOC-2010,PHONE,(283) 843-5483
DOC-2012,PERSON,Susan Harris
DOC-2012,PERSON,Michael Miller
DOC-2013,PERSON,Donna Nguyen
DOC-2013,DOB,06/09/1972
DOC-2013,MEDICAL,migraine
DOC-2014,PHONE,(436) 782-4212
DOC-2014,PERSON,Charles Martin
DOC-2015,PHONE,(505) 588-5210
DOC-2015,EMAIL,emily.flores@outlook.com
DOC-2015,PERSON,Jessica Garcia
DOC-2016,PERSON,Thomas King
DOC-2016,DOB,10/07/1968
DOC-2016,SSN,496-26-7230
DOC-2016,ADDRESS,"4219 Oak Ave, Fairview, OH 29871"
DOC-2016,PHONE,(980) 201-3335
DOC-2017,PERSON,Susan Walker
DOC-2017,CREDIT_CARD,0063 2399 8877 3352
DOC-2018,PERSON,Joseph Hernandez
DOC-2019,PERSON,Richard Nguyen
DOC-2019,DOB,"June 7, 1980"
DOC-2019,ADDRESS,"1719 Park Ln, Salem, OR 88091"
DOC-2019,EMAIL,patricia.torres@yahoo.com
DOC-2019,PERSON,Charles Martinez
DOC-2019,PHONE,(483) 993-3210
DOC-2020,PERSON,Steven Thomas
DOC-2020,CREDIT_CARD,9071-2125-7989-6917
DOC-2021,PERSON,Mark Harris
DOC-2021,DOB,"June 5, 1949"
DOC-2021,EMAIL,margaret.sanchez@gmail.com
DOC-2021,PERSON,Paul Brown
DOC-2022,PHONE,968-750-5714
DOC-2022,EMAIL,karen.thomas@citymail.net
DOC-2022,PERSON,Jessica Scott
DOC-2024,PERSON,William Perez
DOC-2024,DOB,02/05/1954
DOC-2024,SSN,534-14-3368
DOC-2024,ADDRESS,"2627 Oak Ave, Springfield, IL 59892"
DOC-2024,EMAIL,elizabeth.anderson@outlook.com
DOC-2024,PHONE,237-592-7444
DOC-2025,PERSON,John Ramirez
DOC-2025,DOB,05/12/1951
DOC-2025,MEDICAL,hypertension
DOC-2025,PHONE,(411) 594-5543
DOC-2026,PERSON,Donald Harris
DOC-2026,DOB,08/10/1949
DOC-2026,MEDICAL,Type 2 diabetes mellitus
DOC-2026,EMAIL,sarah.thompson@yahoo.com
DOC-2027,PERSON,Matthew Moore
DOC-2027,PHONE,434-693-1361
DOC-2028,PERSON,Barbara Garcia
DOC-2028,EMAIL,michael.lee@outlook.com
DOC-2028,PHONE,(204) 295-5690
DOC-2028,PERSON,Thomas Wilson
DOC-2029,PERSON,Joseph Ramirez
DOC-2029,DOB,06/09/1973
DOC-2029,MEDICAL,gastroesophageal reflux disease
DOC-2029,EMAIL,lisa.flores58@example-health.org
DOC-2030,PHONE,534-613-8439
DOC-2030,EMAIL,donna.young87@outlook.com
DOC-2030,PERSON,Patricia Lewis
DOC-2031,PHONE,734-890-9754
DOC-2031,EMAIL,lisa.miller14@yahoo.com
DOC-2031,PERSON,David Jackson
DOC-2033,PERSON,Patricia White
DOC-2033,DOB,03/02/1966
DOC-2033,SSN,252-58-1250
DOC-2033,ADDRESS,"1167 Cedar Blvd, Springfield, IL 47815"
DOC-2033,EMAIL,karen.clark@example-health.org
DOC-2033,PHONE,693-361-9246
DOC-2034,PERSON,Sarah Williams
DOC-2034,DOB,02/15/1949
DOC-2034,MEDICAL,chronic kidney disease
DOC-2034,EMAIL,robert.thomas@gmail.com
DOC-2035,PERSON,Anthony Torres
DOC-2035,ADDRESS,"807 Main St, Riverside, CA 12126"
DOC-2035,PHONE,609-852-9982
DOC-2035,EMAIL,donald.jackson@example-health.org
DOC-2035,PERSON,Sandra Brown
DOC-2037,PERSON,Robert Lee
DOC-2037,DOB,12/02/1952
DOC-2037,MEDICAL,asthma
DOC-2037,EMAIL,paul.jones@example-health.org
DOC-2038,PERSON,Charles Flores
DOC-2038,PHONE,512-281-1336
DOC-2038,PERSON,Joseph Lopez
DOC-2039,PERSON,Linda Ramirez
DOC-2039,CREDIT_CARD,7211702544965504
DOC-2040,PERSON,Michelle Perez
DOC-2040,EMAIL,james.hernandez@outlook.com
DOC-2040,PHONE,866-985-2266
DOC-2041,PERSON,Elizabeth Johnson
DOC-2041,DOB,02/23/1991
DOC-2041,PHONE,214-440-1734
DOC-2042,PERSON,Michelle Brown
DOC-2042,DOB,05/20/1945
DOC-2042,SSN,033-99-9479
DOC-2042,ADDRESS,"6513 Washington Ave, Madison, WI 68866"
DOC-2042,PHONE,975-647-2861
DOC-2042,EMAIL,robert.hernandez91@postbox.io
DOC-2042,PERSON,Margaret Martin
DOC-2042,PHONE,(824) 812-1148
DOC-2043,PERSON,Jessica Lewis
DOC-2043,DOB,06/07/1954
DOC-2043,PHONE,(988) 420-2392
DOC-2043,EMAIL,sandra.harris@outlook.com
DOC-2043,PERSON,Paul Jackson
DOC-2043,PHONE,331-711-4999
DOC-2044,PERSON,Charles Thompson
DOC-2044,DOB,09/18/1965
DOC-2044,MEDICAL,chronic kidney disease
DOC-2044,EMAIL,william.thomas@citymail.net
DOC-2045,PERSON,Lisa Martin
DOC-2045,DOB,"November 1, 1959"
DOC-2045,MEDICAL,Type 2 diabetes mellitus
DOC-2045,PHONE,438-850-7646
DOC-2046,PERSON,Matthew Martinez
DOC-2046,PHONE,(416) 270-5794
DOC-2046,PERSON,Michelle Moore
DOC-2049,PERSON,James Williams
DOC-2049,DOB,08/16/1957
DOC-2049,SSN,770-11-6145
DOC-2049,ADDRESS,"9372 Elm St, Madison, WI 47892"
DOC-2049,PHONE,(349) 657-6767
DOC-2049,EMAIL,emily.smith82@yahoo.com
DOC-2049,PERSON,Matthew Gonzalez
DOC-2049,PHONE,368-603-7295
DOC-2051,PERSON,Linda Jackson
DOC-2051,CREDIT_CARD,3838167428954050
DOC-2052,PERSON,Karen Perez
DOC-2052,ADDRESS,"9340 Park Ln, Salem, OR 82856"
DOC-2052,CREDIT_CARD,9822455404210018
DOC-2052,EMAIL,michelle.sanchez@postbox.io
DOC-2052,PHONE,684-656-8630
DOC-2053,PERSON,Jessica Torres
DOC-2053,DOB,"April 24, 1983"
DOC-2053,SSN,034-95-2094
DOC-2053,PHONE,542-874-3003
DOC-2053,PERSON,Susan Miller
DOC-2053,PHONE,379-567-2590
DOC-2054,PERSON,Andrew Lopez
DOC-2054,DOB,06/03/1955
DOC-2054,SSN,594-49-5103
DOC-2054,ADDRESS,"8218 Cedar Blvd, Ashland, KY 81780"
DOC-2054,EMAIL,donald.jones@yahoo.com
DOC-2055,PERSON,Sarah Gonzalez
DOC-2055,CREDIT_CARD,3161209928687843
DOC-2056,PHONE,966-562-0591
DOC-2056,PERSON,William Wright
DOC-2057,PERSON,Jennifer Lee
DOC-2057,DOB,11/23/1988
DOC-2057,SSN,320-13-2787
DOC-2057,ADDRESS,"1729 Washington Ave, Franklin, TN 77881"
DOC-2057,PHONE,(242) 602-0160
DOC-2057,PERSON,Lisa Davis
DOC-2057,PHONE,(763) 533-2813
DOC-2058,PERSON,Richard Johnson
DOC-2058,DOB,08/21/1940
DOC-2058,MEDICAL,atrial fibrillation
DOC-2058,MEDICAL,gastroesophageal reflux disease
DOC-2058,PERSON,Ashley Walker
DOC-2058,PHONE,497-324-4808
DOC-2059,PERSON,Sandra Thompson
DOC-2059,DOB,"December 17, 1999"
DOC-2059,MEDICAL,anxiety disorder
DOC-2060,PERSON,Susan Rodriguez
DOC-2060,DOB,05/16/1989
DOC-2060,SSN,110-93-4254
DOC-2060,ADDRESS,"4557 Oak Ave, Franklin, TN 11835"
DOC-2060,EMAIL,thomas.gonzalez@example-health.org
DOC-2060,PHONE,490-727-3446
DOC-2061,PERSON,Donald Garcia
DOC-2061,EMAIL,andrew.miller65@example-health.org
DOC-2061,PHONE,425-772-1733
DOC-2063,PERSON,Nancy Rodriguez
DOC-2064,PERSON,Andrew Thomas
DOC-2064,DOB,04/11/1954
DOC-2064,SSN,814-72-6991
DOC-2064,ADDRESS,"5715 Maple Rd, Fairview, OH 90851"
DOC-2064,EMAIL,jessica.young55@outlook.com
DOC-2064,PHONE,(264) 295-8497
DOC-2065,PERSON,Jennifer Gonzalez
DOC-2065,DOB,"February 8, 1976"
DOC-2065,MEDICAL,Type 2 diabetes mellitus
DOC-2065,EMAIL,richard.gonzalez@gmail.com
DOC-2066,PERSON,Linda Allen
DOC-2066,EMAIL,ashley.wilson79@citymail.net
DOC-2066,PHONE,381-308-2082
DOC-2068,PERSON,Paul Young
DOC-2068,DOB,"May 16, 1974"
DOC-2068,SSN,081-39-5045
DOC-2068,ADDRESS,"5662 Oak Ave, Franklin, TN 41241"
DOC-2068,PHONE,856-731-4078
DOC-2068,EMAIL,jennifer.johnson@postbox.io
DOC-2068,PERSON,Sandra Rodriguez
DOC-2068,PHONE,825-947-7299
DOC-2069,PERSON,Robert Scott
DOC-2069,DOB,04/19/1972
DOC-2069,SSN,125-24-8515
DOC-2069,PHONE,(887) 481-0576
DOC-2069,EMAIL,nancy.allen@citymail.net
DOC-2069,PERSON,Linda Young
DOC-2069,PHONE,(402) 903-2215
DOC-2070,PERSON,Kimberly Scott
DOC-2070,SSN,641-72-5824
DOC-2070,ADDRESS,"7917 Lake Rd, Milton, FL 21180"
DOC-2070,EMAIL,michael.jackson@hotmail.com
DOC-2070,PHONE,(816) 500-6827
DOC-2071,PERSON,Kimberly Sanchez
DOC-2072,PERSON,Michael Anderson
DOC-2072,DOB,"June 6, 1967"
DOC-2072,MEDICAL,COPD
DOC-2072,MEDICAL,osteoporosis
DOC-2072,PERSON,Donald Ramirez
DOC-2072,PHONE,254-454-9334
DOC-2073,PHONE,(621) 702-6172
DOC-2073,EMAIL,linda.gonzalez@citymail.net
DOC-2073,PERSON,Christopher Sanchez
DOC-2074,PERSON,Andrew Nguyen
DOC-2074,DOB,04/03/1986
DOC-2074,MEDICAL,hypertension
DOC-2074,EMAIL,robert.king@example-health.org
DOC-2075,PERSON,Ashley Thomas
DOC-2075,DOB,02/07/1967
DOC-2075,MEDICAL,hyperlipidemia
DOC-2075,PHONE,518-264-4789
DOC-2076,PERSON,Elizabeth Flores
DOC-2076,CREDIT_CARD,2101727482151757
DOC-2077,PERSON,Michelle Clark
DOC-2077,EMAIL,mark.robinson13@hotmail.com
DOC-2077,PHONE,(325) 382-1078
DOC-2078,PERSON,Karen Perez
DOC-2078,DOB,"August 17, 1963"
DOC-2078,SSN,298-35-0001
DOC-2078,ADDRESS,"9031 Main St, Georgetown, TX 75139"
DOC-2078,PHONE,(548) 777-5038
DOC-2079,PERSON,Steven Walker
DOC-2079,SSN,376-57-8046
DOC-2079,ADDRESS,"4802 Hillcrest Blvd, Fairview, OH 52949"
DOC-2079,EMAIL,donald.harris@gmail.com
DOC-2080,PERSON,Lisa Smith
DOC-2080,DOB,"June 12, 1975"
DOC-2080,SSN,663-92-7266
DOC-2080,ADDRESS,"4794 Cedar Blvd, Riverside, CA 84725"
DOC-2080,PHONE,354-875-6945
DOC-2080,EMAIL,barbara.martinez@hotmail.com
DOC-2080,PERSON,Mark Ramirez
DOC-2080,PHONE,(202) 406-9100
DOC-2081,PHONE,(827) 689-9880
DOC-2081,EMAIL,joseph.flores@yahoo.com
DOC-2081,PERSON,Steven Gonzalez
DOC-2082,PERSON,Daniel Allen
DOC-2082,DOB,08/07/1955
DOC-2082,SSN,739-65-8823
DOC-2082,PHONE,960-345-4087
DOC-2082,EMAIL,robert.young82@postbox.io
DOC-2082,PERSON,Michelle Thomas
DOC-2082,PHONE,(691) 756-8036
DOC-2083,PERSON,Patricia Wright
DOC-2083,DOB,"August 5, 1990"
DOC-2083,MEDICAL,hyperlipidemia
DOC-2083,MEDICAL,hypothyroidism
DOC-2083,PHONE,747-290-0926
DOC-2085,PERSON,Margaret Hernandez
DOC-2085,PHONE,(462) 343-6355
DOC-2085,PERSON,Patricia Thomas
DOC-2086,PHONE,(972) 602-1328
DOC-2086,EMAIL,elizabeth.nguyen@hotmail.com
DOC-2086,PERSON,Jessica White
DOC-2087,PERSON,Christopher Williams
DOC-2087,DOB,08/05/1941
DOC-2087,MEDICAL,COPD
DOC-2087,EMAIL,joseph.allen83@citymail.net
DOC-2088,PERSON,Christopher Jones
DOC-2088,ADDRESS,"571 Pine Ln, Milton, FL 50692"
DOC-2088,CREDIT_CARD,8735 9754 3453 6494
DOC-2088,EMAIL,patricia.young64@example-health.org
DOC-2088,PHONE,819-851-7284
DOC-2090,PERSON,Donald Ramirez
DOC-2090,DOB,09/23/1971
DOC-2090,EMAIL,michael.taylor@postbox.io
DOC-2091,PERSON,Patricia Johnson
DOC-2091,ADDRESS,"1426 Washington Ave, Milton, FL 55610"
DOC-2091,EMAIL,michael.martin96@example-health.org
DOC-2091,PHONE,(516) 486-1374
DOC-2092,PERSON,Donald Smith
DOC-2092,SSN,446-86-6051
DOC-2092,ADDRESS,"7168 Oak Ave, Springfield, IL 37350"
DOC-2092,PHONE,(621) 314-1043
DOC-2092,EMAIL,kimberly.young@citymail.net
DOC-2092,PERSON,Steven Davis
DOC-2092,PHONE,(265) 664-3125
DOC-2093,PERSON,James Lopez
DOC-2093,PHONE,(276) 714-5884
DOC-2094,PERSON,Kimberly Torres
DOC-2094,EMAIL,anthony.lee34@example-health.org
DOC-2094,PHONE,269-761-4453
DOC-2094,PERSON,James Hill
DOC-2095,PERSON,Thomas Allen
DOC-2096,PERSON,Nancy Brown
DOC-2096,CREDIT_CARD,6050-5908-5576-5783
DOC-2096,EMAIL,andrew.thomas@example-health.org
DOC-2096,PHONE,(515) 699-4367
DOC-2097,PERSON,Donna Davis
DOC-2097,ADDRESS,"7565 Main St, Franklin, TN 65389"
DOC-2097,CREDIT_CARD,4714243211190264
DOC-2097,EMAIL,william.thomas@yahoo.com
DOC-2097,PHONE,(847) 765-1786
DOC-2098,PERSON,Richard Lopez
DOC-2098,PHONE,573-626-5241
DOC-2099,PERSON,Paul Davis
DOC-2099,DOB,08/27/1981
DOC-2099,SSN,055-21-5144
DOC-2099,ADDRESS,"9005 Pine Ln, Georgetown, TX 53649"
DOC-2099,PHONE,(664) 753-1745
DOC-2100,PERSON,Elizabeth Sanchez
DOC-2100,DOB,07/18/1990
DOC-2100,MEDICAL,COPD
DOC-2100,PERSON,Nancy Thomas
DOC-2100,PHONE,(849) 901-6537
DOC-2101,PERSON,Emily Miller
DOC-2101,ADDRESS,"3124 Washington Ave, Franklin, TN 59964"
DOC-2101,CREDIT_CARD,6484918614628837
DOC-2101,EMAIL,nancy.wright8@outlook.com
DOC-2101,PHONE,(969) 411-3289
DOC-2102,PHONE,392-504-5025
DOC-2102,EMAIL,andrew.gonzalez@citymail.net
DOC-2102,PERSON,Barbara Anderson
DOC-2103,PERSON,Richard Davis
DOC-2103,DOB,"November 23, 1967"
DOC-2103,MEDICAL,psoriasis
DOC-2103,MEDICAL,COPD
DOC-2103,PERSON,James King
DOC-2103,PHONE,658-514-7323
DOC-2104,PERSON,Linda Allen
DOC-2104,SSN,337-25-1414
DOC-2104,ADDRESS,"9887 Hillcrest Blvd, Springfield, IL 51452"
DOC-2104,PHONE,(878) 329-4741
DOC-2105,PERSON,Thomas Hill
DOC-2105,CREDIT_CARD,1445337520156917
DOC-2106,PERSON,James Flores
DOC-2106,DOB,04/09/1951
DOC-2106,SSN,504-74-1127
DOC-2106,ADDRESS,"195 Main St, Milton, FL 73827"
DOC-2106,EMAIL,linda.torres@citymail.net
DOC-2106,PHONE,304-872-4900
DOC-2108,PERSON,Matthew Wright
DOC-2108,PHONE,518-742-2292
DOC-2108,PERSON,David Gonzalez
DOC-2111,PERSON,Sandra Lopez
DOC-2111,DOB,04/26/1961
DOC-2111,MEDICAL,hypothyroidism
DOC-2111,PHONE,827-531-0970
DOC-2112,PERSON,Lisa Taylor
DOC-2112,DOB,"January 26, 1966"
DOC-2112,MEDICAL,osteoporosis
DOC-2112,EMAIL,susan.torres@postbox.io
DOC-2113,PERSON,Michelle Scott
DOC-2113,DOB,03/15/1998
DOC-2113,SSN,012-99-5148
DOC-2113,ADDRESS,"4071 Oak Ave, Clinton, NY 25001"
DOC-2113,EMAIL,joshua.flores12@yahoo.com
DOC-2113,PERSON,Margaret White
DOC-2113,PHONE,(629) 517-0809
DOC-2114,PERSON,Andrew Martin
DOC-2114,DOB,09/19/1987
DOC-2114,SSN,334-18-7906
DOC-2114,ADDRESS,"5377 Pine Ln, Salem, OR 33060"
DOC-2114,EMAIL,joshua.moore@hotmail.com
DOC-2116,PERSON,Barbara Jones
DOC-2116,PHONE,543-495-5432
DOC-2116,PERSON,Charles Torres
DOC-2117,PERSON,Jessica Perez
DOC-2117,DOB,02/12/1962
DOC-2117,SSN,201-97-4694
DOC-2117,EMAIL,paul.torres82@postbox.io
DOC-2117,PHONE,929-952-2484
DOC-2118,PERSON,Susan Nguyen
DOC-2118,EMAIL,nancy.white@gmail.com
DOC-2118,PHONE,(627) 810-8389
DOC-2119,PERSON,Anthony Rodriguez
DOC-2119,DOB,05/09/1954
DOC-2119,SSN,487-23-5506
DOC-2119,ADDRESS,"5374 Main St, Clinton, NY 26336"
DOC-2119,PHONE,832-602-8003
DOC-2119,EMAIL,ashley.scott@postbox.io
DOC-2119,PERSON,Jennifer Davis
DOC-2119,PHONE,(854) 561-9920
DOC-2120,PERSON,Richard Garcia
DOC-2120,DOB,06/15/1944
DOC-2120,MEDICAL,gastroesophageal reflux disease
DOC-2120,EMAIL,jessica.lopez26@example-health.org
DOC-2122,PHONE,721-821-1282
DOC-2122,EMAIL,james.walker90@hotmail.com
DOC-2122,PERSON,Ashley Torres
DOC-2123,PERSON,Emily Robinson
DOC-2123,EMAIL,sarah.harris@yahoo.com
DOC-2123,PHONE,(875) 285-9807
DOC-2123,PERSON,Robert Martinez
DOC-2124,PERSON,Richard Hernandez
DOC-2124,ADDRESS,"2240 Lake Rd, Springfield, IL 76151"
DOC-2124,EMAIL,patricia.sanchez@outlook.com
DOC-2124,PHONE,917-830-4146
DOC-2125,PERSON,Patricia Martinez
DOC-2125,MEDICAL,atrial fibrillation
DOC-2125,EMAIL,emily.harris@example-health.org
DOC-2127,PERSON,Andrew Flores
DOC-2127,DOB,"June 4, 1954"
DOC-2127,SSN,310-23-4781
DOC-2127,ADDRESS,"1077 Main St, Fairview, OH 83184"
DOC-2127,PHONE,(557) 214-1297
DOC-2127,EMAIL,sarah.walker@citymail.net
DOC-2127,PERSON,David Hill
DOC-2127,PHONE,904-611-3590
DOC-2128,PERSON,William Taylor
DOC-2128,CREDIT_CARD,0817442539685276
DOC-2129,PERSON,David Wright
DOC-2129,DOB,10/26/1945
DOC-2129,MEDICAL,coronary artery disease
DOC-2129,MEDICAL,Type 2 diabetes mellitus
DOC-2129,PERSON,Joshua Robinson
DOC-2130,PERSON,Ashley Hill
DOC-2130,DOB,01/18/2000
DOC-2131,PERSON,Richard Lopez
DOC-2131,PHONE,544-591-9427
DOC-2131,PERSON,Sarah Lewis
DOC-2132,PERSON,David Martinez
DOC-2132,DOB,11/14/1992
DOC-2132,SSN,377-48-3477
DOC-2132,ADDRESS,"581 Main St, Milton, FL 37046"
DOC-2132,EMAIL,karen.torres@gmail.com
DOC-2132,PHONE,(564) 590-5613
DOC-2133,PERSON,Susan Rodriguez
DOC-2133,EMAIL,christopher.wilson40@citymail.net
DOC-2133,PHONE,528-942-3063
DOC-2134,PERSON,Joshua Young
DOC-2134,PHONE,487-241-2548
DOC-2134,EMAIL,thomas.robinson@gmail.com
DOC-2134,PERSON,Mark Perez
DOC-2134,PHONE,(214) 309-6551
DOC-2135,PERSON,David Robinson
DOC-2135,DOB,12/03/1959
DOC-2135,MEDICAL,anxiety disorder
DOC-2135,MEDICAL,migraine
DOC-2135,PERSON,Christopher Jackson
DOC-2135,PHONE,407-596-7969
DOC-2137,PHONE,323-817-9284
DOC-2137,EMAIL,john.jackson@example-health.org
DOC-2137,PERSON,Michael Wright
DOC-2138,PERSON,Christopher Martinez
DOC-2138,DOB,01/27/1990
DOC-2138,MEDICAL,coronary artery disease
DOC-2138,EMAIL,david.allen59@outlook.com
DOC-2139,PERSON,Nancy Lewis
DOC-2139,EMAIL,kimberly.hill6@example-health.org
DOC-2139,PHONE,(543) 244-6939
DOC-2141,PERSON,Andrew Perez
DOC-2141,CREDIT_CARD,1292072230335824
DOC-2142,PERSON,Joshua Hernandez
DOC-2142,DOB,09/15/1996
DOC-2142,SSN,449-78-2562
DOC-2142,ADDRESS,"226 Cedar Blvd, Madison, WI 93206"
DOC-2143,PERSON,Andrew Flores
DOC-2143,DOB,10/17/1955
DOC-2143,SSN,145-16-2837
DOC-2143,EMAIL,susan.smith@example-health.org
DOC-2144,PERSON,Patricia Jackson
DOC-2144,DOB,"April 28, 1976"
DOC-2144,ADDRESS,"9250 Maple Rd, Milton, FL 95208"
DOC-2144,EMAIL,james.martinez91@outlook.com
DOC-2144,PHONE,865-470-1826
DOC-2145,PHONE,(438) 335-3940
DOC-2145,EMAIL,richard.young2@outlook.com
DOC-2145,PERSON,Donald Jackson
DOC-2146,PERSON,Lisa Wright
DOC-2146,EMAIL,susan.king@postbox.io
DOC-2146,PHONE,641-439-5158
DOC-2147,PERSON,Michelle Brown
DOC-2147,SSN,665-22-5544
DOC-2147,PERSON,Robert Rodriguez
DOC-2147,PHONE,(395) 984-6073
DOC-2148,PERSON,Betty Brown
DOC-2148,DOB,08/04/1958
DOC-2148,MEDICAL,coronary artery disease
DOC-2148,MEDICAL,gastroesophageal reflux disease
DOC-2148,PERSON,Kimberly Scott
DOC-2149,PERSON,Donald Anderson
DOC-2149,DOB,11/18/1940
DOC-2149,SSN,530-31-1546
DOC-2149,ADDRESS,"1389 Cedar Blvd, Riverside, CA 49068"
DOC-2149,EMAIL,steven.lopez40@postbox.io
DOC-2149,PHONE,(294) 957-4929
DOC-2150,PERSON,Mary Garcia
DOC-2150,DOB,07/17/1997
DOC-2150,SSN,624-38-4042
DOC-2150,ADDRESS,"219 Pine Ln, Fairview, OH 18019"
DOC-2150,PHONE,(464) 306-5964
DOC-2150,EMAIL,jennifer.gonzalez@yahoo.com
DOC-2150,PHONE,598-599-1155
DOC-2151,PHONE,(329) 743-5071
DOC-2151,EMAIL,steven.miller@example-health.org
DOC-2151,PERSON,Betty Hill
DOC-2152,PERSON,Jennifer Anderson
DOC-2152,EMAIL,andrew.clark26@hotmail.com
DOC-2152,PHONE,(356) 226-9550
DOC-2153,PERSON,Mark Brown
DOC-2153,PHONE,915-599-6938
DOC-2153,PERSON,Jessica Lewis
DOC-2154,PERSON,Karen Walker
DOC-2154,PHONE,240-997-5999
DOC-2154,PERSON,Jennifer Hernandez
DOC-2156,PERSON,Kimberly Torres
DOC-2156,DOB,06/19/1964
DOC-2156,SSN,647-85-3043
DOC-2156,ADDRESS,"6024 Washington Ave, Franklin, TN 54442"
DOC-2156,EMAIL,william.thompson@gmail.com
DOC-2156,PHONE,(557) 228-3893
DOC-2157,PERSON,Thomas Wilson
DOC-2157,DOB,03/06/1975
DOC-2157,MEDICAL,psoriasis
DOC-2161,PERSON,Joshua Torres
DOC-2161,PHONE,314-728-3160
DOC-2161,PERSON,Sarah King
DOC-2162,PERSON,Sandra Robinson
DOC-2162,MEDICAL,COPD
DOC-2163,PERSON,Mark Walker
DOC-2163,EMAIL,robert.white5@postbox.io
DOC-2163,PHONE,(683) 545-5537
DOC-2164,PERSON,Paul Harris
DOC-2164,DOB,09/19/1996
DOC-2164,EMAIL,michael.anderson@example-health.org
DOC-2165,PERSON,Karen Wilson
DOC-2165,DOB,"September 22, 1962"
DOC-2165,MEDICAL,asthma
DOC-2166,PERSON,Jessica Martin
DOC-2166,ADDRESS,"5178 Elm St, Clinton, NY 62005"
DOC-2166,PHONE,786-835-1244
DOC-2167,PERSON,Christopher Walker
DOC-2167,EMAIL,betty.rodriguez@citymail.net
DOC-2167,PHONE,(840) 809-0551
DOC-2169,PERSON,Mary Hernandez
DOC-2169,EMAIL,linda.lewis41@example-health.org
DOC-2169,PHONE,(383) 774-3475
DOC-2170,PERSON,James Wilson
DOC-2170,ADDRESS,"8611 Maple Rd, Clinton, NY 89670"
DOC-2170,CREDIT_CARD,3237 7567 7946 6859
DOC-2170,EMAIL,sarah.davis@example-health.org
DOC-2170,PHONE,(489) 359-6857
DOC-2172,PERSON,Emily White
DOC-2172,DOB,07/12/1951
DOC-2172,MEDICAL,psoriasis
DOC-2172,EMAIL,susan.lee@example-health.org
DOC-2173,PERSON,Richard Nguyen
DOC-2173,DOB,11/24/1997
DOC-2173,ADDRESS,"7290 Hillcrest Blvd, Ashland, KY 33469"
DOC-2173,EMAIL,ashley.young@gmail.com
DOC-2173,PHONE,619-883-8836
DOC-2174,PERSON,Betty Wilson
DOC-2174,PERSON,Jennifer Wright
DOC-2175,PERSON,Michelle Allen
DOC-2175,EMAIL,donald.flores7@citymail.net
DOC-2176,PERSON,Andrew Thomas
DOC-2176,PHONE,(904) 542-6055
DOC-2176,PERSON,Barbara Harris
DOC-2177,PHONE,400-524-1879
DOC-2177,PERSON,Barbara Hernandez
DOC-2178,PERSON,Robert Wright
DOC-2178,DOB,08/22/1972
DOC-2179,PERSON,Jessica Clark
DOC-2179,DOB,10/26/1989
DOC-2179,MEDICAL,migraine
DOC-2179,EMAIL,michelle.king@example-health.org
DOC-2180,PERSON,Donald Miller
DOC-2180,EMAIL,richard.robinson7@yahoo.com
DOC-2180,PHONE,465-506-6428
DOC-2181,PERSON,Patricia Clark
DOC-2181,DOB,07/10/1958
DOC-2181,PHONE,381-474-4389
DOC-2181,PERSON,Kimberly Moore
DOC-2181,PHONE,(343) 903-0702
DOC-2182,PERSON,Susan Harris
DOC-2182,SSN,862-23-6352
DOC-2182,ADDRESS,"3868 Elm St, Franklin, TN 74035"
DOC-2182,PHONE,208-201-8805
DOC-2182,EMAIL,ashley.walker@example-health.org
DOC-2182,PERSON,Patricia Williams
DOC-2182,PHONE,410-380-2595
DOC-2183,PERSON,William Wilson
DOC-2183,DOB,"September 22, 1969"
DOC-2183,MEDICAL,migraine
DOC-2183,PHONE,448-657-7121
DOC-2184,PHONE,758-352-2270
DOC-2184,EMAIL,susan.garcia18@citymail.net
DOC-2184,PERSON,Jennifer Martinez
DOC-2186,PERSON,Barbara Martin
DOC-2186,MEDICAL,psoriasis
DOC-2186,EMAIL,christopher.hill@gmail.com
DOC-2187,PHONE,436-785-4583
DOC-2187,EMAIL,kimberly.jackson48@yahoo.com
DOC-2187,PERSON,Michael Smith
DOC-2188,PERSON,Barbara Young
DOC-2188,DOB,10/05/1949
DOC-2188,MEDICAL,coronary artery disease
DOC-2188,PHONE,(313) 963-0109
DOC-2189,PERSON,Karen Torres
DOC-2189,DOB,01/13/2003
DOC-2189,MEDICAL,atrial fibrillation
DOC-2189,EMAIL,donna.flores1@citymail.net
DOC-2191,PERSON,Daniel Thomas
DOC-2191,CREDIT_CARD,9395 6089 8046 6175
DOC-2191,EMAIL,jennifer.jackson61@yahoo.com
DOC-2191,PHONE,(469) 676-5774
DOC-2192,PERSON,Barbara Robinson
DOC-2192,PERSON,Jessica Thompson
DOC-2194,PERSON,Karen Harris
DOC-2194,DOB,07/15/1993
DOC-2194,MEDICAL,migraine
DOC-2194,MEDICAL,hypothyroidism
DOC-2194,PERSON,Michelle Davis
DOC-2194,PHONE,484-369-8274
DOC-2195,PERSON,Steven Lopez
DOC-2195,EMAIL,richard.lopez@postbox.io
DOC-2195,PHONE,(940) 878-8883
DOC-2196,PERSON,Donald Young
DOC-2196,PERSON,Margaret Garcia
DOC-2197,PERSON,Ashley Hill
DOC-2197,DOB,10/07/1970
DOC-2197,SSN,212-48-8326
DOC-2197,ADDRESS,"4773 Park Ln, Riverside, CA 17352"
DOC-2197,EMAIL,william.sanchez76@citymail.net
DOC-2197,PHONE,598-430-1412
DOC-2198,PERSON,Emily Rodriguez
DOC-2198,EMAIL,richard.young7@citymail.net
DOC-2198,PHONE,750-487-4499
DOC-2199,PERSON,Michael Scott
DOC-2199,PHONE,612-957-4584
DOC-2199,PERSON,Sandra Williams
DOC-2200,PHONE,(284) 388-7749
DOC-2200,PERSON,David Walker
DOC-2202,PERSON,Christopher Allen
DOC-2202,CREDIT_CARD,6435 8309 7533 6319
DOC-2203,PERSON,Sarah Nguyen
DOC-2203,SSN,177-13-6816
DOC-2203,EMAIL,nancy.king@gmail.com
DOC-2203,PHONE,(402) 558-8760
DOC-2204,PERSON,Jennifer Hill
DOC-2204,EMAIL,barbara.lewis@hotmail.com
DOC-2206,PHONE,424-647-1082
DOC-2206,EMAIL,karen.lee@gmail.com
DOC-2206,PERSON,Donald Flores
DOC-2207,PERSON,Linda Moore
DOC-2207,EMAIL,emily.nguyen@gmail.com
DOC-2207,PHONE,(281) 295-4050
DOC-2208,PHONE,927-630-4734
DOC-2208,EMAIL,matthew.jones67@citymail.net
DOC-2208,PERSON,Karen Ramirez
DOC-2210,PERSON,Joseph Anderson
DOC-2210,DOB,12/13/1956
DOC-2210,EMAIL,andrew.walker69@postbox.io
DOC-2211,PERSON,Sandra Lewis
DOC-2211,DOB,11/27/1943
DOC-2211,SSN,650-64-6173
DOC-2211,ADDRESS,"4957 Elm St, Salem, OR 80651"
DOC-2211,PHONE,950-634-6081
DOC-2211,EMAIL,mark.lee@hotmail.com
DOC-2211,PERSON,Margaret Walker
DOC-2211,PHONE,(419) 908-8306
DOC-2213,PERSON,Thomas Sanchez
DOC-2213,DOB,"December 24, 1940"
DOC-2213,SSN,160-20-7535
DOC-2213,ADDRESS,"1193 Cedar Blvd, Franklin, TN 42577"
DOC-2213,EMAIL,susan.smith@example-health.org
DOC-2213,PHONE,(649) 896-9182
DOC-2214,PERSON,Robert Lewis
DOC-2214,SSN,745-11-6839
DOC-2214,ADDRESS,"1462 Maple Rd, Georgetown, TX 55324"
DOC-2214,PHONE,839-280-9223
DOC-2215,PERSON,Jessica Taylor
DOC-2215,DOB,"July 12, 1965"
DOC-2215,SSN,743-16-4106
DOC-2215,ADDRESS,"2415 Oak Ave, Madison, WI 92724"
DOC-2215,PHONE,(717) 821-6216
DOC-2216,PHONE,313-207-4387
DOC-2216,EMAIL,michelle.torres@citymail.net
DOC-2216,PERSON,Robert Walker
DOC-2217,PERSON,Robert Gonzalez
DOC-2217,SSN,650-21-7760
DOC-2217,ADDRESS,"1573 Cedar Blvd, Clinton, NY 73238"
DOC-2217,EMAIL,thomas.garcia@postbox.io
DOC-2218,PERSON,Richard Harris
DOC-2218,DOB,04/17/1965
DOC-2218,PHONE,(721) 609-5452
DOC-2219,PHONE,465-672-0322
DOC-2219,EMAIL,margaret.flores55@postbox.io
DOC-2219,PERSON,Donald Young
DOC-2220,PERSON,Christopher Wilson
DOC-2220,DOB,01/19/1984
DOC-2220,SSN,272-35-5753
DOC-2220,ADDRESS,"4644 Oak Ave, Ashland, KY 15148"
DOC-2220,PHONE,(587) 413-9807
DOC-2220,EMAIL,joshua.taylor82@hotmail.com
DOC-2220,PERSON,Lisa Miller
DOC-2220,PHONE,(409) 348-7467
DOC-2221,PERSON,Andrew Hernandez
DOC-2221,PERSON,Joshua Miller
DOC-2222,PHONE,(569) 701-1961
DOC-2222,EMAIL,joshua.hernandez@example-health.org
DOC-2222,PERSON,Michael Rodriguez
DOC-2223,PERSON,Lisa Davis
DOC-2223,CREDIT_CARD,6791776196079110
DOC-2225,PERSON,Mary Torres
DOC-2225,MEDICAL,psoriasis
DOC-2225,MEDICAL,asthma
DOC-2225,PERSON,Margaret Scott
DOC-2225,PHONE,(369) 744-9992
DOC-2226,PERSON,Mark Anderson
DOC-2226,PHONE,(458) 362-7090
DOC-2227,PERSON,Donald Thompson
DOC-2227,SSN,715-21-7254
DOC-2227,ADDRESS,"3620 Washington Ave, Clinton, NY 45794"
DOC-2227,EMAIL,sarah.jones@hotmail.com
DOC-2227,PHONE,800-506-0550
DOC-2229,PERSON,Christopher Lewis
DOC-2229,DOB,07/14/1943
DOC-2229,PHONE,507-399-7349
DOC-2229,EMAIL,linda.taylor@example-health.org
DOC-2229,PERSON,Donald Hernandez
DOC-2230,PERSON,Joshua Allen
DOC-2230,SSN,595-26-5839
DOC-2230,PHONE,(920) 807-4485
DOC-2230,EMAIL,richard.thompson@hotmail.com
DOC-2230,PERSON,Andrew Garcia
DOC-2230,PHONE,416-250-2569
DOC-2231,PERSON,Steven King
DOC-2231,DOB,06/26/1971
DOC-2231,MEDICAL,migraine
DOC-2232,PERSON,Michael Thompson
DOC-2232,DOB,07/18/1946
DOC-2232,SSN,301-58-0221
DOC-2232,ADDRESS,"9309 Hillcrest Blvd, Ashland, KY 86746"
DOC-2232,EMAIL,lisa.torres21@gmail.com
DOC-2232,PHONE,754-534-1918
DOC-2234,PERSON,Daniel Flores
DOC-2234,DOB,02/05/1942
DOC-2234,MEDICAL,hypothyroidism
DOC-2234,PHONE,(718) 485-8538
DOC-2235,PERSON,Andrew Perez
DOC-2235,EMAIL,michelle.hill@postbox.io
DOC-2236,PERSON,Joseph White
DOC-2236,DOB,"April 13, 1964"
DOC-2236,SSN,358-89-2433
DOC-2236,PHONE,(472) 211-5544
DOC-2236,EMAIL,lisa.lee69@example-health.org
DOC-2236,PERSON,Margaret Clark
DOC-2236,PHONE,(453) 312-4457
DOC-2237,PERSON,Michelle Martinez
DOC-2237,DOB,06/22/1989
DOC-2237,SSN,121-70-3363
DOC-2237,ADDRESS,"6490 Cedar Blvd, Madison, WI 65449"
DOC-2237,PHONE,512-761-1965
DOC-2237,EMAIL,joseph.garcia@outlook.com
DOC-2237,PERSON,Mary Smith
DOC-2237,PHONE,(916) 295-9286
DOC-2239,PERSON,Betty Nguyen
DOC-2239,SSN,617-42-8746
DOC-2239,ADDRESS,"569 Park Ln, Georgetown, TX 47175"
DOC-2239,PHONE,(831) 479-0809
DOC-2239,EMAIL,joshua.jones@hotmail.com
DOC-2239,PERSON,Donna Lee
DOC-2240,PERSON,Margaret Moore
DOC-2240,PERSON,Matthew Lewis
DOC-2241,PERSON,Paul Harris
DOC-2241,CREDIT_CARD,9455-8393-1856-6543
DOC-2241,PHONE,(620) 729-8983
DOC-2242,PERSON,Sandra Ramirez
DOC-2242,PHONE,331-455-2831
DOC-2242,PERSON,Nancy King
DOC-2243,PERSON,Steven Moore
DOC-2243,CREDIT_CARD,4246 7600 4259 7653
DOC-2244,PERSON,John Taylor
DOC-2244,CREDIT_CARD,9901-4090-5444-9628
DOC-2245,PERSON,Donna Brown
DOC-2245,DOB,07/13/1998
DOC-2245,MEDICAL,psoriasis
DOC-2245,PHONE,565-918-2486
DOC-2246,PERSON,Michael Rodriguez
DOC-2246,ADDRESS,"1057 Pine Ln, Fairview, OH 71970"
DOC-2246,EMAIL,anthony.hernandez27@citymail.net
DOC-2248,PERSON,Patricia Brown
DOC-2248,EMAIL,david.lee@gmail.com
DOC-2248,PHONE,482-940-6538
DOC-2249,PERSON,Anthony Lopez
DOC-2249,EMAIL,emily.robinson@citymail.net
DOC-2249,PHONE,309-995-8340
DOC-2249,PERSON,Paul Thomas
DOC-2250,PHONE,969-264-6196
DOC-2250,EMAIL,richard.flores27@gmail.com
DOC-2250,PERSON,Susan Rodriguez
DOC-2251,PERSON,Nancy Young
DOC-2251,EMAIL,thomas.garcia@gmail.com
DOC-2251,PHONE,(382) 306-8924
DOC-2251,PERSON,Richard Jackson
DOC-2252,PHONE,647-954-6360
DOC-2252,EMAIL,elizabeth.thompson@hotmail.com
DOC-2252,PERSON,Michael Miller
DOC-2253,PHONE,(548) 589-5644
DOC-2253,EMAIL,susan.smith@yahoo.com
DOC-2253,PERSON,Charles Lopez
DOC-2254,PERSON,Jennifer Hill
DOC-2254,EMAIL,michelle.flores58@citymail.net
DOC-2254,PHONE,(363) 267-1082
DOC-2255,PERSON,Jennifer Young
DOC-2255,ADDRESS,"758 Cedar Blvd, Riverside, CA 20196"
DOC-2255,EMAIL,daniel.garcia@example-health.org
DOC-2255,PHONE,811-566-3449
DOC-2256,PERSON,Ashley Clark
DOC-2256,PHONE,812-942-7138
DOC-2256,PERSON,Sandra Walker
DOC-2258,PERSON,John Sanchez
DOC-2258,DOB,12/17/1944
DOC-2258,MEDICAL,gastroesophageal reflux disease
DOC-2258,PHONE,(757) 897-1974
DOC-2259,PERSON,Karen King
DOC-2259,DOB,"November 13, 1985"
DOC-2259,MEDICAL,COPD
DOC-2260,PERSON,Sarah Anderson
DOC-2260,PHONE,747-332-7220
DOC-2260,PERSON,Charles Sanchez
DOC-2261,PERSON,Susan Lewis
DOC-2261,ADDRESS,"6871 Maple Rd, Springfield, IL 71419"
DOC-2261,CREDIT_CARD,7309780399346865
DOC-2261,EMAIL,donald.perez28@gmail.com
DOC-2261,PHONE,(813) 289-9538
DOC-2262,PERSON,Lisa Williams
DOC-2262,DOB,09/04/1990
DOC-2262,SSN,703-21-4343
DOC-2262,ADDRESS,"7647 Washington Ave, Franklin, TN 75827"
DOC-2262,EMAIL,john.walker@yahoo.com
DOC-2262,PERSON,Sandra Lopez
DOC-2262,PHONE,(517) 435-8280
DOC-2263,PERSON,James Garcia
DOC-2263,EMAIL,william.martinez@example-health.org
DOC-2263,PHONE,903-733-8237
DOC-2263,PERSON,Emily Miller
DOC-2264,PERSON,Barbara Martinez
DOC-2264,PHONE,711-636-6677
DOC-2266,PERSON,Barbara White
DOC-2266,CREDIT_CARD,9590121355301251
DOC-2267,PERSON,Karen Jackson
DOC-2267,SSN,528-32-3006
DOC-2267,ADDRESS,"4366 Oak Ave, Riverside, CA 53316"
DOC-2267,EMAIL,ashley.lopez@outlook.com
DOC-2268,PERSON,Patricia Robinson
DOC-2268,CREDIT_CARD,2288 4993 9288 6688
DOC-2269,PERSON,Barbara Wilson
DOC-2269,EMAIL,margaret.miller@hotmail.com
DOC-2269,PHONE,(439) 868-7293
DOC-2269,PERSON,Sandra Hernandez
DOC-2270,PERSON,Joshua Lewis
DOC-2270,EMAIL,donald.scott@gmail.com
DOC-2270,PHONE,(468) 720-6052
DOC-2272,PERSON,Andrew Thompson
DOC-2272,CREDIT_CARD,1569-9229-1379-0164
DOC-2273,PERSON,Donald Hill
DOC-2273,DOB,"May 4, 1952"
DOC-2273,MEDICAL,coronary artery disease
DOC-2273,MEDICAL,COPD
DOC-2273,PERSON,William Robinson
DOC-2273,PHONE,589-702-7482
DOC-2274,PERSON,Betty Jones
DOC-2274,DOB,"February 13, 1954"
DOC-2274,SSN,378-85-6087
DOC-2274,ADDRESS,"1262 Maple Rd, Clinton, NY 74777"
DOC-2274,PHONE,320-640-8554
DOC-2274,EMAIL,karen.young@outlook.com
DOC-2274,PERSON,Anthony Thomas
DOC-2274,PHONE,(479) 949-3342
DOC-2277,PERSON,Barbara Taylor
DOC-2277,DOB,12/18/1981
DOC-2277,SSN,878-71-0143
DOC-2277,ADDRESS,"8261 Hillcrest Blvd, Springfield, IL 15662"
DOC-2277,EMAIL,mark.moore@hotmail.com
DOC-2277,PERSON,Charles Hernandez
DOC-2277,PHONE,537-481-2923
DOC-2279,PERSON,Sarah Thompson
DOC-2279,CREDIT_CARD,3975 0829 0385 6980
DOC-2280,PERSON,Sarah Flores
DOC-2280,DOB,"February 22, 1977"
DOC-2280,MEDICAL,COPD
DOC-2280,EMAIL,sandra.hill@outlook.com
DOC-2281,PERSON,Jessica King
DOC-2281,DOB,01/22/1958
DOC-2281,SSN,700-91-2822
DOC-2281,ADDRESS,"8888 Park Ln, Salem, OR 11122"
DOC-2281,PHONE,(631) 853-7892
DOC-2281,EMAIL,sarah.ramirez41@outlook.com
DOC-2281,PHONE,(824) 350-2445
DOC-2282,PERSON,Karen Taylor
DOC-2282,PHONE,(259) 728-3510
DOC-2283,PERSON,Margaret Sanchez
DOC-2283,EMAIL,linda.hill75@hotmail.com
DOC-2283,PHONE,(283) 246-8328
DOC-2284,PERSON,Thomas Lewis
DOC-2284,EMAIL,william.martinez@citymail.net
DOC-2284,PHONE,252-470-8452
DOC-2284,PERSON,Thomas Taylor
DOC-2285,PERSON,Sarah Anderson
DOC-2285,DOB,"December 2, 1958"
DOC-2285,SSN,054-61-0072
DOC-2285,ADDRESS,"133 Hillcrest Blvd, Georgetown, TX 93762"
DOC-2285,EMAIL,sandra.young@citymail.net
DOC-2285,PHONE,880-590-7913
DOC-2286,PERSON,Barbara Thomas
DOC-2286,DOB,11/02/1977
DOC-2286,MEDICAL,COPD
DOC-2286,PHONE,(895) 669-6222
DOC-2287,PERSON,David Hernandez
DOC-2287,EMAIL,thomas.rodriguez@outlook.com
DOC-2287,PHONE,(636) 318-7370
DOC-2287,PERSON,Mark Martinez
DOC-2288,PERSON,Jessica White
DOC-2288,DOB,01/14/1954
DOC-2288,SSN,311-48-4266
DOC-2288,EMAIL,robert.young16@hotmail.com
DOC-2288,PHONE,(699) 842-8055
DOC-2289,PERSON,Mary Gonzalez
DOC-2289,EMAIL,michelle.gonzalez@example-health.org
DOC-2289,PERSON,Susan Miller
DOC-2290,PERSON,Michelle Wright
DOC-2290,DOB,12/12/2003
DOC-2290,SSN,580-69-3740
DOC-2290,ADDRESS,"9657 Maple Rd, Franklin, TN 27455"
DOC-2290,PHONE,(692) 737-0638
DOC-2290,EMAIL,kimberly.thomas90@example-health.org
DOC-2290,PERSON,Paul Sanchez
DOC-2290,PHONE,(415) 791-1542
DOC-2291,PERSON,Robert Robinson
DOC-2291,DOB,"December 20, 1988"
DOC-2291,MEDICAL,migraine
DOC-2291,PERSON,Sarah Moore
DOC-2292,PERSON,Kimberly Young
DOC-2292,PHONE,338-545-8243
DOC-2292,PERSON,Barbara Anderson
DOC-2293,PERSON,Ashley Martinez
DOC-2293,EMAIL,jessica.jones16@outlook.com
DOC-2293,PHONE,426-494-1110
DOC-2294,PERSON,Andrew Allen
DOC-2294,PHONE,(917) 481-6674
DOC-2294,PERSON,Daniel Gonzalez
DOC-2295,PHONE,840-809-8256
DOC-2295,EMAIL,michael.ramirez@postbox.io
DOC-2295,PERSON,Betty Hernandez
DOC-2296,PERSON,John Garcia
DOC-2296,DOB,01/02/1941
DOC-2296,MEDICAL,psoriasis
DOC-2296,EMAIL,paul.thomas15@postbox.io
DOC-2297,PERSON,Patricia Allen
DOC-2297,EMAIL,jennifer.flores@example-health.org
DOC-2297,PHONE,890-353-2636
DOC-2297,PERSON,Thomas Jackson
DOC-2298,PERSON,Charles Lewis
DOC-2298,DOB,02/15/1998
DOC-2298,MEDICAL,hypothyroidism
DOC-2298,MEDICAL,anxiety disorder
DOC-2298,PERSON,Emily Harris
DOC-2298,PHONE,660-782-9467
DOC-2300,PERSON,Barbara Garcia
DOC-2300,PERSON,Emily Davis
DOC-2302,PERSON,Steven Taylor
DOC-2302,DOB,"December 4, 1943"
DOC-2302,PHONE,(913) 335-0956
DOC-2303,PERSON,Margaret Robinson
DOC-2303,CREDIT_CARD,8303-1729-4099-3755
DOC-2304,PHONE,706-776-1632
DOC-2304,PERSON,Steven Moore
DOC-2305,PERSON,Donna Wilson
DOC-2305,DOB,01/04/1972
DOC-2305,SSN,473-56-2860
DOC-2305,ADDRESS,"7864 Hillcrest Blvd, Salem, OR 31573"
DOC-2305,EMAIL,william.perez61@citymail.net
DOC-2305,PHONE,(923) 528-0775
DOC-2306,PERSON,James Thomas
DOC-2306,DOB,08/19/1941
DOC-2306,SSN,136-52-4118
DOC-2306,ADDRESS,"7315 Washington Ave, Salem, OR 29465"
DOC-2306,EMAIL,jessica.flores@citymail.net
DOC-2307,PERSON,Sandra Wilson
DOC-2307,DOB,12/05/1999
DOC-2307,MEDICAL,major depressive disorder
DOC-2308,PERSON,Mary Lee
DOC-2308,CREDIT_CARD,8484149228356021
DOC-2309,PERSON,Daniel Wright
DOC-2309,SSN,678-43-3749
DOC-2309,ADDRESS,"8078 Elm St, Riverside, CA 59097"
DOC-2309,PHONE,820-396-1317
DOC-2309,EMAIL,david.ramirez@example-health.org
DOC-2309,PERSON,Thomas Lee
DOC-2309,PHONE,606-405-1251
DOC-2310,PERSON,Paul Allen
DOC-2310,CREDIT_CARD,1668-0965-1198-8874
DOC-2311,PHONE,898-673-0382
DOC-2311,EMAIL,robert.king99@postbox.io
DOC-2311,PERSON,Nancy Perez
DOC-2312,PERSON,Karen Garcia
DOC-2312,PHONE,(684) 664-0839
DOC-2312,PERSON,Daniel Harris
DOC-2313,PERSON,Betty Thomas
DOC-2313,EMAIL,michael.ramirez@citymail.net
DOC-2313,PHONE,618-240-6549
DOC-2313,PERSON,Karen Torres
DOC-2315,PERSON,James Sanchez
DOC-2315,DOB,07/11/1994
DOC-2315,PHONE,(825) 659-1436
DOC-2317,PERSON,James Martinez
DOC-2317,DOB,03/12/1977
DOC-2317,MEDICAL,asthma
DOC-2317,MEDICAL,hyperlipidemia
DOC-2318,PERSON,Susan King
DOC-2318,EMAIL,mary.davis@postbox.io
DOC-2318,PHONE,(969) 685-0728
DOC-2319,PHONE,961-531-0156
DOC-2319,PERSON,Joseph Davis
DOC-2320,PERSON,Mark Thompson
DOC-2320,PHONE,774-950-6690
DOC-2321,PERSON,Michelle Clark
DOC-2321,EMAIL,susan.white@citymail.net
DOC-2321,PHONE,(882) 217-1114
DOC-2321,PERSON,John Hill
DOC-2323,PERSON,Donna Torres
DOC-2324,PERSON,Daniel Martinez
DOC-2324,DOB,01/02/1950
DOC-2324,SSN,565-65-5139
DOC-2324,ADDRESS,"5787 Pine Ln, Franklin, TN 98828"
DOC-2324,EMAIL,nancy.ramirez91@hotmail.com
DOC-2325,PHONE,972-787-0539
DOC-2325,EMAIL,james.harris33@example-health.org
DOC-2325,PERSON,Ashley Martinez
DOC-2326,PERSON,Patricia Martin
DOC-2326,EMAIL,sandra.walker@outlook.com
DOC-2326,PHONE,733-400-0119
DOC-2327,PERSON,Elizabeth Sanchez
DOC-2327,DOB,03/11/1960
DOC-2327,MEDICAL,chronic kidney disease
DOC-2327,PHONE,511-742-3455
DOC-2328,PERSON,Jessica King
DOC-2328,DOB,10/11/1947
DOC-2328,SSN,088-79-5166
DOC-2328,ADDRESS,"3575 Maple Rd, Springfield, IL 86653"
DOC-2328,PHONE,(706) 307-0714
DOC-2328,EMAIL,mary.moore@yahoo.com
DOC-2328,PERSON,Susan Williams
DOC-2328,PHONE,(572) 981-0708
DOC-2329,PERSON,Barbara Robinson
DOC-2329,DOB,07/17/1996
DOC-2329,MEDICAL,osteoporosis
DOC-2329,PERSON,Margaret Jackson
DOC-2329,PHONE,(519) 344-9524
DOC-2330,PERSON,Jennifer Ramirez
DOC-2330,EMAIL,matthew.brown@yahoo.com
DOC-2330,PHONE,395-721-1676
DOC-2331,PERSON,Thomas Brown
DOC-2331,DOB,10/08/1977
DOC-2331,SSN,730-37-6144
DOC-2331,ADDRESS,"1214 Maple Rd, Georgetown, TX 74274"
DOC-2331,PHONE,(546) 854-5754
DOC-2331,EMAIL,susan.robinson26@outlook.com
DOC-2331,PERSON,Donald Robinson
DOC-2332,PERSON,Ashley Anderson
DOC-2332,DOB,11/08/1943
DOC-2332,MEDICAL,atrial fibrillation
DOC-2332,EMAIL,kimberly.miller35@postbox.io
DOC-2333,PERSON,Daniel Thompson
DOC-2333,PHONE,572-299-0710
DOC-2333,PERSON,Karen Hill
DOC-2336,PERSON,Betty Flores
DOC-2336,DOB,07/20/2001
DOC-2336,ADDRESS,"9140 Maple Rd, Madison, WI 26433"
DOC-2336,PHONE,952-994-1100
DOC-2336,EMAIL,mark.garcia75@gmail.com
DOC-2336,PERSON,William Thomas
DOC-2336,PHONE,(377) 708-1726
DOC-2337,PERSON,Christopher Clark
DOC-2337,DOB,04/03/1972
DOC-2337,ADDRESS,"3533 Pine Ln, Madison, WI 18739"
DOC-2337,PHONE,272-737-6328
DOC-2337,EMAIL,mary.jones73@hotmail.com
DOC-2337,PERSON,Paul Wilson
DOC-2337,PHONE,558-220-5234
DOC-2339,PERSON,Emily Harris
DOC-2339,MEDICAL,hypothyroidism
DOC-2339,EMAIL,emily.davis@outlook.com
DOC-2340,PERSON,Kimberly Moore
DOC-2340,CREDIT_CARD,5840-2227-7602-1803
DOC-2341,PERSON,Daniel Davis
DOC-2341,DOB,07/15/1944
DOC-2341,MEDICAL,hyperlipidemia
DOC-2341,MEDICAL,asthma
DOC-2341,PERSON,James Scott
DOC-2341,PHONE,(396) 215-6813
DOC-2342,PERSON,Sandra Thomas
DOC-2342,ADDRESS,"4329 Elm St, Georgetown, TX 84123"
DOC-2342,CREDIT_CARD,7248 6898 3225 3501
DOC-2342,EMAIL,mark.lewis34@hotmail.com
DOC-2342,PHONE,(855) 793-0120
DOC-2344,PERSON,Sarah Rodriguez
DOC-2344,EMAIL,patricia.gonzalez29@postbox.io
DOC-2344,PHONE,758-690-3453
DOC-2345,PHONE,(625) 779-4584
DOC-2345,EMAIL,anthony.perez@citymail.net
DOC-2345,PERSON,Michelle Martin
DOC-2346,PERSON,David Hill
DOC-2346,DOB,08/16/1989
DOC-2346,MEDICAL,atrial fibrillation
DOC-2346,PHONE,(795) 519-2558
DOC-2347,PERSON,Jennifer Miller
DOC-2347,DOB,05/24/1983
DOC-2347,MEDICAL,coronary artery disease
DOC-2347,EMAIL,charles.hill@gmail.com
DOC-2348,PERSON,Barbara Ramirez
DOC-2348,ADDRESS,"9884 Lake Rd, Clinton, NY 12301"
DOC-2348,CREDIT_CARD,7535138345629338
DOC-2348,EMAIL,christopher.ramirez@outlook.com
DOC-2348,PHONE,(909) 744-2515
DOC-2349,PERSON,David Moore
DOC-2349,PHONE,(778) 761-3579
DOC-2349,PERSON,Karen Taylor
DOC-2350,PERSON,Joshua Anderson
DOC-2350,EMAIL,donald.wilson@citymail.net
DOC-2350,PHONE,(867) 873-2614
DOC-2350,PERSON,Kimberly Anderson
DOC-2351,PERSON,Kimberly Lewis
DOC-2351,MEDICAL,major depressive disorder
DOC-2351,PERSON,Betty Flores
DOC-2351,PHONE,(459) 457-1878
DOC-2352,PERSON,Sarah Jones
DOC-2352,EMAIL,andrew.jones75@example-health.org
DOC-2352,PHONE,506-935-9856
DOC-2352,PERSON,Linda Davis
DOC-2353,PERSON,Kimberly Perez
DOC-2353,EMAIL,steven.torres@citymail.net
DOC-2353,PHONE,(671) 230-9168
DOC-2355,PHONE,(382) 609-3735
DOC-2355,EMAIL,nancy.brown@gmail.com
DOC-2356,PERSON,Matthew Moore
DOC-2356,PHONE,(353) 963-8654
DOC-2356,PERSON,Joseph White
DOC-2357,PERSON,John Lopez
DOC-2357,CREDIT_CARD,1234-9605-9370-6279
DOC-2358,PERSON,Patricia Lee
DOC-2358,CREDIT_CARD,7162-9847-5487-0099
DOC-2359,PERSON,Linda Ramirez
DOC-2359,DOB,09/11/1994
DOC-2359,SSN,781-62-7446
DOC-2359,ADDRESS,"5555 Lake Rd, Ashland, KY 40253"
DOC-2359,PHONE,950-340-5028
DOC-2359,EMAIL,nancy.wilson@gmail.com
DOC-2359,PHONE,(277) 826-9349
DOC-2360,PERSON,Paul Gonzalez
DOC-2360,CREDIT_CARD,7803-7171-8658-8078
DOC-2361,PHONE,967-971-3436
DOC-2361,PERSON,Michelle Martinez
DOC-2362,PERSON,Barbara Johnson
DOC-2362,DOB,11/18/1978
DOC-2362,MEDICAL,chronic kidney disease
DOC-2362,EMAIL,ashley.williams@yahoo.com
DOC-2364,PHONE,473-930-0115
DOC-2364,EMAIL,patricia.walker@example-health.org
DOC-2364,PERSON,Jennifer Garcia
DOC-2365,PHONE,(774) 429-1434
DOC-2365,EMAIL,emily.smith@citymail.net
DOC-2365,PERSON,Susan Thomas
DOC-2366,PERSON,Joshua Jackson
DOC-2366,PHONE,573-630-1429
DOC-2367,PERSON,David Thomas
DOC-2367,CREDIT_CARD,9589 3201 0898 1079
DOC-2367,EMAIL,elizabeth.young39@hotmail.com
DOC-2367,PHONE,(731) 442-0567
DOC-2369,PERSON,Jennifer Brown
DOC-2369,DOB,"June 15, 1948"
DOC-2369,SSN,612-21-0173
DOC-2369,ADDRESS,"9812 Pine Ln, Georgetown, TX 68279"
DOC-2369,PHONE,(987) 791-2866
DOC-2369,EMAIL,karen.garcia4@citymail.net
DOC-2369,PERSON,Elizabeth Martin
DOC-2369,PHONE,347-556-0754
DOC-2370,PERSON,Donald Ramirez
DOC-2370,ADDRESS,"3164 Hillcrest Blvd, Salem, OR 83794"
DOC-2370,CREDIT_CARD,6204297581014108
DOC-2370,EMAIL,elizabeth.thompson76@yahoo.com
DOC-2370,PHONE,416-248-6339
DOC-2371,PERSON,Mary White
DOC-2371,CREDIT_CARD,4690-5084-9517-0424
DOC-2372,PERSON,Kimberly Taylor
DOC-2372,PHONE,(396) 529-9043
DOC-2373,PERSON,Nancy Johnson
DOC-2373,EMAIL,margaret.lopez@citymail.net
DOC-2373,PHONE,284-959-6062
DOC-2374,PERSON,Joseph Martin
DOC-2374,EMAIL,donna.davis92@citymail.net
DOC-2374,PHONE,715-786-2477
DOC-2375,PERSON,Nancy Scott
DOC-2375,DOB,09/04/1950
DOC-2375,MEDICAL,osteoporosis
DOC-2375,PHONE,441-551-0052
DOC-2376,PERSON,Richard Thomas
DOC-2376,DOB,"February 6, 1967"
DOC-2376,MEDICAL,chronic kidney disease
DOC-2376,MEDICAL,anxiety disorder
DOC-2376,PERSON,Daniel Perez
DOC-2376,PHONE,612-994-9034
DOC-2377,PERSON,Mark Hill
DOC-2377,MEDICAL,migraine
DOC-2377,PHONE,(605) 533-1245
DOC-2378,PERSON,Sarah Johnson
DOC-2378,DOB,08/27/1940
DOC-2378,SSN,078-97-6900
DOC-2378,ADDRESS,"611 Main St, Riverside, CA 83611"
DOC-2378,PHONE,(942) 950-3611
DOC-2378,EMAIL,mark.thomas40@citymail.net
DOC-2378,PERSON,Andrew Ramirez
DOC-2379,PERSON,Mary Brown
DOC-2379,EMAIL,robert.rodriguez41@yahoo.com
DOC-2379,PHONE,(705) 925-5474
DOC-2379,PERSON,Paul Anderson
DOC-2380,PERSON,Kimberly Taylor
DOC-2380,DOB,04/12/1957
DOC-2380,SSN,575-96-0623
DOC-2380,ADDRESS,"5193 Maple Rd, Madison, WI 33756"
DOC-2380,EMAIL,linda.martin@postbox.io
DOC-2380,PHONE,745-926-8364
DOC-2381,PERSON,Michelle Martinez
DOC-2381,DOB,"June 12, 1940"
DOC-2381,MEDICAL,osteoporosis
DOC-2381,PHONE,(958) 865-7623
DOC-2382,PERSON,Matthew King
DOC-2382,EMAIL,donald.jackson@yahoo.com
DOC-2382,PHONE,(889) 704-3379
DOC-2383,PERSON,John Davis
DOC-2383,DOB,01/16/1978
DOC-2383,MEDICAL,gastroesophageal reflux disease
DOC-2383,PHONE,(750) 647-2756
DOC-2384,PERSON,Daniel Johnson
DOC-2384,DOB,03/08/2005
DOC-2384,MEDICAL,major depressive disorder
DOC-2384,MEDICAL,anxiety disorder
DOC-2384,PERSON,Jennifer Anderson
DOC-2384,PHONE,668-868-1396
DOC-2385,PERSON,Barbara Brown
DOC-2385,DOB,03/07/1966
DOC-2385,ADDRESS,"5215 Lake Rd, Springfield, IL 89900"
DOC-2385,EMAIL,thomas.thomas@citymail.net
DOC-2386,PERSON,Paul Johnson
DOC-2386,EMAIL,christopher.garcia@citymail.net
DOC-2386,PHONE,728-734-2880
DOC-2386,PERSON,Joseph Young
DOC-2387,PERSON,Richard Martinez
DOC-2387,SSN,074-46-6702
DOC-2387,ADDRESS,"3649 Oak Ave, Georgetown, TX 56018"
DOC-2387,EMAIL,donald.brown@outlook.com
DOC-2387,PERSON,Daniel Sanchez
DOC-2387,PHONE,(395) 497-9001
DOC-2388,PHONE,569-339-8723
DOC-2388,EMAIL,michael.taylor14@gmail.com
DOC-2388,PERSON,Steven Lopez
DOC-2389,PERSON,Mary Young
DOC-2389,MEDICAL,rheumatoid arthritis
DOC-2389,MEDICAL,hypothyroidism
DOC-2389,PERSON,Charles Gonzalez
DOC-2389,PHONE,582-973-3778
DOC-2390,PHONE,(422) 352-3927
DOC-2390,EMAIL,patricia.lopez@citymail.net
DOC-2390,PERSON,Christopher Young
DOC-2392,PERSON,Sarah Flores
DOC-2392,EMAIL,betty.moore61@yahoo.com
DOC-2393,PERSON,Anthony Walker
DOC-2393,DOB,02/07/1947
DOC-2393,SSN,598-21-6756
DOC-2393,PHONE,345-323-7497
DOC-2393,EMAIL,daniel.nguyen@outlook.com
DOC-2393,PERSON,Thomas Young
DOC-2393,PHONE,(690) 954-2921
DOC-2395,PERSON,John Walker
DOC-2395,DOB,08/25/2004
DOC-2395,MEDICAL,osteoporosis
DOC-2395,EMAIL,anthony.anderson@gmail.com
DOC-2396,PERSON,Patricia Thompson
DOC-2396,DOB,04/10/1999
DOC-2396,SSN,422-76-5622
DOC-2396,ADDRESS,"4920 Main St, Springfield, IL 68766"
DOC-2396,PHONE,831-892-4276
DOC-2396,EMAIL,donna.hernandez@postbox.io
DOC-2396,PERSON,Betty Miller
DOC-2396,PHONE,(597) 621-2526
DOC-2397,PHONE,(444) 612-0187
DOC-2397,PERSON,James Scott
DOC-2398,PERSON,James Walker
DOC-2398,ADDRESS,"8248 Park Ln, Springfield, IL 73355"
DOC-2398,CREDIT_CARD,9886 1825 6166 4026
DOC-2398,EMAIL,william.scott@yahoo.com
DOC-2398,PHONE,383-895-4929
DOC-2399,PHONE,(253) 505-3578
DOC-2399,PERSON,Kimberly Taylor
DOC-2400,PHONE,655-503-2744
DOC-2400,EMAIL,susan.lee73@outlook.com
DOC-2400,PERSON,Patricia Robinson
DOC-2401,PERSON,Elizabeth Nguyen
DOC-2401,DOB,08/23/1992
DOC-2401,MEDICAL,migraine
DOC-2401,MEDICAL,psoriasis
DOC-2401,PERSON,Linda Allen
DOC-2401,PHONE,818-279-7035
DOC-2402,PERSON,Jessica Ramirez
DOC-2402,PHONE,(515) 991-2142
DOC-2403,PHONE,(390) 848-1779
DOC-2403,PERSON,Mary Torres
DOC-2404,PERSON,Anthony Flores
DOC-2404,EMAIL,emily.anderson@postbox.io
DOC-2404,PHONE,(816) 531-0427
DOC-2404,PERSON,Anthony Martinez
DOC-2406,PERSON,Anthony Hill
DOC-2406,DOB,09/19/1954
DOC-2406,MEDICAL,psoriasis
DOC-2407,PERSON,Steven Lee
DOC-2407,CREDIT_CARD,8039127790538754
DOC-2408,PHONE,(949) 979-8087
DOC-2408,EMAIL,joseph.allen@outlook.com
DOC-2408,PERSON,Jennifer Taylor
DOC-2409,PERSON,Elizabeth Smith
DOC-2409,DOB,12/28/1944
DOC-2409,MEDICAL,anxiety disorder
DOC-2409,PHONE,(573) 759-6146
DOC-2410,PERSON,Betty Robinson
DOC-2410,PHONE,(524) 286-4101
DOC-2410,PERSON,Nancy Clark
DOC-2411,PERSON,Betty Davis
DOC-2411,CREDIT_CARD,7403-5300-5684-1723
DOC-2412,PERSON,James Miller
DOC-2412,DOB,"January 18, 1980"
DOC-2412,MEDICAL,hyperlipidemia
DOC-2412,EMAIL,william.flores@gmail.com
DOC-2413,PHONE,216-708-2692
DOC-2413,EMAIL,richard.williams@example-health.org
DOC-2414,PERSON,Ashley Flores
DOC-2414,DOB,"February 13, 1970"
DOC-2414,MEDICAL,hypertension
DOC-2414,MEDICAL,hyperlipidemia
DOC-2414,PERSON,Donald Allen
DOC-2414,PHONE,635-400-4848
DOC-2415,PERSON,Linda Miller
DOC-2415,ADDRESS,"5525 Main St, Milton, FL 37793"
DOC-2415,CREDIT_CARD,1615 6678 5971 3415
DOC-2415,EMAIL,joshua.martinez81@citymail.net
DOC-2415,PHONE,732-268-0140
DOC-2417,PERSON,Andrew Brown
DOC-2417,DOB,"April 19, 1979"
DOC-2417,MEDICAL,psoriasis
DOC-2417,PERSON,Michelle Wright
DOC-2418,PERSON,Barbara Smith
DOC-2418,ADDRESS,"8272 Lake Rd, Salem, OR 35427"
DOC-2418,CREDIT_CARD,0881 5302 9333 6772
DOC-2418,EMAIL,andrew.young@outlook.com
DOC-2418,PHONE,(439) 753-5039
DOC-2419,PERSON,Karen Garcia
DOC-2419,DOB,03/16/1994
DOC-2419,SSN,141-22-2108
DOC-2419,ADDRESS,"5443 Oak Ave, Riverside, CA 49463"
DOC-2419,PHONE,867-478-5079
DOC-2419,EMAIL,james.martinez@postbox.io
DOC-2419,PERSON,Anthony Jones
DOC-2420,PHONE,210-657-3117
DOC-2420,EMAIL,barbara.brown@yahoo.com
DOC-2420,PERSON,Barbara Martin
DOC-2421,PERSON,Karen Gonzalez
DOC-2421,ADDRESS,"4588 Washington Ave, Riverside, CA 54186"
DOC-2421,CREDIT_CARD,5012-9043-1286-8662
DOC-2421,PHONE,713-990-3297
DOC-2422,PERSON,Robert Jones
DOC-2422,DOB,"July 4, 1978"
DOC-2422,SSN,481-17-2680
DOC-2422,ADDRESS,"2221 Lake Rd, Georgetown, TX 44935"
DOC-2422,EMAIL,matthew.robinson@gmail.com
DOC-2422,PHONE,512-906-6358
DOC-2423,PERSON,Mark Young
DOC-2423,DOB,03/08/1967
DOC-2423,MEDICAL,migraine
DOC-2423,EMAIL,donna.hernandez@citymail.net
DOC-2424,PERSON,Mark Taylor
DOC-2424,DOB,01/12/1987
DOC-2424,ADDRESS,"6365 Hillcrest Blvd, Franklin, TN 20940"
DOC-2425,PERSON,Margaret Jones
DOC-2425,DOB,01/09/1990
DOC-2425,PHONE,227-936-0443
DOC-2426,PERSON,Sandra Jackson
DOC-2426,DOB,"July 13, 2001"
DOC-2426,MEDICAL,rheumatoid arthritis
DOC-2427,PERSON,Michael Rodriguez
DOC-2427,DOB,"March 14, 2004"
DOC-2427,EMAIL,joshua.torres@citymail.net
DOC-2427,PHONE,717-275-9549
DOC-2428,PERSON,Christopher King
DOC-2428,SSN,031-58-2616
DOC-2428,ADDRESS,"1317 Pine Ln, Salem, OR 60748"
DOC-2428,PERSON,Thomas Davis
DOC-2428,PHONE,(563) 331-8230
DOC-2430,PERSON,Richard Lee
DOC-2430,DOB,04/12/1977
DOC-2430,SSN,070-30-9640
DOC-2430,ADDRESS,"5989 Main St, Clinton, NY 81427"
DOC-2430,PHONE,779-625-3589
DOC-2430,EMAIL,joshua.white@postbox.io
DOC-2430,PERSON,Patricia Perez
DOC-2430,PHONE,240-258-4547
DOC-2431,PERSON,Nancy King
DOC-2431,DOB,04/06/2005
DOC-2431,SSN,384-72-0918
DOC-2431,ADDRESS,"1859 Maple Rd, Riverside, CA 63963"
DOC-2431,PHONE,755-966-6397
DOC-2431,EMAIL,robert.hernandez69@citymail.net
DOC-2431,PERSON,Barbara King
DOC-2431,PHONE,295-463-8288
DOC-2433,PERSON,Donna Gonzalez
DOC-2433,DOB,08/23/1976
DOC-2433,ADDRESS,"7730 Maple Rd, Madison, WI 81729"
DOC-2433,EMAIL,sarah.perez@citymail.net
DOC-2433,PHONE,266-311-5391
DOC-2434,PERSON,Donald Wright
DOC-2434,PHONE,(361) 892-6240
DOC-2434,PERSON,Charles Walker
DOC-2435,PHONE,407-212-1832
DOC-2435,EMAIL,michelle.nguyen@postbox.io
DOC-2435,PERSON,Lisa Martinez
DOC-2436,PERSON,Emily Jackson
DOC-2436,DOB,04/23/1978
DOC-2436,SSN,685-60-8560
DOC-2436,ADDRESS,"5076 Pine Ln, Riverside, CA 59002"
DOC-2436,EMAIL,sandra.torres@citymail.net
DOC-2436,PHONE,(939) 665-3227
DOC-2437,PERSON,David Walker
DOC-2437,EMAIL,betty.wilson@hotmail.com
DOC-2437,PHONE,928-846-4654
DOC-2438,PERSON,Michael Wright
DOC-2440,PERSON,Jessica Wilson
DOC-2440,DOB,"March 13, 1962"
DOC-2440,MEDICAL,psoriasis
DOC-2440,EMAIL,richard.jones@postbox.io
DOC-2441,PERSON,Margaret Nguyen
DOC-2441,EMAIL,jennifer.martin93@hotmail.com
DOC-2442,PERSON,Daniel Hernandez
DOC-2442,DOB,04/02/1982
DOC-2442,SSN,336-57-7691
DOC-2442,PHONE,(329) 956-0856
DOC-2443,PERSON,Elizabeth Smith
DOC-2444,PERSON,Betty White
DOC-2444,EMAIL,joshua.hill@citymail.net
DOC-2445,PERSON,Paul Harris
DOC-2445,ADDRESS,"2384 Oak Ave, Springfield, IL 23169"
DOC-2445,EMAIL,sarah.sanchez1@postbox.io
DOC-2445,PHONE,771-348-4260
DOC-2446,PERSON,Joshua Sanchez
DOC-2446,PHONE,(390) 289-3645
DOC-2448,PERSON,Nancy Jones
DOC-2448,PHONE,(946) 317-3676
DOC-2451,PERSON,Mary Thomas
DOC-2451,EMAIL,kimberly.martin@gmail.com
DOC-2451,PHONE,(892) 780-5798
DOC-2451,PERSON,David Lopez
DOC-2452,PERSON,William Rodriguez
DOC-2452,ADDRESS,"8140 Main St, Milton, FL 60456"
DOC-2452,CREDIT_CARD,4861838255914321
DOC-2452,EMAIL,donald.hernandez@hotmail.com
DOC-2452,PHONE,(953) 262-5637
DOC-2453,PERSON,Kimberly Martin
DOC-2453,CREDIT_CARD,2057 0365 9592 5704
DOC-2453,EMAIL,donald.torres21@gmail.com
DOC-2453,PHONE,(916) 468-7052
DOC-2454,PHONE,(385) 709-0876
DOC-2454,EMAIL,elizabeth.jackson@postbox.io
DOC-2455,PERSON,Karen Anderson
DOC-2455,DOB,10/08/1955
DOC-2455,PHONE,(268) 537-4061
DOC-2456,PHONE,383-741-7379
DOC-2456,EMAIL,john.wilson@outlook.com
DOC-2456,PERSON,Elizabeth Anderson
DOC-2457,PERSON,Charles Hernandez
DOC-2457,DOB,08/24/1998
DOC-2457,MEDICAL,gastroesophageal reflux disease
DOC-2457,MEDICAL,osteoporosis
DOC-2457,PERSON,Elizabeth White
DOC-2457,PHONE,(451) 986-9617
DOC-2458,PERSON,Thomas Moore
DOC-2458,PERSON,Nancy Jones
DOC-2459,PERSON,Jennifer Perez
DOC-2459,DOB,"May 22, 1995"
DOC-2459,SSN,716-11-9160
DOC-2459,PHONE,711-707-8166
DOC-2459,EMAIL,jessica.allen98@gmail.com
DOC-2459,PERSON,Mark Ramirez
DOC-2459,PHONE,(749) 430-6038
DOC-2460,PERSON,Richard Garcia
DOC-2460,DOB,09/23/1993
DOC-2460,MEDICAL,osteoporosis
DOC-2460,EMAIL,john.harris37@gmail.com
DOC-2461,PERSON,Matthew Ramirez
DOC-2461,ADDRESS,"325 Oak Ave, Milton, FL 25020"
DOC-2461,CREDIT_CARD,7484-2524-6719-3064
DOC-2461,EMAIL,richard.nguyen4@hotmail.com
DOC-2461,PHONE,(561) 397-5573
DOC-2462,PHONE,960-811-6106
DOC-2462,EMAIL,richard.rodriguez@outlook.com
DOC-2462,PERSON,Anthony Torres
DOC-2463,PERSON,Donald Hernandez
DOC-2463,CREDIT_CARD,0439-7188-8427-1691
DOC-2464,PERSON,Margaret Hill
DOC-2464,CREDIT_CARD,6454 4066 8994 2537
DOC-2465,PERSON,Andrew Wright
DOC-2465,SSN,037-98-0478
DOC-2465,ADDRESS,"5695 Elm St, Madison, WI 68645"
DOC-2465,EMAIL,linda.clark@gmail.com
DOC-2465,PHONE,(271) 795-1770
DOC-2466,PERSON,Jessica Davis
DOC-2466,ADDRESS,"5048 Hillcrest Blvd, Ashland, KY 86964"
DOC-2466,EMAIL,joseph.perez19@postbox.io
DOC-2466,PHONE,(294) 709-9400
DOC-2467,PERSON,Thomas Robinson
DOC-2467,PHONE,(840) 788-6875
DOC-2467,PERSON,Nancy Harris
DOC-2468,PERSON,Sarah Gonzalez
DOC-2468,DOB,"November 13, 1973"
DOC-2468,SSN,850-45-5322
DOC-2468,EMAIL,betty.wilson@yahoo.com
DOC-2468,PHONE,(424) 210-0685
DOC-2471,PERSON,Mark Williams
DOC-2471,EMAIL,ashley.williams@postbox.io
DOC-2471,PHONE,(906) 441-7779
DOC-2472,PERSON,Elizabeth Wright
DOC-2472,EMAIL,karen.robinson@hotmail.com
DOC-2472,PHONE,236-257-7978
DOC-2473,PERSON,Michelle Martin
DOC-2473,EMAIL,patricia.brown40@example-health.org
DOC-2473,PHONE,(611) 543-7122
DOC-2473,PERSON,Emily Taylor
DOC-2474,PERSON,John Hernandez
DOC-2474,CREDIT_CARD,3400 1522 9040 1503
DOC-2475,PERSON,Barbara Lopez
DOC-2475,PHONE,286-889-9812
DOC-2475,PERSON,Sandra Robinson
DOC-2476,PERSON,John Allen
DOC-2476,DOB,08/09/1996
DOC-2476,SSN,527-85-5895
DOC-2476,EMAIL,paul.lee@outlook.com
DOC-2477,PERSON,Robert Ramirez
DOC-2477,DOB,"November 4, 1973"
DOC-2477,SSN,306-48-2526
DOC-2477,ADDRESS,"9403 Elm St, Springfield, IL 98780"
DOC-2477,PHONE,(708) 539-7959
DOC-2478,PERSON,Matthew Thompson
DOC-2478,DOB,"August 2, 1970"
DOC-2478,MEDICAL,migraine
DOC-2478,EMAIL,donald.clark93@gmail.com
DOC-2479,PERSON,Thomas Young
DOC-2479,PHONE,(547) 221-3936
DOC-2479,PERSON,Margaret Torres
DOC-2481,PHONE,(402) 517-9886
DOC-2481,EMAIL,anthony.harris@citymail.net
DOC-2481,PERSON,Christopher Young
DOC-2482,PERSON,Jennifer Hill
DOC-2482,ADDRESS,"2649 Cedar Blvd, Riverside, CA 99928"
DOC-2482,EMAIL,kimberly.miller74@hotmail.com
DOC-2482,PHONE,(765) 993-7420
DOC-2483,PERSON,William Jackson
DOC-2483,DOB,"February 28, 1945"
DOC-2483,ADDRESS,"3872 Cedar Blvd, Milton, FL 46622"
DOC-2483,EMAIL,matthew.flores67@example-health.org
DOC-2483,PHONE,471-689-4017
DOC-2484,PERSON,Elizabeth Johnson
DOC-2485,PERSON,Matthew Garcia
DOC-2485,DOB,"March 13, 1978"
DOC-2485,SSN,142-47-5008
DOC-2485,ADDRESS,"8202 Cedar Blvd, Madison, WI 72583"
DOC-2485,EMAIL,james.taylor81@gmail.com
DOC-2485,PHONE,(288) 216-8212
DOC-2486,PERSON,William White
DOC-2486,ADDRESS,"210 Park Ln, Riverside, CA 57545"
DOC-2486,EMAIL,joseph.lewis@hotmail.com
DOC-2487,PERSON,John Rodriguez
DOC-2487,PHONE,(660) 673-6152
DOC-2488,PERSON,Barbara Garcia
DOC-2488,PERSON,Patricia Jackson
DOC-2489,PERSON,Elizabeth Harris
DOC-2489,ADDRESS,"2180 Cedar Blvd, Ashland, KY 69168"
DOC-2489,CREDIT_CARD,9414 5509 7333 0983
DOC-2489,EMAIL,steven.hernandez@postbox.io
DOC-2489,PHONE,374-806-8956
DOC-2490,PERSON,Donald Taylor
DOC-2490,DOB,06/19/1995
DOC-2490,MEDICAL,major depressive disorder
DOC-2490,MEDICAL,asthma
DOC-2490,PERSON,James Jones
DOC-2490,PHONE,(581) 330-2710
DOC-2491,PERSON,Jessica White
DOC-2491,ADDRESS,"9527 Elm St, Clinton, NY 99437"
DOC-2491,PHONE,(493) 570-7366
DOC-2491,EMAIL,susan.garcia@example-health.org
DOC-2491,PERSON,Michael Brown
DOC-2491,PHONE,(288) 974-3515
DOC-2492,PERSON,Linda Lewis
DOC-2492,DOB,11/07/1969
DOC-2492,MEDICAL,hypothyroidism
DOC-2492,PERSON,Thomas Allen
DOC-2492,PHONE,666-601-6043
DOC-2493,PERSON,Margaret Brown
DOC-2493,EMAIL,linda.walker@hotmail.com
DOC-2493,PHONE,363-377-2056
DOC-2494,PERSON,Nancy Moore
DOC-2494,DOB,01/17/1941
DOC-2494,MEDICAL,rheumatoid arthritis
DOC-2494,PHONE,730-953-0222
DOC-2495,PERSON,Andrew Garcia
DOC-2495,DOB,02/04/1968
DOC-2495,MEDICAL,psoriasis
DOC-2495,EMAIL,mary.king59@citymail.net
DOC-2496,PERSON,Margaret Young
DOC-2496,DOB,02/24/1982
DOC-2496,MEDICAL,Type 2 diabetes mellitus
DOC-2496,PHONE,576-349-8452
DOC-2497,PERSON,Paul Scott
DOC-2497,DOB,02/13/1951
DOC-2497,SSN,789-72-8766
DOC-2497,ADDRESS,"4554 Lake Rd, Georgetown, TX 77020"
DOC-2497,PHONE,(256) 772-5249
DOC-2497,EMAIL,thomas.flores@hotmail.com
DOC-2497,PERSON,Lisa Robinson
DOC-2497,PHONE,874-302-6236
DOC-2498,PERSON,Sandra Johnson
DOC-2498,CREDIT_CARD,0168451224023878
DOC-2500,PERSON,Richard Lewis
DOC-2500,CREDIT_CARD,6210-9853-2727-2063
DOC-2501,PERSON,Donald Taylor
DOC-2501,EMAIL,lisa.brown65@example-health.org
DOC-2501,PHONE,(408) 204-6564
DOC-2504,PERSON,David Martin
DOC-2504,DOB,05/10/1962
DOC-2504,SSN,046-26-9396
DOC-2504,EMAIL,susan.sanchez61@postbox.io
DOC-2504,PHONE,(470) 236-0582
DOC-2507,PERSON,Kimberly White
DOC-2507,CREDIT_CARD,8197488467482231
DOC-2508,PERSON,Charles Rodriguez
DOC-2508,DOB,"June 27, 1989"
DOC-2508,ADDRESS,"1491 Washington Ave, Madison, WI 29677"
DOC-2508,EMAIL,sarah.thompson@gmail.com
DOC-2509,PERSON,Anthony Lopez
DOC-2509,ADDRESS,"9292 Oak Ave, Madison, WI 45552"
DOC-2509,CREDIT_CARD,7202063141092444
DOC-2509,EMAIL,daniel.martin1@outlook.com
DOC-2509,PHONE,646-743-6399
DOC-2510,PERSON,Kimberly Scott
DOC-2510,DOB,"January 14, 2002"
DOC-2510,MEDICAL,COPD
DOC-2510,PHONE,(473) 598-2328
DOC-2511,PERSON,Thomas Martinez
DOC-2511,PHONE,(293) 301-4561
DOC-2512,PERSON,Andrew Jackson
DOC-2513,PERSON,Anthony Jackson
DOC-2513,DOB,"January 9, 1946"
DOC-2513,MEDICAL,osteoporosis
DOC-2513,PHONE,366-469-1920
DOC-2515,PHONE,834-479-9791
DOC-2515,PERSON,Sarah Harris
DOC-2516,PERSON,James Wilson
DOC-2516,DOB,05/25/1961
DOC-2516,SSN,114-64-4191
DOC-2516,ADDRESS,"2325 Elm St, Georgetown, TX 99075"
DOC-2516,EMAIL,charles.jackson89@yahoo.com
DOC-2516,PHONE,(322) 513-6538
DOC-2517,PHONE,(795) 258-5286
DOC-2517,EMAIL,paul.anderson@outlook.com
DOC-2518,PERSON,Donna Perez
DOC-2518,DOB,"November 7, 1947"
DOC-2518,SSN,279-57-1839
DOC-2518,ADDRESS,"4610 Cedar Blvd, Madison, WI 14897"
DOC-2518,PHONE,328-942-9955
DOC-2518,EMAIL,barbara.martinez@citymail.net
DOC-2518,PERSON,Emily Perez
DOC-2520,PERSON,Susan Rodriguez
DOC-2520,PHONE,(761) 245-4077
DOC-2520,PERSON,Daniel Gonzalez
DOC-2521,PERSON,Paul Davis
DOC-2521,DOB,"February 28, 1948"
DOC-2521,MEDICAL,COPD
DOC-2521,MEDICAL,hypothyroidism
DOC-2521,PHONE,(382) 588-1892
DOC-2522,PHONE,(672) 429-1441
DOC-2522,EMAIL,michael.martinez@postbox.io
DOC-2523,PHONE,(382) 280-5482
DOC-2523,EMAIL,donna.moore@postbox.io
DOC-2523,PERSON,Matthew Smith
DOC-2524,PERSON,Lisa Anderson
DOC-2524,SSN,304-76-1786
DOC-2524,ADDRESS,"6154 Cedar Blvd, Georgetown, TX 40876"
DOC-2524,EMAIL,susan.thomas55@outlook.com
DOC-2524,PHONE,(264) 653-5736
DOC-2525,PERSON,Jennifer Martinez
DOC-2525,SSN,499-88-0034
DOC-2525,ADDRESS,"7953 Elm St, Springfield, IL 36965"
DOC-2525,EMAIL,robert.hill@postbox.io
DOC-2525,PHONE,330-779-4098
DOC-2526,PERSON,Paul Torres
DOC-2526,DOB,06/10/1998
DOC-2526,MEDICAL,major depressive disorder
DOC-2526,PHONE,(884) 281-2975
DOC-2527,PERSON,Paul Allen
DOC-2527,DOB,06/14/1955
DOC-2527,SSN,640-58-0225
DOC-2527,PHONE,873-675-4613
DOC-2527,EMAIL,sandra.robinson@outlook.com
DOC-2527,PERSON,Paul Garcia
DOC-2527,PHONE,410-445-5524
DOC-2528,PERSON,Matthew Johnson
DOC-2528,DOB,"December 5, 1990"
DOC-2528,MEDICAL,chronic kidney disease
DOC-2528,EMAIL,paul.martinez30@gmail.com
DOC-2529,PERSON,Linda Wright
DOC-2529,DOB,09/27/1992
DOC-2529,MEDICAL,coronary artery disease
DOC-2530,PERSON,Joshua Garcia
DOC-2530,SSN,114-39-6541
DOC-2530,ADDRESS,"7398 Pine Ln, Clinton, NY 71698"
DOC-2530,EMAIL,david.nguyen@example-health.org
DOC-2531,PERSON,Thomas Hernandez
DOC-2531,SSN,868-13-4335
DOC-2531,ADDRESS,"1600 Elm St, Fairview, OH 33036"
DOC-2531,EMAIL,paul.hill@gmail.com
DOC-2531,PHONE,365-311-7821
DOC-2532,PHONE,981-326-2671
DOC-2532,EMAIL,mary.harris@gmail.com
DOC-2533,PERSON,Margaret Lopez
DOC-2533,DOB,06/05/1973
DOC-2533,MEDICAL,osteoporosis
DOC-2533,EMAIL,lisa.allen@yahoo.com
DOC-2534,PERSON,Mark Walker
DOC-2534,DOB,03/12/1944
DOC-2534,MEDICAL,COPD
DOC-2534,EMAIL,daniel.scott@postbox.io
DOC-2535,PERSON,Barbara Hill
DOC-2535,PHONE,716-872-9227
DOC-2535,PERSON,Mark Thomas
DOC-2537,PERSON,Linda Sanchez
DOC-2537,PHONE,633-850-7745
DOC-2537,PERSON,Emily Harris
DOC-2538,PERSON,William Harris
DOC-2538,ADDRESS,"2010 Hillcrest Blvd, Salem, OR 99238"
DOC-2538,CREDIT_CARD,7584053188658528
DOC-2538,EMAIL,donald.harris@hotmail.com
DOC-2538,PHONE,360-673-4467
DOC-2539,PERSON,Jennifer Nguyen
DOC-2539,MEDICAL,gastroesophageal reflux disease
DOC-2539,MEDICAL,migraine
DOC-2539,PERSON,Nancy Smith
DOC-2540,PERSON,Barbara Taylor
DOC-2540,PHONE,(895) 944-3022
DOC-2540,PERSON,Linda White
DOC-2541,PERSON,Daniel Rodriguez
DOC-2541,PHONE,350-973-3360
DOC-2541,PERSON,Christopher Brown
DOC-2542,PERSON,Matthew Smith
DOC-2542,PHONE,(638) 254-5627
DOC-2542,PERSON,Anthony Jackson
DOC-2543,PERSON,Sarah Williams
DOC-2543,MEDICAL,chronic kidney disease
DOC-2543,EMAIL,christopher.anderson@yahoo.com
DOC-2544,PERSON,Emily Miller
DOC-2544,EMAIL,william.clark94@example-health.org
DOC-2544,PHONE,(336) 593-6060
DOC-2544,PERSON,Christopher Lopez
DOC-2545,PERSON,Betty Allen
DOC-2545,CREDIT_CARD,4709319579965914
DOC-2546,PERSON,Nancy Robinson
DOC-2546,EMAIL,steven.taylor33@citymail.net
DOC-2546,PHONE,(936) 263-2762
DOC-2546,PERSON,Patricia Walker
DOC-2548,PERSON,Joshua Wright
DOC-2548,DOB,"December 21, 1952"
DOC-2548,MEDICAL,psoriasis
DOC-2548,EMAIL,kimberly.brown@gmail.com
DOC-2551,PERSON,Anthony Perez
DOC-2551,DOB,"February 10, 1985"
DOC-2551,SSN,177-97-0179
DOC-2551,ADDRESS,"8835 Main St, Springfield, IL 77159"
DOC-2551,PHONE,755-966-8537
DOC-2551,EMAIL,anthony.martin@outlook.com
DOC-2551,PERSON,Jessica Robinson
DOC-2552,PERSON,Donna Hill
DOC-2552,SSN,463-41-1448
DOC-2552,ADDRESS,"2886 Oak Ave, Springfield, IL 51815"
DOC-2552,PHONE,906-397-7448
DOC-2552,EMAIL,donna.anderson@example-health.org
DOC-2552,PERSON,Christopher Davis
DOC-2552,PHONE,911-555-1114
DOC-2553,PERSON,Michael Brown
DOC-2553,EMAIL,mark.harris99@gmail.com
DOC-2553,PHONE,531-882-9468
DOC-2554,PERSON,Donald Thomas
DOC-2554,CREDIT_CARD,2549 6607 0287 3725
DOC-2555,PERSON,Barbara Walker
DOC-2555,DOB,05/06/1969
DOC-2555,MEDICAL,hypertension
DOC-2555,EMAIL,thomas.hernandez51@outlook.com
DOC-2556,PERSON,Elizabeth Jones
DOC-2556,SSN,235-34-0517
DOC-2556,ADDRESS,"2173 Pine Ln, Clinton, NY 22445"
DOC-2556,PHONE,(689) 819-5330
DOC-2556,EMAIL,karen.wright@outlook.com
DOC-2556,PERSON,Daniel Smith
DOC-2558,PHONE,889-604-0351
DOC-2558,EMAIL,steven.johnson89@postbox.io
DOC-2558,PERSON,Christopher Clark
DOC-2559,PERSON,Elizabeth Brown
DOC-2559,EMAIL,donald.perez@postbox.io
DOC-2559,PHONE,774-909-7285
DOC-2559,PERSON,Elizabeth Martinez
DOC-2560,PERSON,Jennifer Lee
DOC-2560,ADDRESS,"8771 Main St, Springfield, IL 58705"
DOC-2560,CREDIT_CARD,8549146516792126
DOC-2561,PERSON,Thomas Robinson
DOC-2561,EMAIL,jennifer.thomas@citymail.net
DOC-2561,PHONE,533-767-1500
DOC-2561,PERSON,Susan Taylor
DOC-2565,PERSON,Christopher Gonzalez
DOC-2565,DOB,07/25/1994
DOC-2565,SSN,366-12-1259
DOC-2565,ADDRESS,"9299 Hillcrest Blvd, Riverside, CA 72859"
DOC-2565,EMAIL,emily.white@postbox.io
DOC-2566,PERSON,John Martinez
DOC-2566,EMAIL,jennifer.flores@example-health.org
DOC-2566,PHONE,(665) 411-0281
DOC-2567,PHONE,960-672-6021
DOC-2567,PERSON,Karen White
DOC-2568,PERSON,Richard Thomas
DOC-2568,PHONE,223-807-8397
DOC-2568,PERSON,Christopher White
DOC-2569,PERSON,Thomas Garcia
DOC-2569,PHONE,(440) 970-6423
DOC-2569,PERSON,Elizabeth Thompson
DOC-2570,PERSON,Michael Jones
DOC-2570,EMAIL,linda.thomas@yahoo.com
DOC-2572,PERSON,Richard King
DOC-2572,ADDRESS,"9313 Park Ln, Riverside, CA 65412"
DOC-2572,CREDIT_CARD,0208-2896-8181-4338
DOC-2572,PHONE,935-774-0137
DOC-2573,PERSON,Daniel Torres
DOC-2573,DOB,05/17/1988
DOC-2573,SSN,709-84-3043
DOC-2573,ADDRESS,"2480 Lake Rd, Springfield, IL 85603"
DOC-2573,PHONE,241-696-6105
DOC-2573,EMAIL,elizabeth.martinez@example-health.org
DOC-2573,PERSON,Donna Scott
DOC-2573,PHONE,237-292-4934
DOC-2574,PERSON,Patricia Thomas
DOC-2574,DOB,09/28/1974
DOC-2574,SSN,349-45-5314
DOC-2574,ADDRESS,"7550 Cedar Blvd, Madison, WI 84276"
DOC-2574,EMAIL,richard.lopez@yahoo.com
DOC-2574,PHONE,(466) 552-7289
DOC-2575,PERSON,Donald Davis
DOC-2575,DOB,08/02/1946
DOC-2575,SSN,099-42-0232
DOC-2575,EMAIL,nancy.nguyen@hotmail.com
DOC-2575,PHONE,559-733-5484
DOC-2576,PERSON,Betty Jones
DOC-2576,DOB,08/10/1953
DOC-2576,MEDICAL,atrial fibrillation
DOC-2576,EMAIL,mark.sanchez@hotmail.com
DOC-2577,PERSON,Margaret Thompson
DOC-2577,EMAIL,michelle.williams@outlook.com
DOC-2578,PERSON,Susan Gonzalez
DOC-2578,DOB,04/24/1977
DOC-2578,MEDICAL,psoriasis
DOC-2580,PERSON,Nancy Walker
DOC-2580,DOB,09/23/2000
DOC-2581,PERSON,Steven Wright
DOC-2581,PHONE,294-489-9260
DOC-2581,PERSON,Mark Taylor
DOC-2583,PERSON,Sarah Wilson
DOC-2583,EMAIL,joshua.taylor@outlook.com
DOC-2583,PHONE,657-951-1710
DOC-2584,PERSON,Mark Taylor
DOC-2584,MEDICAL,Type 2 diabetes mellitus
DOC-2584,PHONE,(652) 275-2097
DOC-2585,PERSON,Jessica Nguyen
DOC-2585,DOB,08/22/1997
DOC-2585,MEDICAL,Type 2 diabetes mellitus
DOC-2585,MEDICAL,migraine
DOC-2585,PERSON,Michael Taylor
DOC-2586,PERSON,Thomas Allen
DOC-2586,DOB,01/27/1976
DOC-2586,SSN,154-18-0061
DOC-2586,ADDRESS,"8068 Park Ln, Milton, FL 87416"
DOC-2586,EMAIL,kimberly.king@hotmail.com
DOC-2586,PHONE,927-204-1131
DOC-2588,PERSON,Jessica King
DOC-2588,ADDRESS,"1872 Oak Ave, Springfield, IL 34803"
DOC-2588,CREDIT_CARD,6240-8319-5264-6745
DOC-2588,EMAIL,richard.lopez19@citymail.net
DOC-2588,PHONE,536-223-5987
DOC-2590,PERSON,Richard Allen
DOC-2590,CREDIT_CARD,8013-7249-2884-0969
DOC-2591,PERSON,Ashley Rodriguez
DOC-2591,PERSON,Nancy Harris
DOC-2592,PERSON,Richard Robinson
DOC-2592,DOB,01/13/1942
DOC-2592,EMAIL,michelle.clark@example-health.org
DOC-2596,PERSON,David Torres
DOC-2596,EMAIL,lisa.brown@yahoo.com
DOC-2596,PHONE,(450) 383-3189
DOC-2597,PERSON,Barbara Rodriguez
DOC-2597,PERSON,Betty Garcia
DOC-2598,PERSON,Paul Garcia
DOC-2598,DOB,11/28/1977
DOC-2598,SSN,332-25-4991
DOC-2598,PHONE,820-750-1420
DOC-2598,EMAIL,anthony.thomas3@gmail.com
DOC-2598,PERSON,Joshua Miller
DOC-2598,PHONE,(310) 556-4527
DOC-2599,PERSON,Thomas Thompson
DOC-2599,DOB,03/21/1988
DOC-2599,SSN,645-13-8963
DOC-2599,ADDRESS,"8207 Cedar Blvd, Franklin, TN 34964"
DOC-2599,EMAIL,margaret.white19@citymail.net
DOC-2599,PHONE,884-776-3351
DOC-2600,PERSON,Elizabeth Robinson
DOC-2600,SSN,234-12-5704
DOC-2600,ADDRESS,"2240 Park Ln, Salem, OR 52097"
DOC-2600,PHONE,406-454-2704
DOC-2600,PERSON,Richard Johnson
DOC-2600,PHONE,605-769-6968
DOC-2601,PERSON,Christopher Brown
DOC-2601,EMAIL,michael.lee56@citymail.net
DOC-2601,PHONE,333-369-5610
DOC-2601,PERSON,Kimberly Davis
DOC-2603,PERSON,Christopher Thomas
DOC-2603,PHONE,(428) 477-5887
DOC-2603,PERSON,Richard Wright
DOC-2605,PERSON,Richard Taylor
DOC-2605,PHONE,461-253-5581
DOC-2605,PERSON,Margaret Thompson
DOC-2606,PERSON,Karen Torres
DOC-2606,EMAIL,william.johnson@outlook.com
DOC-2606,PHONE,(527) 574-4429
DOC-2607,PERSON,Andrew Perez
DOC-2607,DOB,08/28/2004
DOC-2607,MEDICAL,gastroesophageal reflux disease
DOC-2607,EMAIL,joshua.clark@gmail.com
DOC-2609,PERSON,Daniel Miller
DOC-2609,ADDRESS,"2070 Maple Rd, Riverside, CA 76053"
DOC-2609,EMAIL,charles.gonzalez@example-health.org
DOC-2609,PHONE,241-280-5708
DOC-2610,PERSON,Michelle Martinez
DOC-2610,CREDIT_CARD,8396-2577-4161-6560
DOC-2612,PERSON,Sarah Nguyen
DOC-2612,DOB,03/08/1992
DOC-2612,SSN,206-64-9840
DOC-2612,ADDRESS,"5271 Maple Rd, Ashland, KY 20944"
DOC-2612,EMAIL,ashley.hill@hotmail.com
DOC-2612,PERSON,Mark Jackson
DOC-2612,PHONE,(270) 711-3535
DOC-2613,PERSON,Margaret White
DOC-2613,PHONE,(516) 825-8849
DOC-2613,PERSON,Betty Miller
DOC-2614,PERSON,Mary Wilson
DOC-2614,SSN,290-26-8804
DOC-2614,ADDRESS,"3027 Washington Ave, Madison, WI 28827"
DOC-2614,PHONE,289-667-3665
DOC-2615,PERSON,Richard Clark
DOC-2615,EMAIL,lisa.lewis@outlook.com
DOC-2616,PERSON,Richard Taylor
DOC-2616,EMAIL,donna.taylor44@hotmail.com
DOC-2616,PHONE,(378) 473-4301
DOC-2617,PERSON,Donald Allen
DOC-2617,EMAIL,john.scott@example-health.org
DOC-2617,PHONE,853-979-0277
DOC-2617,PERSON,James Anderson
DOC-2619,PERSON,Anthony Torres
DOC-2619,DOB,"February 2, 1951"
DOC-2619,SSN,014-79-9638
DOC-2619,ADDRESS,"8750 Lake Rd, Fairview, OH 60450"
DOC-2619,EMAIL,susan.scott89@postbox.io
DOC-2619,PHONE,228-464-0900
DOC-2621,PERSON,Donna King
DOC-2621,EMAIL,ashley.white68@outlook.com
DOC-2621,PHONE,938-254-2773
DOC-2621,PERSON,Donna Thomas
DOC-2622,PERSON,Paul Flores
DOC-2622,DOB,06/28/1942
DOC-2622,MEDICAL,chronic kidney disease
DOC-2622,MEDICAL,hypertension
DOC-2622,PERSON,Linda Nguyen
DOC-2622,PHONE,(964) 814-5281
DOC-2625,PERSON,Mark Williams
DOC-2625,EMAIL,patricia.davis43@gmail.com
DOC-2625,PHONE,(922) 448-4431
DOC-2625,PERSON,Linda Ramirez
DOC-2626,PERSON,Mary Lee
DOC-2626,PHONE,270-424-8762
DOC-2627,PERSON,Joseph Davis
DOC-2627,EMAIL,patricia.walker51@example-health.org
DOC-2627,PHONE,(918) 256-7825
DOC-2627,PERSON,James Torres
DOC-2628,PERSON,Ashley Jones
DOC-2628,DOB,12/22/1992
DOC-2628,SSN,883-56-6974
DOC-2628,ADDRESS,"6479 Cedar Blvd, Georgetown, TX 12475"
DOC-2628,EMAIL,anthony.garcia3@citymail.net
DOC-2628,PHONE,(280) 448-2680
DOC-2629,PERSON,Nancy Johnson
DOC-2629,DOB,12/24/1966
DOC-2629,SSN,132-15-6559
DOC-2629,ADDRESS,"5727 Maple Rd, Ashland, KY 79107"
DOC-2629,PHONE,(963) 209-4498
DOC-2629,EMAIL,charles.scott@citymail.net
DOC-2629,PERSON,John Ramirez
DOC-2629,PHONE,(738) 936-9147
DOC-2630,PERSON,Betty King
DOC-2630,CREDIT_CARD,2930 0737 0387 7464
DOC-2631,PERSON,Thomas Hernandez
DOC-2631,CREDIT_CARD,8358-8742-1094-3808
DOC-2632,PERSON,Patricia Wright
DOC-2632,CREDIT_CARD,0753 9398 5676 0044
DOC-2633,PERSON,Steven Smith
DOC-2633,ADDRESS,"6834 Elm St, Georgetown, TX 40317"
DOC-2633,CREDIT_CARD,4716 7804 7805 4459
DOC-2633,PHONE,(310) 493-8951
DOC-2634,PERSON,Joshua Taylor
DOC-2634,DOB,"February 18, 1988"
DOC-2634,SSN,867-20-6294
DOC-2634,EMAIL,michael.young71@hotmail.com
DOC-2634,PHONE,(981) 519-1939
DOC-2635,PERSON,Paul Clark
DOC-2635,DOB,04/11/1983
DOC-2635,MEDICAL,anxiety disorder
DOC-2635,MEDICAL,hypothyroidism
DOC-2635,PERSON,Betty Robinson
DOC-2635,PHONE,(418) 636-0460
DOC-2636,PERSON,Michael Wright
DOC-2636,CREDIT_CARD,5199 6832 7628 9082
DOC-2638,PERSON,Paul Miller
DOC-2638,DOB,07/05/1953
DOC-2638,MEDICAL,anxiety disorder
DOC-2638,MEDICAL,gastroesophageal reflux disease
DOC-2638,PHONE,577-272-1949
DOC-2639,PHONE,(723) 969-6462
DOC-2639,EMAIL,jennifer.king96@gmail.com
DOC-2639,PERSON,Andrew Hernandez
DOC-2640,PERSON,Nancy Scott
DOC-2640,MEDICAL,osteoporosis
DOC-2640,PHONE,861-512-0995
DOC-2641,PERSON,Joseph King
DOC-2641,DOB,07/18/1992
DOC-2641,MEDICAL,COPD
DOC-2641,MEDICAL,atrial fibrillation
DOC-2641,PERSON,Susan Nguyen
DOC-2641,PHONE,(333) 888-5024
DOC-2642,PERSON,Elizabeth Johnson
DOC-2642,PHONE,733-503-2301
DOC-2642,PERSON,Joseph Thompson
DOC-2643,PERSON,Andrew Ramirez
DOC-2643,EMAIL,jennifer.hernandez@yahoo.com
DOC-2643,PHONE,(891) 722-7329
DOC-2645,PERSON,Robert Ramirez
DOC-2645,DOB,06/09/1993
DOC-2645,SSN,425-92-6890
DOC-2645,ADDRESS,"3208 Lake Rd, Springfield, IL 67721"
DOC-2645,PHONE,(249) 650-0770
DOC-2645,EMAIL,patricia.torres48@outlook.com
DOC-2645,PERSON,Donald Thompson
DOC-2645,PHONE,(439) 719-8658
DOC-2646,PERSON,John Walker
DOC-2646,ADDRESS,"8313 Hillcrest Blvd, Riverside, CA 83432"
DOC-2646,EMAIL,steven.robinson9@outlook.com
DOC-2646,PHONE,688-280-5647
DOC-2647,PERSON,Kimberly Perez
DOC-2647,DOB,"January 7, 1944"
DOC-2647,ADDRESS,"7031 Oak Ave, Clinton, NY 36903"
DOC-2647,EMAIL,donna.garcia@postbox.io
DOC-2649,PERSON,Matthew Rodriguez
DOC-2650,PERSON,Richard White
DOC-2650,EMAIL,donna.jones25@outlook.com
DOC-2650,PERSON,Ashley Jackson
DOC-2651,PERSON,Andrew Davis
DOC-2651,DOB,"March 7, 2002"
DOC-2651,SSN,567-76-2584
DOC-2651,ADDRESS,"3100 Cedar Blvd, Milton, FL 69956"
DOC-2651,EMAIL,kimberly.walker@outlook.com
DOC-2651,PERSON,Charles Jackson
DOC-2651,PHONE,227-543-4871
DOC-2653,PERSON,Susan Harris
DOC-2653,DOB,"January 9, 1941"
DOC-2653,SSN,321-48-5600
DOC-2653,EMAIL,ashley.white@yahoo.com
DOC-2653,PHONE,665-412-2722
DOC-2654,PERSON,Jessica Clark
DOC-2654,DOB,01/02/1960
DOC-2654,SSN,797-28-5667
DOC-2654,ADDRESS,"3963 Hillcrest Blvd, Fairview, OH 50891"
DOC-2654,EMAIL,patricia.rodriguez@gmail.com
DOC-2654,PHONE,(720) 789-5810
DOC-2655,PERSON,Ashley Harris
DOC-2655,DOB,05/13/1956
DOC-2655,MEDICAL,atrial fibrillation
DOC-2655,PHONE,(937) 785-9826
DOC-2657,PERSON,Mary White
DOC-2657,ADDRESS,"1723 Main St, Springfield, IL 73630"
DOC-2657,CREDIT_CARD,1953-7281-7740-8987
DOC-2657,EMAIL,andrew.lewis47@yahoo.com
DOC-2657,PHONE,276-896-1924
DOC-2658,PHONE,201-241-9717
DOC-2658,EMAIL,thomas.miller71@hotmail.com
DOC-2658,PERSON,Emily Rodriguez
DOC-2659,PERSON,Mark Perez
DOC-2659,DOB,08/27/1984
DOC-2659,MEDICAL,major depressive disorder
DOC-2660,PERSON,Steven Thomas
DOC-2660,DOB,02/19/1993
DOC-2660,MEDICAL,asthma
DOC-2660,EMAIL,mary.lopez65@citymail.net
DOC-2661,PERSON,Joseph Jones
DOC-2661,DOB,"February 21, 1984"
DOC-2661,MEDICAL,coronary artery disease
DOC-2661,PHONE,(961) 641-5167
DOC-2662,PERSON,Joseph Martinez
DOC-2662,PHONE,(270) 850-1452
DOC-2662,PERSON,Barbara Thomas
DOC-2663,PERSON,Daniel Rodriguez
DOC-2663,MEDICAL,migraine
DOC-2663,MEDICAL,atrial fibrillation
DOC-2663,PHONE,(942) 556-0839
DOC-2664,PERSON,Mary Martin
DOC-2664,MEDICAL,atrial fibrillation
DOC-2664,MEDICAL,hypertension
DOC-2664,PERSON,John Davis
DOC-2664,PHONE,370-715-7464
DOC-2665,PHONE,(310) 814-1527
DOC-2665,EMAIL,sarah.white@gmail.com
DOC-2665,PERSON,Thomas Harris
DOC-2666,PERSON,Nancy Hill
DOC-2666,ADDRESS,"7761 Oak Ave, Franklin, TN 53999"
DOC-2666,EMAIL,john.walker@outlook.com
DOC-2666,PHONE,948-631-3136
DOC-2667,PHONE,662-569-7739
DOC-2667,EMAIL,margaret.rodriguez@gmail.com
DOC-2667,PERSON,Matthew Miller
DOC-2668,PERSON,Steven Jones
DOC-2668,EMAIL,christopher.flores60@gmail.com
DOC-2668,PHONE,209-938-7650
DOC-2669,PERSON,Kimberly Miller
DOC-2669,EMAIL,thomas.martin@postbox.io
DOC-2669,PHONE,804-468-4599
DOC-2670,PERSON,Richard Moore
DOC-2670,DOB,"February 11, 1978"
DOC-2670,MEDICAL,coronary artery disease
DOC-2670,PHONE,787-958-2608
DOC-2671,PERSON,Patricia Garcia
DOC-2671,PHONE,(409) 306-1909
DOC-2674,PERSON,Nancy Smith
DOC-2674,MEDICAL,coronary artery disease
DOC-2674,PHONE,(572) 958-6056
DOC-2675,PERSON,Anthony Miller
DOC-2675,PHONE,(707) 658-2239
DOC-2676,PERSON,Charles Lewis
DOC-2676,DOB,05/17/1942
DOC-2676,ADDRESS,"1450 Maple Rd, Georgetown, TX 42564"
DOC-2676,EMAIL,mark.jackson@postbox.io
DOC-2676,PHONE,700-323-5644
DOC-2677,PERSON,Patricia Garcia
DOC-2677,DOB,01/05/1958
DOC-2677,SSN,809-23-5221
DOC-2677,ADDRESS,"2944 Maple Rd, Madison, WI 16292"
DOC-2677,PHONE,695-875-6972
DOC-2677,EMAIL,andrew.white@outlook.com
DOC-2677,PERSON,Sandra Miller
DOC-2677,PHONE,947-974-8283
DOC-2678,PERSON,Susan Davis
DOC-2678,DOB,02/04/1984
DOC-2678,MEDICAL,asthma
DOC-2679,PERSON,Kimberly Allen
DOC-2679,ADDRESS,"6289 Cedar Blvd, Salem, OR 12816"
DOC-2679,CREDIT_CARD,6171255075849398
DOC-2679,EMAIL,donald.wright@outlook.com
DOC-2679,PHONE,259-760-3231
DOC-2680,PHONE,310-700-5141
DOC-2680,EMAIL,matthew.thomas@example-health.org
DOC-2680,PERSON,James Gonzalez
DOC-2681,PERSON,Charles Anderson
DOC-2681,SSN,404-86-9586
DOC-2681,ADDRESS,"7621 Maple Rd, Ashland, KY 94956"
DOC-2681,EMAIL,william.rodriguez34@hotmail.com
DOC-2681,PHONE,617-292-3589
DOC-2682,PERSON,Ashley Miller
DOC-2682,EMAIL,paul.rodriguez@outlook.com
DOC-2682,PERSON,James Sanchez
DOC-2683,PERSON,Patricia Wilson
DOC-2683,DOB,"May 19, 1996"
DOC-2683,MEDICAL,chronic kidney disease
DOC-2683,PHONE,634-506-5949
DOC-2685,PERSON,Donna Harris
DOC-2685,DOB,10/28/1970
DOC-2685,MEDICAL,hypertension
DOC-2685,PHONE,372-713-2618
DOC-2686,PERSON,Richard Clark
DOC-2686,EMAIL,anthony.king97@outlook.com
DOC-2687,PERSON,Lisa Moore
DOC-2687,EMAIL,andrew.ramirez@hotmail.com
DOC-2687,PHONE,(361) 667-6584
DOC-2687,PERSON,Thomas Jones
DOC-2688,PERSON,Emily Gonzalez
DOC-2688,MEDICAL,psoriasis
DOC-2688,PHONE,(241) 211-5083
DOC-2689,PERSON,Matthew Scott
DOC-2689,PHONE,(385) 476-2310
DOC-2689,PERSON,Michelle Hill
DOC-2690,PERSON,Nancy Hill
DOC-2690,DOB,06/17/1946
DOC-2690,SSN,120-84-5076
DOC-2690,ADDRESS,"4617 Hillcrest Blvd, Franklin, TN 64714"
DOC-2690,EMAIL,charles.davis9@example-health.org
DOC-2691,PERSON,Mark Hernandez
DOC-2691,DOB,09/12/1949
DOC-2691,MEDICAL,hyperlipidemia
DOC-2691,PHONE,340-602-1062
DOC-2693,PERSON,Christopher Lewis
DOC-2693,EMAIL,emily.davis@yahoo.com
DOC-2693,PHONE,(683) 697-0391
DOC-2695,PERSON,Patricia Young
DOC-2695,PHONE,458-428-2349
DOC-2695,PERSON,David Wright
DOC-2696,PERSON,Sarah Martinez
DOC-2696,EMAIL,charles.walker@yahoo.com
DOC-2696,PHONE,(633) 493-7845
DOC-2696,PERSON,Steven Thomas
DOC-2698,PERSON,Sandra Anderson
DOC-2698,DOB,"October 27, 1943"
DOC-2698,MEDICAL,asthma
DOC-2698,PHONE,(948) 727-1366
DOC-2699,PERSON,Elizabeth Johnson
DOC-2699,DOB,"October 16, 1968"
DOC-2699,SSN,633-80-0591
DOC-2699,ADDRESS,"2987 Main St, Milton, FL 90085"
DOC-2699,PHONE,436-617-7253
DOC-2699,EMAIL,paul.white@outlook.com
DOC-2699,PERSON,Nancy Moore
DOC-2699,PHONE,988-952-9733
DOC-2700,PERSON,Mark Anderson
DOC-2700,EMAIL,ashley.wright@yahoo.com
DOC-2700,PHONE,(808) 400-1250
DOC-2700,PERSON,Matthew Perez
DOC-2701,PERSON,Donald Miller
DOC-2701,EMAIL,donald.garcia47@citymail.net
DOC-2701,PHONE,(288) 867-8845
DOC-2701,PERSON,Joseph Anderson
DOC-2703,PERSON,William Williams
DOC-2703,ADDRESS,"3844 Oak Ave, Salem, OR 80787"
DOC-2703,CREDIT_CARD,2260-6868-6630-7090
DOC-2703,PHONE,433-809-8349
DOC-2704,PERSON,Donna Wilson
DOC-2704,EMAIL,kimberly.gonzalez@postbox.io
DOC-2704,PHONE,782-450-2398
DOC-2705,PERSON,Betty Lee
DOC-2705,ADDRESS,"2913 Cedar Blvd, Georgetown, TX 41083"
DOC-2705,EMAIL,nancy.hill@example-health.org
DOC-2705,PHONE,625-995-6141
DOC-2706,PERSON,Paul Martin
DOC-2706,DOB,10/03/1964
DOC-2706,MEDICAL,migraine
DOC-2706,EMAIL,michelle.robinson@postbox.io
DOC-2707,PERSON,Jessica Clark
DOC-2707,PHONE,(879) 836-8061
DOC-2708,PERSON,Joshua Young
DOC-2708,PHONE,727-509-9230
DOC-2708,PERSON,Mary Jackson
DOC-2709,PERSON,Patricia Hill
DOC-2709,DOB,06/07/1979
DOC-2709,PHONE,342-337-3517
DOC-2710,PERSON,Richard Anderson
DOC-2710,PHONE,878-479-5056
DOC-2711,PHONE,(963) 928-6282
DOC-2711,PERSON,Elizabeth Lee
DOC-2712,PERSON,James Martinez
DOC-2712,PHONE,(782) 529-7236
DOC-2713,PERSON,Elizabeth Clark
DOC-2713,EMAIL,karen.jones@outlook.com
DOC-2713,PHONE,(851) 481-2312
DOC-2714,PERSON,Daniel Davis
DOC-2714,SSN,128-13-8871
DOC-2714,ADDRESS,"8891 Pine Ln, Georgetown, TX 77103"
DOC-2714,PHONE,(776) 404-9291
DOC-2714,EMAIL,jessica.miller56@hotmail.com
DOC-2714,PERSON,Thomas Harris
DOC-2714,PHONE,(642) 729-0170
DOC-2715,PHONE,857-764-5341
DOC-2715,EMAIL,matthew.ramirez@example-health.org
DOC-2715,PERSON,David Ramirez
DOC-2716,PERSON,Paul Lopez
DOC-2716,DOB,"December 10, 1982"
DOC-2716,MEDICAL,gastroesophageal reflux disease
DOC-2716,MEDICAL,anxiety disorder
DOC-2716,PERSON,Jessica Jackson
DOC-2716,PHONE,(501) 663-9150
DOC-2717,PERSON,Thomas Lopez
DOC-2717,DOB,05/14/1945
DOC-2717,SSN,233-50-2594
DOC-2717,ADDRESS,"1113 Oak Ave, Salem, OR 54231"
DOC-2717,PERSON,Patricia Martinez
DOC-2717,PHONE,(938) 964-0802
DOC-2718,PERSON,Andrew Flores
DOC-2718,PHONE,(546) 579-5546
DOC-2718,PERSON,Margaret Hernandez
DOC-2719,PHONE,598-660-6248
DOC-2719,EMAIL,margaret.rodriguez82@postbox.io
DOC-2719,PERSON,Robert Clark
DOC-2720,PERSON,Sarah Hernandez
DOC-2720,DOB,05/04/1948
DOC-2720,SSN,242-81-7370
DOC-2720,ADDRESS,"8174 Lake Rd, Ashland, KY 17793"
DOC-2720,PHONE,985-227-0102
DOC-2720,EMAIL,sarah.thompson@citymail.net
DOC-2720,PERSON,Joshua Wilson
DOC-2720,PHONE,548-840-7779
DOC-2721,PHONE,257-332-0639
DOC-2721,EMAIL,robert.lewis@yahoo.com
DOC-2722,PERSON,Robert Perez
DOC-2722,ADDRESS,"3975 Elm St, Milton, FL 18495"
DOC-2722,CREDIT_CARD,9949344991615904
DOC-2722,EMAIL,mark.flores90@yahoo.com
DOC-2722,PHONE,(626) 871-2832
DOC-2724,PERSON,Anthony Torres
DOC-2724,PHONE,(423) 326-4020
DOC-2724,PERSON,Jessica Harris
DOC-2725,PERSON,Sarah White
DOC-2725,DOB,02/13/2005
DOC-2725,MEDICAL,hypothyroidism
DOC-2725,PERSON,Michael Perez
DOC-2725,PHONE,361-850-8263
DOC-2726,PERSON,Margaret Johnson
DOC-2727,PERSON,John Martin
DOC-2727,CREDIT_CARD,7067596500021979
DOC-2729,PERSON,Elizabeth White
DOC-2729,DOB,"July 26, 1948"
DOC-2729,SSN,139-74-0481
DOC-2729,ADDRESS,"1890 Maple Rd, Madison, WI 46016"
DOC-2729,PHONE,383-355-8615
DOC-2729,EMAIL,ashley.jackson50@hotmail.com
DOC-2729,PERSON,Kimberly Thompson
DOC-2729,PHONE,(325) 415-6917
DOC-2730,PERSON,Mark Miller
DOC-2730,DOB,02/04/1974
DOC-2730,SSN,185-88-0666
DOC-2730,PHONE,(498) 269-9559
DOC-2730,EMAIL,betty.hernandez49@postbox.io
DOC-2730,PERSON,Susan Garcia
DOC-2730,PHONE,426-904-4938
DOC-2731,PERSON,Linda Jones
DOC-2731,EMAIL,karen.lopez@gmail.com
DOC-2732,PERSON,Jessica Hernandez
DOC-2732,DOB,"May 12, 2005"
DOC-2732,MEDICAL,asthma
DOC-2732,MEDICAL,hyperlipidemia
DOC-2732,PERSON,Joshua Torres
DOC-2732,PHONE,414-748-7505
DOC-2734,PERSON,Richard Martinez
DOC-2734,DOB,05/02/1958
DOC-2734,MEDICAL,anxiety disorder
DOC-2734,EMAIL,barbara.allen@postbox.io
DOC-2735,PERSON,Ashley Martinez
DOC-2735,DOB,09/27/1949
DOC-2735,SSN,019-65-6868
DOC-2735,ADDRESS,"5577 Elm St, Springfield, IL 65795"
DOC-2735,EMAIL,lisa.white@gmail.com
DOC-2735,PHONE,251-353-7134
DOC-2736,PERSON,Margaret Miller
DOC-2736,DOB,09/14/1949
DOC-2736,MEDICAL,major depressive disorder
DOC-2737,PERSON,Betty Miller
DOC-2737,CREDIT_CARD,6611857001092072
DOC-2738,PERSON,Joseph Wright
DOC-2738,DOB,06/03/1993
DOC-2738,SSN,509-96-3769
DOC-2738,ADDRESS,"8048 Lake Rd, Franklin, TN 32323"
DOC-2738,PHONE,552-803-0465
DOC-2738,EMAIL,richard.thompson79@yahoo.com
DOC-2738,PERSON,Linda Hernandez
DOC-2739,PERSON,Sandra Robinson
DOC-2739,PHONE,(904) 287-0928
DOC-2739,PERSON,David Brown
DOC-2740,PERSON,Christopher Thomas
DOC-2740,EMAIL,christopher.moore51@gmail.com
DOC-2740,PHONE,(834) 627-6295
DOC-2740,PERSON,Richard Brown
DOC-2741,PERSON,Nancy Jones
DOC-2741,ADDRESS,"7562 Hillcrest Blvd, Springfield, IL 74883"
DOC-2741,CREDIT_CARD,8336 8261 4464 5575
DOC-2741,PHONE,638-772-9979
DOC-2744,PERSON,David King
DOC-2744,DOB,"December 28, 1964"
DOC-2744,MEDICAL,migraine
DOC-2744,MEDICAL,Type 2 diabetes mellitus
DOC-2745,PERSON,Linda Martin
DOC-2745,CREDIT_CARD,2900 9401 7749 1923
DOC-2746,PERSON,Mary Lopez
DOC-2747,PERSON,Barbara Jones
DOC-2747,DOB,"August 20, 1957"
DOC-2747,MEDICAL,hypertension
DOC-2747,EMAIL,betty.allen@postbox.io
DOC-2748,PERSON,Richard Miller
DOC-2748,CREDIT_CARD,1135 4925 8674 5643
DOC-2749,PERSON,Elizabeth Flores
DOC-2749,SSN,004-76-4798
DOC-2749,ADDRESS,"4973 Washington Ave, Salem, OR 14396"
DOC-2749,PHONE,(681) 336-4714
DOC-2749,EMAIL,michael.allen62@example-health.org
DOC-2749,PERSON,Joshua Walker
DOC-2749,PHONE,(304) 699-9911
DOC-2750,PERSON,Jessica Lopez
DOC-2750,PHONE,236-511-0928
DOC-2750,PERSON,Jessica Hernandez
DOC-2752,PERSON,Linda Nguyen
DOC-2752,DOB,"October 14, 1996"
DOC-2752,MEDICAL,asthma
DOC-2752,PHONE,(610) 588-8022
DOC-2753,PHONE,(274) 883-2303
DOC-2753,EMAIL,daniel.davis99@postbox.io
DOC-2753,PERSON,Mark Johnson
DOC-2756,PERSON,Jessica Walker
DOC-2756,DOB,02/09/1941
DOC-2756,MEDICAL,gastroesophageal reflux disease
DOC-2756,MEDICAL,psoriasis
DOC-2756,PERSON,Michael White
DOC-2756,PHONE,(738) 863-9959
DOC-2757,PERSON,Anthony Allen
DOC-2757,ADDRESS,"2702 Washington Ave, Clinton, NY 25411"
DOC-2757,CREDIT_CARD,5112-6109-1282-7755
DOC-2757,EMAIL,richard.hill73@citymail.net
DOC-2758,PERSON,William Young
DOC-2759,PERSON,Elizabeth Flores
DOC-2759,PERSON,Nancy Davis
DOC-2761,PERSON,Margaret Hernandez
DOC-2761,SSN,757-90-4815
DOC-2761,PHONE,210-362-7892
DOC-2761,EMAIL,matthew.lopez@hotmail.com
DOC-2762,PERSON,Kimberly Harris
DOC-2762,DOB,10/11/2003
DOC-2762,SSN,294-12-8795
DOC-2762,ADDRESS,"1732 Lake Rd, Clinton, NY 51426"
DOC-2762,EMAIL,lisa.johnson@hotmail.com
DOC-2763,PERSON,Charles Lee
DOC-2763,PHONE,(636) 251-0826
DOC-2763,PERSON,William Martinez
DOC-2764,PERSON,Sandra Wright
DOC-2764,ADDRESS,"8667 Oak Ave, Clinton, NY 98778"
DOC-2764,CREDIT_CARD,0896586146921197
DOC-2764,EMAIL,matthew.wright@hotmail.com
DOC-2764,PHONE,(481) 292-2792
DOC-2765,PERSON,Robert Wright
DOC-2765,EMAIL,patricia.allen@citymail.net
DOC-2765,PHONE,949-733-3792
DOC-2765,PERSON,Christopher Walker
DOC-2766,PERSON,Joseph Perez
DOC-2766,PHONE,368-634-6791
DOC-2766,PERSON,Barbara Williams
DOC-2767,PERSON,William Johnson
DOC-2767,PHONE,(292) 567-0552
DOC-2767,PERSON,Matthew Garcia
DOC-2771,PERSON,Michael Rodriguez
DOC-2771,PHONE,371-413-1272
DOC-2771,PERSON,Thomas Scott
DOC-2772,PERSON,Joshua Lewis
DOC-2772,DOB,03/28/1982
DOC-2772,MEDICAL,psoriasis
DOC-2772,EMAIL,robert.brown@yahoo.com
DOC-2773,PERSON,Barbara Flores
DOC-2773,DOB,10/24/1971
DOC-2773,ADDRESS,"6361 Oak Ave, Georgetown, TX 22197"
DOC-2773,EMAIL,christopher.miller@yahoo.com
DOC-2773,PHONE,(707) 464-9368
DOC-2775,PERSON,Charles Perez
DOC-2775,DOB,09/26/1998
DOC-2775,SSN,851-99-0112
DOC-2775,ADDRESS,"2068 Park Ln, Fairview, OH 88949"
DOC-2775,PHONE,943-763-0474
DOC-2775,EMAIL,joshua.flores@outlook.com
DOC-2775,PHONE,420-331-6385
DOC-2776,PHONE,628-880-6880
DOC-2776,PERSON,Steven Brown
DOC-2777,PERSON,Nancy Lewis
DOC-2777,ADDRESS,"4331 Main St, Georgetown, TX 36609"
DOC-2777,CREDIT_CARD,4917100357058334
DOC-2777,EMAIL,sarah.thomas@outlook.com
DOC-2777,PHONE,702-583-0964
DOC-2778,PERSON,John White
DOC-2778,CREDIT_CARD,1650-6433-0540-6967
DOC-2778,PHONE,667-344-5554
DOC-2779,PERSON,Margaret Young
DOC-2779,EMAIL,jessica.davis@postbox.io
DOC-2779,PHONE,(497) 360-1081
DOC-2780,PERSON,Lisa Miller
DOC-2780,DOB,"February 1, 1969"
DOC-2780,SSN,646-82-8823
DOC-2780,ADDRESS,"8626 Washington Ave, Ashland, KY 66314"
DOC-2780,PHONE,344-430-0156
DOC-2781,PERSON,Margaret Johnson
DOC-2781,PHONE,(403) 312-2529
DOC-2781,PERSON,Michelle Garcia
DOC-2782,PERSON,Michael Perez
DOC-2782,PERSON,William Young
DOC-2783,PHONE,720-393-2148
DOC-2783,EMAIL,christopher.gonzalez@postbox.io
DOC-2783,PERSON,David Torres
DOC-2784,PERSON,Margaret Wright
DOC-2784,EMAIL,mark.williams@yahoo.com
DOC-2784,PHONE,277-576-1422
DOC-2785,PERSON,William Hernandez
DOC-2785,DOB,"May 19, 1993"
DOC-2785,SSN,227-29-7245
DOC-2785,PHONE,(848) 887-5881
DOC-2785,EMAIL,joseph.allen@outlook.com
DOC-2785,PERSON,Donald Ramirez
DOC-2785,PHONE,869-486-9579
DOC-2786,PERSON,Daniel Jackson
DOC-2786,EMAIL,betty.rodriguez@outlook.com
DOC-2786,PHONE,551-434-8245
DOC-2786,PERSON,Daniel Thompson
DOC-2787,PERSON,Susan Hill
DOC-2787,SSN,859-18-3655
DOC-2787,ADDRESS,"3503 Main St, Ashland, KY 28990"
DOC-2787,EMAIL,jennifer.lopez@gmail.com
DOC-2787,PHONE,979-863-7412
DOC-2789,PHONE,277-209-5836
DOC-2789,EMAIL,kimberly.jackson@postbox.io
DOC-2790,PERSON,Elizabeth Martinez
DOC-2790,DOB,"April 20, 1970"
DOC-2790,MEDICAL,anxiety disorder
DOC-2790,PERSON,Margaret Torres
DOC-2792,PERSON,Joshua Flores
DOC-2792,PERSON,Mark Rodriguez
DOC-2793,PERSON,William Martinez
DOC-2793,EMAIL,donald.rodriguez@example-health.org
DOC-2793,PHONE,(528) 806-3667
DOC-2794,PHONE,910-613-7196
DOC-2794,EMAIL,james.gonzalez62@postbox.io
DOC-2794,PERSON,Richard Lewis
DOC-2795,PERSON,Betty White
DOC-2795,DOB,02/06/1944
DOC-2795,SSN,345-71-8622
DOC-2795,EMAIL,michelle.moore79@hotmail.com
DOC-2795,PHONE,237-755-3607
DOC-2796,PERSON,Nancy Torres
DOC-2796,DOB,02/17/1975
DOC-2796,SSN,389-75-0086
DOC-2796,ADDRESS,"8716 Hillcrest Blvd, Milton, FL 78684"
DOC-2796,EMAIL,patricia.nguyen@yahoo.com
DOC-2796,PHONE,220-649-9804
DOC-2797,PERSON,Christopher Rodriguez
DOC-2797,DOB,"January 1, 1981"
DOC-2797,ADDRESS,"3384 Park Ln, Salem, OR 72337"
DOC-2797,EMAIL,anthony.brown@hotmail.com
DOC-2797,PHONE,(730) 685-0919
DOC-2798,PHONE,676-477-3667
DOC-2798,EMAIL,mary.jackson65@example-health.org
DOC-2798,PERSON,Kimberly King
DOC-2799,PERSON,John Wright
DOC-2799,DOB,09/01/2005
DOC-2799,MEDICAL,anxiety disorder
DOC-2799,MEDICAL,osteoporosis
DOC-2799,PERSON,John Anderson
DOC-2799,PHONE,286-799-1995
DOC-2800,PERSON,Patricia Robinson
DOC-2800,PHONE,(761) 906-1620
DOC-2800,PERSON,Mark Robinson
DOC-2801,PERSON,Anthony Martinez
DOC-2801,PHONE,(694) 235-4813
DOC-2801,PERSON,Charles Davis
DOC-2803,PERSON,Jennifer Gonzalez
DOC-2803,EMAIL,patricia.young@outlook.com
DOC-2803,PHONE,(350) 813-0566
DOC-2803,PERSON,Richard Thompson
DOC-2804,PERSON,Susan Brown
DOC-2804,PHONE,708-716-3835
DOC-2804,PERSON,John Clark
DOC-2805,PERSON,Linda Hernandez
DOC-2805,DOB,"April 26, 1964"
DOC-2806,PERSON,Steven Smith
DOC-2806,PHONE,489-256-2630
DOC-2806,PERSON,Anthony Jones
DOC-2807,PERSON,Susan Garcia
DOC-2807,ADDRESS,"8569 Lake Rd, Salem, OR 24391"
DOC-2807,CREDIT_CARD,6214-2765-6570-7622
DOC-2807,EMAIL,linda.clark@gmail.com
DOC-2807,PHONE,894-342-1051
DOC-2808,PERSON,Mary Torres
DOC-2808,PHONE,(460) 974-1053
DOC-2809,PHONE,(822) 730-3842
DOC-2809,EMAIL,joseph.hernandez97@postbox.io
DOC-2809,PERSON,Jessica Harris
DOC-2811,PERSON,James Allen
DOC-2811,PHONE,(304) 613-1502
DOC-2813,PERSON,Steven Johnson
DOC-2813,CREDIT_CARD,3493 1639 3483 5574
DOC-2814,PERSON,Thomas Thomas
DOC-2814,DOB,03/23/1959
DOC-2814,ADDRESS,"8852 Cedar Blvd, Riverside, CA 93144"
DOC-2815,PERSON,Mark Wilson
DOC-2815,DOB,01/03/1954
DOC-2815,MEDICAL,gastroesophageal reflux disease
DOC-2815,PHONE,(444) 959-3370
DOC-2816,PERSON,Donald Anderson
DOC-2816,DOB,"April 4, 1947"
DOC-2816,SSN,583-67-2888
DOC-2816,ADDRESS,"8939 Hillcrest Blvd, Riverside, CA 76855"
DOC-2816,EMAIL,lisa.wright@hotmail.com
DOC-2816,PHONE,(447) 496-3749
DOC-2817,PERSON,Nancy Scott
DOC-2817,CREDIT_CARD,9701 5422 7095 5772
DOC-2818,PERSON,Sarah Anderson
DOC-2818,DOB,"December 25, 1980"
DOC-2818,SSN,864-79-2887
DOC-2818,ADDRESS,"8938 Main St, Riverside, CA 71465"
DOC-2818,EMAIL,ashley.clark58@gmail.com
DOC-2818,PHONE,367-785-4405
DOC-2819,PHONE,861-986-2479
DOC-2819,PERSON,Andrew Nguyen
DOC-2820,PERSON,Daniel White
DOC-2820,CREDIT_CARD,5757 6811 2005 6552
DOC-2821,PERSON,Mark Smith
DOC-2821,DOB,11/12/2000
DOC-2821,SSN,220-39-5766
DOC-2821,ADDRESS,"4787 Park Ln, Franklin, TN 31918"
DOC-2821,PHONE,399-771-4909
DOC-2821,EMAIL,emily.rodriguez32@yahoo.com
DOC-2821,PERSON,Paul Nguyen
DOC-2821,PHONE,(212) 299-7724
DOC-2822,PERSON,Nancy Young
DOC-2822,DOB,03/27/1949
DOC-2822,EMAIL,susan.allen@postbox.io
DOC-2823,PERSON,Christopher Miller
DOC-2823,EMAIL,andrew.perez7@hotmail.com
DOC-2823,PHONE,343-393-4037
DOC-2824,PERSON,Joseph Lee
DOC-2824,SSN,166-88-9598
DOC-2824,ADDRESS,"5664 Hillcrest Blvd, Milton, FL 84513"
DOC-2824,EMAIL,kimberly.wright@example-health.org
DOC-2824,PERSON,Nancy Jones
DOC-2824,PHONE,558-550-6726
DOC-2825,PERSON,Sarah Wright
DOC-2825,PHONE,(824) 311-9892
DOC-2825,PERSON,Michelle Jackson
DOC-2828,PHONE,(421) 302-0335
DOC-2828,EMAIL,barbara.young@yahoo.com
DOC-2829,PHONE,831-856-1114
DOC-2829,EMAIL,margaret.johnson@example-health.org
DOC-2829,PERSON,Karen Garcia
DOC-2830,PERSON,Susan Harris
DOC-2830,DOB,11/03/2005
DOC-2831,PERSON,Sarah Thompson
DOC-2831,DOB,"June 3, 1991"
DOC-2831,MEDICAL,Type 2 diabetes mellitus
DOC-2831,PHONE,680-883-2760
DOC-2832,PERSON,Barbara Walker
DOC-2832,DOB,"June 6, 1952"
DOC-2832,ADDRESS,"6877 Maple Rd, Franklin, TN 36159"
DOC-2832,PHONE,(980) 740-6916
DOC-2832,EMAIL,sandra.davis49@gmail.com
DOC-2832,PERSON,Richard Scott
DOC-2833,PERSON,Nancy Walker
DOC-2833,MEDICAL,COPD
DOC-2833,PHONE,223-261-5387
DOC-2834,PERSON,Margaret Thompson
DOC-2834,EMAIL,nancy.williams@postbox.io
DOC-2834,PHONE,(442) 209-2940
DOC-2834,PERSON,Mary Ramirez
DOC-2835,PHONE,209-467-2564
DOC-2835,EMAIL,steven.lee@yahoo.com
DOC-2835,PERSON,Betty Walker
DOC-2836,PERSON,Christopher Martinez
DOC-2836,DOB,10/08/1948
DOC-2836,MEDICAL,COPD
DOC-2836,PERSON,Matthew Martin
DOC-2836,PHONE,(424) 301-0321
DOC-2837,PERSON,William Smith
DOC-2837,DOB,08/19/1962
DOC-2837,SSN,631-34-4108
DOC-2837,EMAIL,thomas.king@outlook.com
DOC-2837,PHONE,(344) 611-8237
DOC-2838,PERSON,Daniel Robinson
DOC-2838,ADDRESS,"7119 Cedar Blvd, Madison, WI 50768"
DOC-2838,CREDIT_CARD,0968 0120 0390 8196
DOC-2838,PHONE,(540) 503-4732
DOC-2839,PERSON,Donna Clark
DOC-2839,DOB,12/23/1942
DOC-2839,SSN,161-17-9017
DOC-2839,PHONE,(425) 342-2751
DOC-2839,EMAIL,lisa.sanchez@yahoo.com
DOC-2839,PERSON,Joshua Young
DOC-2839,PHONE,630-715-2336
DOC-2840,PERSON,Lisa Johnson
DOC-2840,EMAIL,margaret.thompson@gmail.com
DOC-2840,PHONE,393-788-0494
DOC-2842,PERSON,Kimberly Allen
DOC-2842,PHONE,260-894-2965
DOC-2846,PERSON,Barbara Wilson
DOC-2846,DOB,11/18/1946
DOC-2846,SSN,091-84-1353
DOC-2846,ADDRESS,"9495 Hillcrest Blvd, Springfield, IL 80635"
DOC-2846,PHONE,918-334-7364
DOC-2852,PERSON,Michelle Lopez
DOC-2852,DOB,03/17/1971
DOC-2852,ADDRESS,"3358 Washington Ave, Franklin, TN 13238"
DOC-2852,PHONE,(904) 251-7570
DOC-2853,PERSON,Matthew Wilson
DOC-2853,EMAIL,donna.taylor87@hotmail.com
DOC-2853,PHONE,488-390-2191
DOC-2853,PERSON,Susan Jackson
DOC-2854,PERSON,Emily Wilson
DOC-2854,CREDIT_CARD,0410 5458 9601 9377
DOC-2855,PHONE,(327) 223-7604
DOC-2855,EMAIL,sandra.allen@outlook.com
DOC-2855,PERSON,Christopher Williams
DOC-2856,PERSON,James Lewis
DOC-2856,EMAIL,betty.thompson63@hotmail.com
DOC-2856,PHONE,604-974-7457
DOC-2857,PERSON,Betty Torres
DOC-2857,DOB,07/22/1989
DOC-2857,MEDICAL,hypothyroidism
DOC-2857,PHONE,322-386-0085
DOC-2858,PERSON,Daniel Garcia
DOC-2858,PHONE,(582) 639-5625
DOC-2859,PHONE,(692) 680-9971
DOC-2859,EMAIL,richard.scott31@outlook.com
DOC-2859,PERSON,Patricia Martinez
DOC-2862,PERSON,Jessica Robinson
DOC-2862,ADDRESS,"6911 Pine Ln, Salem, OR 25994"
DOC-2862,CREDIT_CARD,1558 4973 8400 8115
DOC-2862,EMAIL,jennifer.hernandez@citymail.net
DOC-2862,PHONE,690-633-6756
DOC-2863,PERSON,Mark Sanchez
DOC-2863,EMAIL,mary.gonzalez@hotmail.com
DOC-2863,PHONE,654-668-3123
DOC-2863,PERSON,Jessica Thomas
DOC-2864,PERSON,Sandra Rodriguez
DOC-2864,DOB,"October 20, 1947"
DOC-2864,ADDRESS,"2632 Elm St, Riverside, CA 10122"
DOC-2864,EMAIL,nancy.martin@hotmail.com
DOC-2864,PERSON,Patricia Smith
DOC-2865,PERSON,Lisa Gonzalez
DOC-2865,PHONE,551-970-2261
DOC-2865,PERSON,Emily Johnson
DOC-2866,PERSON,Joshua Harris
DOC-2866,ADDRESS,"5209 Maple Rd, Ashland, KY 23883"
DOC-2866,CREDIT_CARD,9447469057923213
DOC-2866,EMAIL,christopher.walker54@example-health.org
DOC-2867,PERSON,Kimberly Harris
DOC-2867,MEDICAL,anxiety disorder
DOC-2867,MEDICAL,gastroesophageal reflux disease
DOC-2867,PERSON,Richard Robinson
DOC-2867,PHONE,904-810-5938
DOC-2868,PHONE,(966) 475-8541
DOC-2868,PERSON,Jennifer Allen
DOC-2869,PERSON,Christopher Nguyen
DOC-2869,ADDRESS,"9158 Elm St, Salem, OR 78581"
DOC-2869,CREDIT_CARD,0835 2627 3827 6067
DOC-2869,EMAIL,betty.martinez@example-health.org
DOC-2869,PHONE,(282) 886-7723
DOC-2870,PERSON,Richard Ramirez
DOC-2870,MEDICAL,atrial fibrillation
DOC-2870,EMAIL,thomas.brown11@citymail.net
DOC-2871,PHONE,(502) 884-1565
DOC-2871,EMAIL,emily.torres17@hotmail.com
DOC-2871,PERSON,Jessica Anderson
DOC-2872,PHONE,(639) 342-4223
DOC-2872,EMAIL,donna.nguyen@hotmail.com
DOC-2872,PERSON,Joseph Nguyen
DOC-2874,PERSON,Mary Flores
DOC-2874,DOB,02/10/1965
DOC-2874,SSN,687-41-4078
DOC-2874,EMAIL,donna.wilson26@gmail.com
DOC-2874,PHONE,761-805-4209
DOC-2875,PERSON,Mary Harris
DOC-2875,DOB,12/03/1998
DOC-2875,SSN,137-97-3606
DOC-2875,ADDRESS,"9593 Lake Rd, Springfield, IL 12117"
DOC-2875,EMAIL,jessica.miller@hotmail.com
DOC-2875,PHONE,(519) 498-3726
DOC-2877,PERSON,Joshua Brown
DOC-2877,EMAIL,jessica.brown@hotmail.com
DOC-2878,PERSON,William Clark
DOC-2878,CREDIT_CARD,7234068877275388
DOC-2879,PERSON,Michael Sanchez
DOC-2879,ADDRESS,"2309 Park Ln, Ashland, KY 36141"
DOC-2879,CREDIT_CARD,7995-3420-5668-0732
DOC-2879,EMAIL,mark.lee@yahoo.com
DOC-2879,PHONE,(836) 975-8832
DOC-2880,PERSON,Michael Smith
DOC-2880,CREDIT_CARD,0199-5009-8726-4629
DOC-2881,PERSON,Thomas Garcia
DOC-2881,CREDIT_CARD,5723974247425896
DOC-2882,PERSON,Matthew Wilson
DOC-2882,EMAIL,linda.sanchez@yahoo.com
DOC-2882,PHONE,858-774-9074
DOC-2882,PERSON,Paul Torres
DOC-2884,PERSON,James Rodriguez
DOC-2884,ADDRESS,"597 Park Ln, Ashland, KY 47995"
DOC-2884,CREDIT_CARD,2698-0878-2534-6703
DOC-2884,EMAIL,steven.perez@postbox.io
DOC-2884,PHONE,(645) 272-6277
DOC-2885,PERSON,Betty Ramirez
DOC-2885,DOB,10/17/1991
DOC-2885,SSN,776-27-2624
DOC-2885,PHONE,(511) 519-6549
DOC-2885,EMAIL,jennifer.robinson73@postbox.io
DOC-2885,PHONE,808-944-6029
DOC-2886,PERSON,John Anderson
DOC-2886,EMAIL,elizabeth.miller88@gmail.com
DOC-2886,PHONE,(916) 586-7753
DOC-2888,PERSON,Emily Jackson
DOC-2888,EMAIL,charles.thompson14@postbox.io
DOC-2888,PHONE,337-714-2807
DOC-2888,PERSON,William Flores
DOC-2889,PERSON,Elizabeth Lee
DOC-2889,DOB,08/10/1981
DOC-2889,SSN,375-89-1778
DOC-2889,ADDRESS,"8281 Cedar Blvd, Georgetown, TX 56097"
DOC-2889,EMAIL,thomas.white@postbox.io
DOC-2889,PERSON,Susan Scott
DOC-2889,PHONE,745-290-8226
DOC-2890,PERSON,Donald Rodriguez
DOC-2890,DOB,08/22/1982
DOC-2890,PHONE,(847) 274-3108
DOC-2892,PERSON,Karen Thompson
DOC-2892,ADDRESS,"6487 Elm St, Salem, OR 88578"
DOC-2892,CREDIT_CARD,9987511948933363
DOC-2892,EMAIL,andrew.ramirez@outlook.com
DOC-2892,PHONE,478-704-1856
DOC-2895,PERSON,Christopher Robinson
DOC-2895,DOB,02/17/1963
DOC-2895,SSN,346-96-3624
DOC-2895,ADDRESS,"1612 Maple Rd, Madison, WI 62699"
DOC-2895,EMAIL,andrew.torres29@citymail.net
DOC-2895,PERSON,Michelle Moore
DOC-2895,PHONE,(553) 858-2669
DOC-2896,PERSON,James Rodriguez
DOC-2896,DOB,11/05/1993
DOC-2896,SSN,354-62-4035
DOC-2896,PHONE,(792) 663-6686
DOC-2896,EMAIL,paul.hernandez@citymail.net
DOC-2896,PERSON,David Scott
DOC-2896,PHONE,(762) 380-6720
DOC-2897,PERSON,Anthony Allen
DOC-2897,SSN,861-76-1501
DOC-2897,ADDRESS,"8052 Maple Rd, Salem, OR 38564"
DOC-2897,PHONE,315-974-7459
DOC-2897,EMAIL,charles.hernandez@example-health.org
DOC-2897,PERSON,Joshua Taylor
DOC-2897,PHONE,393-689-8923
DOC-2898,PERSON,Karen Lewis
DOC-2898,SSN,270-80-9096
DOC-2898,EMAIL,robert.walker83@citymail.net
DOC-2899,PERSON,Andrew Moore
DOC-2899,PHONE,257-419-3324
DOC-2899,PERSON,Andrew Walker
DOC-2900,PERSON,Sarah Nguyen
DOC-2900,DOB,11/18/1944
DOC-2900,SSN,649-77-1545
DOC-2900,ADDRESS,"2407 Cedar Blvd, Ashland, KY 40456"
DOC-2900,EMAIL,michael.miller@postbox.io
DOC-2901,PERSON,Betty Nguyen
DOC-2901,SSN,034-78-5116
DOC-2901,ADDRESS,"8386 Maple Rd, Milton, FL 51050"
DOC-2901,PHONE,(261) 661-7172
DOC-2901,PHONE,(632) 436-6343
DOC-2902,PERSON,Richard Miller
DOC-2902,CREDIT_CARD,9419 4926 5118 5800
DOC-2903,PERSON,Patricia Davis
DOC-2903,DOB,12/08/1978
DOC-2903,SSN,739-86-7775
DOC-2903,ADDRESS,"8632 Cedar Blvd, Springfield, IL 17073"
DOC-2903,PHONE,(619) 527-7714
DOC-2903,PERSON,Anthony Perez
DOC-2903,PHONE,765-514-5921
DOC-2904,PERSON,David Miller
DOC-2904,DOB,12/16/1997
DOC-2904,MEDICAL,hyperlipidemia
DOC-2904,PHONE,390-432-4639
DOC-2905,PERSON,Matthew Lewis
DOC-2905,DOB,"November 1, 1972"
DOC-2905,MEDICAL,major depressive disorder
DOC-2906,PERSON,Emily Taylor
DOC-2906,PERSON,Elizabeth Johnson
DOC-2907,PERSON,Charles Thomas
DOC-2907,ADDRESS,"1086 Lake Rd, Riverside, CA 47562"
DOC-2907,CREDIT_CARD,5826 0960 0750 7972
DOC-2907,EMAIL,david.jones59@gmail.com
DOC-2907,PHONE,622-619-8090
DOC-2908,PERSON,Margaret Thomas
DOC-2908,DOB,07/03/1967
DOC-2908,SSN,601-22-3900
DOC-2908,ADDRESS,"9865 Elm St, Fairview, OH 67085"
DOC-2908,PHONE,572-668-2656
DOC-2908,EMAIL,elizabeth.scott64@gmail.com
DOC-2908,PERSON,Steven Taylor
DOC-2908,PHONE,890-317-4985
DOC-2909,PERSON,John King
DOC-2909,CREDIT_CARD,1460499129363227
DOC-2910,PHONE,701-450-8818
DOC-2910,EMAIL,matthew.walker@example-health.org
DOC-2910,PERSON,Margaret White
DOC-2911,PERSON,Michelle Lewis
DOC-2911,EMAIL,christopher.smith@gmail.com
DOC-2912,PERSON,Ashley Brown
DOC-2912,DOB,"March 24, 1970"
DOC-2912,SSN,304-74-1054
DOC-2912,ADDRESS,"739 Cedar Blvd, Madison, WI 50070"
DOC-2912,PHONE,399-659-4386
DOC-2912,EMAIL,lisa.lewis@hotmail.com
DOC-2912,PHONE,(510) 218-8783
DOC-2914,PERSON,Jessica Walker
DOC-2914,DOB,12/03/1955
DOC-2914,MEDICAL,atrial fibrillation
DOC-2914,PHONE,321-674-0502
DOC-2915,PERSON,Emily Miller
DOC-2915,EMAIL,margaret.nguyen@yahoo.com
DOC-2915,PHONE,918-926-8910
DOC-2916,PERSON,Emily Lewis
DOC-2916,DOB,11/02/1957
DOC-2916,MEDICAL,hyperlipidemia
DOC-2918,PERSON,Paul Brown
DOC-2918,PERSON,Betty Johnson
DOC-2919,PERSON,Susan Wright
DOC-2919,EMAIL,robert.johnson@yahoo.com
DOC-2919,PHONE,(937) 823-9873
DOC-2919,PERSON,Ashley King
DOC-2920,PERSON,Andrew Miller
DOC-2920,SSN,678-88-1804
DOC-2920,ADDRESS,"1597 Washington Ave, Fairview, OH 64918"
DOC-2920,PHONE,756-242-0511
DOC-2920,EMAIL,donald.lopez@yahoo.com
DOC-2920,PERSON,Nancy Walker
DOC-2921,PERSON,Patricia Lee
DOC-2921,SSN,148-38-2147
DOC-2921,ADDRESS,"4439 Elm St, Fairview, OH 36474"
DOC-2921,PHONE,(861) 401-4221
DOC-2921,PERSON,Karen Gonzalez
DOC-2921,PHONE,(207) 344-5423
DOC-2922,PERSON,Karen Young
DOC-2922,DOB,01/20/1969
DOC-2922,MEDICAL,major depressive disorder
DOC-2922,MEDICAL,major depressive disorder
DOC-2922,PERSON,Mary Lewis
DOC-2922,PHONE,(855) 938-9114
DOC-2923,PERSON,John Jones
DOC-2923,DOB,11/02/2004
DOC-2923,SSN,761-61-1368
DOC-2923,ADDRESS,"3583 Cedar Blvd, Madison, WI 73020"
DOC-2923,PHONE,922-534-0393
DOC-2923,PERSON,Lisa Miller
DOC-2923,PHONE,315-604-3871
DOC-2924,PERSON,William Sanchez
DOC-2924,EMAIL,michelle.hill@yahoo.com
DOC-2926,PERSON,Sandra Scott
DOC-2926,DOB,11/13/1985
DOC-2926,MEDICAL,osteoporosis
DOC-2926,MEDICAL,asthma
DOC-2926,PHONE,(415) 238-3640
DOC-2927,PERSON,Patricia Brown
DOC-2927,ADDRESS,"5521 Pine Ln, Franklin, TN 59201"
DOC-2927,CREDIT_CARD,0302 9309 5872 0205
DOC-2927,EMAIL,patricia.johnson@outlook.com
DOC-2927,PHONE,(565) 602-9732
DOC-2928,PERSON,Daniel Anderson
DOC-2928,PHONE,(560) 830-6877
DOC-2928,PERSON,Ashley Clark
DOC-2929,PERSON,Matthew Young
DOC-2929,DOB,09/18/1973
DOC-2929,SSN,593-22-4493
DOC-2929,ADDRESS,"3885 Maple Rd, Springfield, IL 75396"
DOC-2929,EMAIL,lisa.sanchez@gmail.com
DOC-2929,PHONE,516-454-1145
DOC-2930,PERSON,Barbara Wright
DOC-2930,EMAIL,charles.smith69@citymail.net
DOC-2930,PERSON,Anthony Anderson
DOC-2931,PERSON,Jennifer White
DOC-2931,EMAIL,daniel.torres@example-health.org
DOC-2931,PHONE,(688) 232-3085
DOC-2931,PERSON,Linda King
DOC-2932,PERSON,James Rodriguez
DOC-2932,DOB,07/19/1948
DOC-2932,MEDICAL,hypertension
DOC-2932,MEDICAL,hypothyroidism
DOC-2932,PERSON,Emily Jones
DOC-2932,PHONE,(432) 550-6382
DOC-2933,PERSON,Daniel Garcia
DOC-2933,MEDICAL,COPD
DOC-2933,MEDICAL,gastroesophageal reflux disease
DOC-2933,PERSON,Joshua Lopez
DOC-2933,PHONE,678-243-5788
DOC-2934,PHONE,(514) 204-9972
DOC-2934,EMAIL,david.harris@citymail.net
DOC-2934,PERSON,Steven Robinson
DOC-2936,PERSON,Charles King
DOC-2936,PHONE,507-754-9897
DOC-2936,PERSON,Matthew Perez
DOC-2937,PERSON,Jessica Scott
DOC-2937,PHONE,385-948-1963
DOC-2937,PERSON,David Flores
DOC-2938,PHONE,694-530-7044
DOC-2938,EMAIL,anthony.white@citymail.net
DOC-2940,PERSON,Paul Robinson
DOC-2940,CREDIT_CARD,4726-7326-8136-1591
DOC-2941,PERSON,Karen Nguyen
DOC-2941,CREDIT_CARD,5962413245912316
DOC-2942,PERSON,Thomas Anderson
DOC-2942,PERSON,Daniel Brown
DOC-2943,PERSON,Michelle Rodriguez
DOC-2943,DOB,05/19/1964
DOC-2943,MEDICAL,osteoporosis
DOC-2943,PERSON,William Lewis
DOC-2943,PHONE,262-629-0177
DOC-2945,PERSON,Jennifer Miller
DOC-2945,DOB,01/02/1998
DOC-2945,SSN,295-50-6445
DOC-2945,ADDRESS,"494 Main St, Milton, FL 22397"
DOC-2945,PHONE,(363) 970-7731
DOC-2945,EMAIL,donald.hernandez5@citymail.net
DOC-2945,PERSON,Paul Jackson
DOC-2945,PHONE,(216) 360-7287
DOC-2946,PHONE,911-292-6031
DOC-2946,PERSON,Sarah Harris
DOC-2947,PERSON,Joseph Harris
DOC-2947,CREDIT_CARD,7492 8187 1136 3544
DOC-2948,PERSON,Andrew Torres
DOC-2948,PHONE,(930) 291-0296
DOC-2949,PERSON,Betty Lewis
DOC-2949,DOB,07/09/1946
DOC-2949,MEDICAL,chronic kidney disease
DOC-2949,PERSON,Mary Lee
DOC-2949,PHONE,(692) 650-6974
DOC-2950,PERSON,Michael Lewis
DOC-2950,EMAIL,karen.taylor@gmail.com
DOC-2950,PHONE,(449) 980-8635
DOC-2950,PERSON,Christopher Wright
DOC-2951,PERSON,Ashley Walker
DOC-2951,PHONE,(832) 815-8396
DOC-2951,PERSON,Charles Wilson
DOC-2952,PERSON,Betty Davis
DOC-2952,MEDICAL,hypothyroidism
DOC-2952,PERSON,Linda Ramirez
DOC-2952,PHONE,(810) 260-7884
DOC-2953,PERSON,Mary Torres
DOC-2953,EMAIL,steven.hill@example-health.org
DOC-2953,PERSON,Matthew Taylor
DOC-2954,PERSON,Susan Scott
DOC-2954,DOB,03/08/1961
DOC-2954,SSN,470-50-5338
DOC-2954,PHONE,541-826-2163
DOC-2954,EMAIL,mary.jones70@postbox.io
DOC-2954,PERSON,Paul Lewis
DOC-2954,PHONE,355-247-6704
DOC-2955,PERSON,Robert Sanchez
DOC-2955,PHONE,(920) 635-3485
DOC-2955,PERSON,Michelle Perez
DOC-2956,PERSON,Sandra Johnson
DOC-2956,MEDICAL,psoriasis
DOC-2956,PERSON,James Smith
DOC-2956,PHONE,422-736-1259
DOC-2957,PERSON,Paul Lee
DOC-2957,EMAIL,emily.jackson@outlook.com
DOC-2957,PHONE,(607) 270-4512
DOC-2957,PERSON,Mark King
DOC-2958,PERSON,Matthew Hill
DOC-2958,MEDICAL,osteoporosis
DOC-2958,PHONE,(353) 467-6668
DOC-2960,PERSON,Lisa Young
DOC-2960,MEDICAL,atrial fibrillation
DOC-2960,MEDICAL,osteoporosis
DOC-2960,PHONE,359-770-6601
DOC-2961,PERSON,Joshua Williams
DOC-2961,EMAIL,john.gonzalez24@postbox.io
DOC-2961,PHONE,(854) 560-7561
DOC-2961,PERSON,Karen Jackson
DOC-2962,PERSON,Christopher Lewis
DOC-2962,EMAIL,susan.hill29@hotmail.com
DOC-2962,PHONE,(473) 372-6531
DOC-2962,PERSON,Paul Thompson
DOC-2963,PERSON,Susan Torres
DOC-2963,DOB,10/26/1986
DOC-2963,MEDICAL,major depressive disorder
DOC-2963,PERSON,David Smith
DOC-2963,PHONE,682-263-4051
DOC-2964,PERSON,Charles Wright
DOC-2965,PERSON,Susan Johnson
DOC-2965,ADDRESS,"611 Maple Rd, Franklin, TN 40350"
DOC-2965,CREDIT_CARD,7354053340164780
DOC-2965,EMAIL,anthony.williams80@yahoo.com
DOC-2966,PERSON,David Johnson
DOC-2966,DOB,02/12/1990
DOC-2966,MEDICAL,atrial fibrillation
DOC-2966,PHONE,(230) 281-9825
DOC-2967,PHONE,(387) 343-5283
DOC-2967,EMAIL,john.lewis@example-health.org
DOC-2967,PERSON,John Robinson
DOC-2968,PERSON,Sarah Young
DOC-2968,EMAIL,mary.robinson93@gmail.com
DOC-2968,PHONE,629-643-0838
DOC-2969,PERSON,William Garcia
DOC-2969,DOB,12/20/2005
DOC-2969,PHONE,312-642-2554
DOC-2970,PERSON,Donald King
DOC-2970,DOB,04/04/1981
DOC-2970,MEDICAL,hypertension
DOC-2970,EMAIL,william.robinson@yahoo.com
DOC-2972,PERSON,Richard Anderson
DOC-2972,ADDRESS,"5363 Maple Rd, Springfield, IL 38136"
DOC-2972,EMAIL,emily.davis@example-health.org
DOC-2972,PERSON,Sandra Allen
DOC-2972,PHONE,(524) 657-5222
DOC-2973,PERSON,Jessica Brown
DOC-2973,PHONE,777-973-9613
DOC-2973,PERSON,Barbara Hill
DOC-2974,PERSON,John Thompson
DOC-2974,PHONE,(356) 312-6543
DOC-2976,PHONE,(637) 612-1209
DOC-2976,PERSON,Sarah Flores
DOC-2977,PERSON,Barbara Davis
DOC-2977,CREDIT_CARD,6359244450765472
DOC-2978,PERSON,Karen Rodriguez
DOC-2978,DOB,12/17/1980
DOC-2978,SSN,763-47-2376
DOC-2978,ADDRESS,"2746 Maple Rd, Riverside, CA 10164"
DOC-2978,PHONE,(396) 999-7684
DOC-2978,EMAIL,anthony.smith@outlook.com
DOC-2978,PERSON,Christopher Lopez
DOC-2979,PERSON,Joshua Johnson
DOC-2979,DOB,12/11/1971
DOC-2979,ADDRESS,"3912 Cedar Blvd, Georgetown, TX 22735"
DOC-2979,PERSON,Patricia Lewis
DOC-2981,PERSON,Daniel Jackson
DOC-2981,DOB,06/12/2003
DOC-2981,MEDICAL,anxiety disorder
DOC-2981,EMAIL,michelle.king@yahoo.com
DOC-2982,PERSON,Jennifer Torres
DOC-2982,PHONE,904-738-3062
DOC-2982,PERSON,Sandra Davis
DOC-2983,PERSON,Ashley Jackson
DOC-2983,DOB,05/04/1973
DOC-2983,SSN,387-56-7368
DOC-2983,ADDRESS,"7986 Pine Ln, Georgetown, TX 54027"
DOC-2983,EMAIL,joshua.king@example-health.org
DOC-2983,PHONE,(276) 420-2383
DOC-2984,PERSON,Andrew Garcia
DOC-2984,EMAIL,richard.miller@hotmail.com
DOC-2984,PHONE,942-580-2344
DOC-2984,PERSON,Karen Brown
DOC-2985,PERSON,Elizabeth Nguyen
DOC-2985,DOB,08/06/1972
DOC-2985,MEDICAL,hyperlipidemia
DOC-2985,PHONE,(615) 989-3671
DOC-2986,PERSON,Elizabeth Martinez
DOC-2986,DOB,12/14/1996
DOC-2986,MEDICAL,migraine
DOC-2987,PERSON,Donald Thompson
DOC-2987,DOB,01/07/2002
DOC-2987,MEDICAL,Type 2 diabetes mellitus
DOC-2987,EMAIL,michelle.lewis16@postbox.io
DOC-2988,PERSON,Emily Robinson
DOC-2988,SSN,897-50-2209
DOC-2988,PHONE,699-906-5769
DOC-2989,PERSON,Mary Jackson
DOC-2989,CREDIT_CARD,7873 7480 5217 0209
DOC-2990,PERSON,Patricia Lewis
DOC-2990,DOB,02/19/2001
DOC-2990,SSN,508-65-8030
DOC-2990,ADDRESS,"6694 Pine Ln, Riverside, CA 60427"
DOC-2990,PHONE,252-614-4366
DOC-2990,PERSON,Karen Moore
DOC-2990,PHONE,881-339-4700
DOC-2991,PERSON,Jessica Miller
DOC-2991,DOB,06/06/1983
DOC-2991,SSN,277-21-7637
DOC-2991,ADDRESS,"3091 Hillcrest Blvd, Georgetown, TX 21615"
DOC-2991,EMAIL,jennifer.martinez49@gmail.com
DOC-2992,PHONE,(716) 966-9086
DOC-2992,PERSON,Karen Lopez
DOC-2993,PERSON,Christopher Wright
DOC-2993,EMAIL,betty.davis@gmail.com
DOC-2993,PHONE,(266) 842-4210
DOC-2994,PERSON,Matthew Rodriguez
DOC-2994,DOB,06/15/2000
DOC-2994,SSN,247-33-0542
DOC-2994,ADDRESS,"1660 Main St, Madison, WI 24805"
DOC-2994,PHONE,860-892-3656
DOC-2994,EMAIL,emily.flores@example-health.org
DOC-2994,PERSON,Donald Jackson
DOC-2994,PHONE,(752) 210-2765
DOC-2995,PERSON,Betty Flores
DOC-2995,PHONE,734-326-5190
DOC-2995,PERSON,Christopher Ramirez
DOC-2996,PERSON,Barbara Moore
DOC-2996,EMAIL,william.lee@hotmail.com
DOC-2996,PHONE,(583) 730-9704
DOC-2996,PERSON,Richard Thomas
DOC-2997,PERSON,Mark Robinson
DOC-2997,SSN,158-75-0397
DOC-2997,ADDRESS,"8252 Park Ln, Franklin, TN 69904"
DOC-2997,EMAIL,john.martin@postbox.io
DOC-2997,PHONE,900-491-6175
DOC-2998,PERSON,Matthew Jackson
DOC-2998,PHONE,(368) 864-0566
